TotalCharges,MonthlyCharges,tenure,Charges_Internet_Interaction,tenure_group,PaymentMethod_Electronic check,Security_Services_Count,Total_Services,Engagement_Level,InternetService_Fiber optic,gender,PaperlessBilling,Security_Support_Interaction,Partner,Tenure_Contract_Interaction
-0.2636954875185429,-0.5219756496159262,0.1023712383613841,0.0,1,1,1,3,1,0,1,0,0,0,0
-0.5050763977026289,0.3374778078243394,-0.7117434584104956,75.1,1,0,1,2,1,1,1,0,1,1,0
-0.7513279279613255,-0.8090131942822701,-0.7931549280876836,0.0,1,0,3,3,1,0,1,0,2,1,13
-0.17415944911995587,0.2843841579438598,-0.2639803751859618,0.0,1,0,2,5,1,0,0,1,0,1,26
-0.9908220213597513,-0.6762790695810708,-1.2816237461508113,0.0,0,1,0,1,0,0,1,0,0,1,0
1.2696503070511336,0.48348534499565887,1.3642490183577978,0.0,2,0,3,6,2,0,1,1,1,0,66
-1.0016821877423292,-1.497571466169742,-1.2816237461508113,0.0,0,0,0,1,0,0,0,0,0,0,0
0.03356591514317124,-0.27641751891870747,0.30589991255435406,0.0,1,0,1,3,1,0,0,0,0,1,0
0.6606472798842676,-0.17023021915774814,1.3235432835192036,0.0,2,0,1,3,2,0,0,1,1,1,65
1.1164890514616859,0.5183280527297236,1.1200146093262338,0.0,2,0,2,6,2,0,0,0,1,0,0
-0.8840632948595003,-0.1669118660402181,-1.1188008067964355,0.0,0,0,3,4,0,0,0,0,2,0,0
-0.9083286363122905,-0.5153389433808665,-1.1188008067964355,0.0,0,0,1,2,0,0,0,1,1,1,0
-0.9563766451564233,-0.46390447005915153,-1.2409180113122174,0.0,0,0,1,2,0,0,0,0,1,0,0
-0.1326933592955674,0.08860132400959055,-0.10115743583158582,0.0,1,1,4,6,1,0,1,0,2,1,0
0.51408988304463,1.0111034906829266,0.14307697319997809,95.4,1,1,0,4,1,1,1,1,0,1,0
0.6757418141695477,0.1367174442137754,0.9164859351332638,69.05,2,0,0,1,2,1,0,1,0,1,55
0.13637549023157583,0.6576988836659831,-0.06045170099299184,84.75,1,0,2,4,1,1,0,1,1,0,0
-0.5831379572767951,-0.9633166142474143,-0.1825689055087738,0.0,1,1,0,1,1,0,0,1,0,1,0
-0.8669722451382312,-1.5257774676687466,-0.6710377235719016,0.0,1,0,0,1,1,0,1,0,0,0,16
-0.9531076253766171,-1.4859572302583868,-1.0780950719578415,0.0,0,0,0,1,0,0,1,0,0,0,0
-0.036202426466117356,0.695859944517578,-0.22327464034736777,85.9,1,1,2,4,1,1,1,1,1,1,0
-0.36343350039773353,-1.3150620447055927,1.0386031396490458,0.0,2,0,0,2,2,0,1,1,0,0,58
2.3826747530199444,1.326347036848275,1.6084834273893616,104.9,2,0,4,7,2,1,1,1,2,1,72
-0.5885131911429196,-0.9682941439237093,-0.1825689055087738,0.0,1,0,2,2,1,0,0,1,1,0,0
0.462070783058585,0.667653943018573,0.30589991255435406,85.05,1,1,1,3,1,1,1,1,0,1,0
-1.0013750315214078,-1.4743429943470319,-1.2816237461508113,0.0,0,0,0,1,0,0,1,0,0,0,0
-0.829367547805426,0.5000771105833088,-1.1188008067964355,80.0,0,1,0,2,0,1,0,1,0,0,0
-0.9800057344373051,0.14169497389007057,-1.2816237461508113,69.2,0,1,0,1,0,1,0,1,0,0,0
-0.4506219876792784,1.3396204493183947,-0.8338606629262776,105.3,0,1,2,6,0,1,0,1,0,0,0
-0.81142084861159,1.034331962505636,-1.1188008067964355,96.1,0,1,1,4,0,1,1,1,1,0,0
1.6425379592497085,0.7024966507526377,1.5677776925507676,0.0,2,0,4,7,2,0,1,1,2,1,71
-0.9101496339077532,0.39886734049864436,-1.2002122764736234,76.95,0,1,0,2,0,1,1,1,0,0,0
-0.7225868815751091,-1.5025489958460367,-0.10115743583158582,0.0,1,0,0,1,1,0,0,0,0,1,0
-0.7875065428398528,-1.4842980536996218,-0.30468611002455576,0.0,1,0,0,1,1,0,0,1,0,1,0
-0.4263127667663565,-1.3399496930870676,0.7943687306174818,0.0,2,0,0,2,2,0,1,0,0,1,52
1.1286656016482126,1.495583045842304,0.5501343215859179,110.0,1,1,3,7,1,1,0,1,1,0,0
-0.7480150287213875,0.18483356441796028,-0.9559778674420595,70.5,0,1,0,1,0,1,1,1,0,0,0
-0.3239200465492024,0.7273842991341125,-0.5489205190561197,86.85,1,1,0,3,1,1,0,1,0,1,0
-0.7419816029532886,-0.5153389433808665,-0.8338606629262776,0.0,0,1,1,2,0,0,0,1,0,0,0
0.9755262857888307,1.1206091435614158,0.5094285867473239,98.7,1,0,3,6,1,1,1,1,1,1,0
0.606565845272036,1.313073624378155,0.14307697319997809,104.5,1,0,2,6,1,1,0,1,1,1,0
0.6093083115302629,1.0011484313303363,0.22448844287716607,95.1,1,0,2,5,1,1,1,1,0,0,0
-1.0019454645031192,-1.5174815848749215,-1.2816237461508113,0.0,0,0,0,1,0,0,1,0,0,1,0
-0.5550112233324216,1.113972437326356,-0.9152721326034655,98.5,0,1,1,5,0,1,1,1,0,1,0
-0.7649963797923276,-0.6679831867872458,-0.7931549280876836,0.0,1,0,0,1,1,0,1,0,0,1,0
-0.38489055640209957,0.5664441729339085,-0.5896262538947137,0.0,1,0,2,6,1,0,1,1,1,0,0
-0.31132664149142525,-0.6480730680820658,0.18378270803857208,0.0,1,1,2,3,1,0,0,0,2,1,37
-0.9568373794878055,-1.4793205240233267,-1.1188008067964355,0.0,0,0,0,1,0,0,1,0,0,0,0
-0.6525333234749648,0.33250027814804467,-0.8745663977648716,74.95,0,1,1,2,0,1,1,0,0,0,0
1.6975189227946386,1.135541732590301,1.2828375486806096,99.15,2,0,2,5,2,1,1,1,1,0,0
-0.9859952807452722,-0.3112602266527725,-1.2816237461508113,0.0,0,0,0,2,0,0,1,0,0,0,0
0.5137388473635771,0.9148712502745568,0.18378270803857208,92.5,1,1,0,4,1,1,1,1,0,1,0
1.18250569922972,1.3379612727596297,0.631545791263106,105.25,1,0,2,6,1,1,0,1,1,1,0
-0.17681415645791937,0.9828974891839214,-0.5082147842175256,94.55,1,1,0,4,1,1,1,1,0,1,0
-0.22051809874902095,0.15165003324266044,-0.2639803751859618,0.0,1,0,2,5,1,0,0,1,1,0,0
-0.7565276439869234,-1.5108448786398618,-0.10115743583158582,0.0,1,0,0,1,1,0,0,0,0,0,30
0.9983874845174087,0.06537285218688103,1.4863662228735797,0.0,2,0,3,5,2,0,0,1,2,0,69
1.4458482792096856,0.8120023036311275,1.2421318138420157,0.0,2,0,4,8,2,0,1,1,2,1,63
-0.9550602613524745,-1.5125040551986266,-1.1188008067964355,0.0,0,0,0,1,0,0,1,0,0,1,0
-0.66372258580853,-1.4760021709057967,0.26519417771576004,0.0,1,0,0,1,1,0,1,1,0,1,39
-0.8504077489385417,1.2201597370873154,-1.1595065416350294,101.7,0,1,1,5,0,1,1,1,0,0,0
1.6519720431780085,1.2019087949409006,1.1200146093262338,101.15,2,0,1,5,2,1,1,0,0,1,60
-0.12720842677911387,1.273253386967795,-0.5489205190561197,103.3,1,1,2,6,1,1,1,0,1,1,0
-0.5077969242307898,1.2301147964399053,-0.8745663977648716,102.0,0,1,1,5,0,1,0,1,0,1,0
0.38791449543613366,1.1620885575305409,-0.06045170099299184,99.95,1,1,1,5,1,1,0,1,0,0,0
0.05967419392148993,0.642766294637098,-0.10115743583158582,84.3,1,0,3,4,1,1,1,1,1,0,0
-0.4491520257648689,-1.3382905165283026,0.8350744654560759,0.0,2,0,0,2,2,0,1,0,0,0,53
-0.8077788534206649,0.8103431270723621,-1.1188008067964355,89.35,0,1,2,4,0,1,0,1,1,0,0
0.7337065810034283,0.4868036981131887,0.7536629957788878,79.6,2,0,1,3,2,1,1,1,0,0,0
1.7929348088508636,0.8086839505135972,1.5677776925507676,0.0,2,0,4,8,2,0,0,0,2,1,71
-0.3529024299661428,-1.3250171040581826,1.1607203441648277,0.0,2,0,0,2,2,0,0,1,0,0,61
-0.7442194554200017,0.31756768911915967,-0.9966836022806536,74.5,0,1,1,2,0,1,1,1,0,0,0
-0.7607620118896256,-0.3311703453579522,-0.9152721326034655,0.0,0,0,2,3,0,0,1,1,2,1,0
-0.7395682326460491,-0.5004063543519814,-0.8338606629262776,0.0,0,0,1,3,0,0,0,1,0,1,0
0.8609131359250183,-0.03583691789778363,1.3642490183577978,0.0,2,1,1,4,2,0,1,0,1,1,0
-0.3781769990019605,-0.14866092389380306,-0.3453918448631497,0.0,1,0,3,4,1,0,1,0,2,0,0
-0.9072097100789341,-0.2797358720362375,-1.1595065416350294,0.0,0,0,2,3,0,0,0,0,1,1,0
-0.8545104784608488,0.7970697146022425,-1.1595065416350294,88.95,0,1,1,4,0,1,0,1,0,0,0
-0.1255629470241778,-0.30960105009400735,0.1023712383613841,0.0,1,0,2,3,1,0,0,0,1,0,0
0.6474395623846476,0.689223238282518,0.5094285867473239,85.7,1,0,3,4,1,1,0,1,2,0,0
2.122030759838074,1.495583045842304,1.3235432835192036,110.0,2,0,3,7,2,1,1,1,2,0,0
-0.5045279044509835,0.5299422886410788,-0.7524491932490895,80.9,1,0,0,2,1,1,0,1,0,1,0
0.34495650396726973,-0.4722003528529765,1.1607203441648277,0.0,2,0,3,4,2,0,0,1,2,1,0
1.3482164804168133,0.5116913464946635,1.4456604880349857,80.35,2,0,2,3,2,1,1,0,1,1,68
-0.44746266654980127,-0.2382564580671127,-0.38609757970174374,0.0,1,0,3,4,1,0,0,1,2,1,0
0.9683739337873752,0.5515115839050234,0.9164859351332638,81.55,2,1,2,3,2,1,0,1,0,0,0
-0.25643343686675846,-1.3432680462045974,1.4863662228735797,0.0,2,0,0,2,2,0,1,0,0,1,69
-0.7558255726248174,0.5415565245524336,-1.0373893371192475,0.0,0,0,3,6,0,0,0,0,2,1,0
1.504229900914817,0.4685527559667738,1.6084834273893616,79.05,2,0,1,3,2,1,0,0,1,1,72
0.28907601148964146,-0.5053838840282764,1.1607203441648277,0.0,2,0,1,2,2,0,0,1,1,1,0
1.191369350176309,0.5100321699358986,1.2828375486806096,80.3,2,0,2,3,2,1,1,0,1,1,0
0.27573665560962646,0.9380997220972668,-0.019745966154397852,93.2,1,1,0,4,1,1,0,1,0,1,0
-0.9754642103136815,0.4851445215544238,-1.2816237461508113,79.55,0,0,1,3,0,1,0,1,0,0,0
-0.9162927583261811,0.5763992322864984,-1.2002122764736234,82.3,0,0,2,3,0,1,1,1,2,0,0
-0.9881673140217879,-1.4842980536996218,-1.2002122764736234,0.0,0,0,0,1,0,0,1,0,0,0,0
1.6647190263462466,0.6460846477546283,1.6084834273893616,0.0,2,0,3,7,2,0,0,1,2,1,72
-0.665258366913137,-1.1657361544167435,-0.2639803751859618,0.0,1,0,1,1,1,0,0,1,0,0,0
0.6577951149757119,1.1786803231181906,0.26519417771576004,100.45,1,1,2,5,1,1,1,1,1,0,39
-1.0017918863926583,-1.5058673489635668,-1.2816237461508113,0.0,0,0,0,1,0,0,0,0,0,0,0
-1.001813826122724,-1.5075265255223318,-1.2816237461508113,0.0,0,0,0,1,0,0,0,1,0,0,0
1.1695612584908899,0.7954105380434776,0.9571916699718578,88.9,2,0,0,3,2,1,0,0,0,1,0
0.9790805220594924,1.4142833944628193,0.428017117070136,107.55,1,1,2,6,1,1,0,1,1,1,0
-0.999224937974958,-1.3117436915880627,-1.2816237461508113,0.0,0,0,0,2,0,0,0,0,0,0,0
-0.14831444710242703,0.1981069768880804,-0.1418631706701798,0.0,1,0,2,5,1,0,1,0,0,0,0
-0.9293468977153404,0.5664441729339085,-1.2409180113122174,82.0,0,1,1,3,0,1,1,1,0,0,0
1.3860844545104083,0.4868036981131887,1.4456604880349857,79.6,2,0,2,3,2,1,1,0,0,0,0
1.7861115528003957,0.8169798333074222,1.4049547531963917,89.55,2,0,1,4,2,1,1,1,0,1,0
-0.8051460858127673,-1.3283354571757127,-0.5489205190561197,0.0,1,0,0,2,1,0,0,1,0,1,19
0.616855578672903,-0.2714399892424126,1.3642490183577978,0.0,2,0,2,4,2,0,1,1,0,1,66
-0.9535025405178017,-1.1906238027982183,-1.1595065416350294,0.0,0,1,1,1,0,0,0,1,1,1,0
-0.9179382380811171,-1.4992306427285067,-0.9559778674420595,0.0,0,0,0,1,0,0,0,0,0,1,9
1.396637464672065,1.2915043291142099,0.8350744654560759,103.85,2,1,2,6,2,1,1,1,0,1,0
-0.8040490993094765,-1.5075265255223318,-0.38609757970174374,0.0,1,0,0,1,1,0,0,1,0,0,0
1.4515745487568632,1.4474669256381192,0.7129572609402939,108.55,2,1,3,7,2,1,0,0,2,1,0
-0.9437832400986461,0.33250027814804467,-1.2409180113122174,74.95,0,1,1,2,0,1,1,0,0,0,0
-0.45441756098066427,-1.4793205240233267,1.0793088744876398,0.0,2,0,0,1,2,0,0,0,0,1,0
1.3744783373055929,0.6162194696968583,1.2421318138420157,0.0,2,0,3,7,2,0,1,0,1,1,63
-0.20399748200946297,0.2030845065643751,-0.30468611002455576,0.0,1,0,3,5,1,0,0,1,2,1,0
-0.539982508237339,0.5150096996121938,-0.7524491932490895,80.45,1,1,1,3,1,1,0,1,0,0,0
0.880636953254185,0.07035038186317573,1.3235432835192036,0.0,2,0,3,5,2,0,1,0,1,1,0
0.7240311600444045,-0.2780766954774726,1.4863662228735797,0.0,2,0,2,4,2,0,1,0,1,1,69
-0.32334961356749126,0.3026351000902746,-0.4675090493789317,74.05,1,0,1,2,1,1,0,1,0,1,0
0.7508634499148951,0.873391836305432,0.428017117070136,91.25,1,0,3,5,1,1,1,1,2,1,0
1.879179887739579,0.8982794846869069,1.5677776925507676,92.0,2,1,4,6,2,1,1,1,2,1,0
-0.7619686970432453,-1.3134028681468275,-0.5489205190561197,0.0,1,0,0,0,1,0,1,1,0,0,0
-0.6460611031055498,-1.5025489958460367,0.30589991255435406,0.0,1,0,0,1,1,0,0,0,0,0,40
-0.6578866176110235,0.6095827634617982,-0.9559778674420595,83.3,0,1,0,3,0,1,0,1,0,0,0
1.6301420117625236,1.27159421040903,1.0386031396490458,103.25,2,0,2,6,2,1,1,1,0,0,0
-1.0016383082821976,-1.4942531130522119,-1.2816237461508113,0.0,0,0,0,1,0,0,0,0,0,0,0
1.3230516100313248,1.6100662283970886,0.590840056424512,113.45,1,0,4,8,1,1,1,1,2,1,0
1.1469194570629697,0.642766294637098,1.0386031396490458,0.0,2,1,3,7,2,0,0,1,2,1,58
0.7922637205490859,1.2516840917038503,0.30589991255435406,102.65,1,0,2,6,1,1,1,1,0,0,0
0.25206368686861325,0.12178485518489039,0.346605647392948,0.0,1,1,2,5,1,0,0,1,1,0,0
1.944099549004322,1.1936129121470758,1.4049547531963917,100.9,2,0,2,5,2,1,1,1,1,1,0
0.4565858505421315,1.1587702044130104,0.06166550352279012,99.85,1,1,2,5,1,1,1,1,0,0,0
-0.9870922672485629,-1.5207999379924515,-1.2002122764736234,0.0,0,0,0,1,0,0,1,1,0,0,0
2.028677208408035,1.696343409452868,1.1200146093262338,116.05,2,0,4,8,2,1,0,1,2,1,60
-0.6900722016175727,0.9015978378044367,-0.9966836022806536,92.1,0,1,1,4,0,1,0,1,0,0,0
-0.5245149985409401,0.33084110158927976,-0.7117434584104956,74.9,1,0,0,2,1,1,1,1,0,1,0
2.126725862072158,1.233433149557435,1.4456604880349857,102.1,2,0,3,6,2,1,1,1,1,0,68
-0.22508156260271023,-1.3100845150292975,1.5677776925507676,0.0,2,0,0,2,2,0,1,0,0,1,71
0.9759870201202129,0.4934404043482487,1.0386031396490458,79.8,2,0,1,3,2,1,0,1,1,0,0
-0.9940471616794261,-1.5174815848749215,-1.2409180113122174,0.0,0,1,0,1,0,0,1,0,0,0,0
-0.48015286434786414,0.8202981864249524,-0.7524491932490895,89.65,1,0,2,4,1,1,0,1,1,1,0
-0.3551622221629216,-1.461069581876912,1.5677776925507676,0.0,2,0,0,1,2,0,0,1,0,1,71
-0.3892346229551308,1.1819986762357204,-0.7524491932490895,100.55,1,1,1,5,1,1,1,1,0,0,0
-0.8753971014835038,-0.46390447005915153,-1.0780950719578415,0.0,0,0,3,4,0,0,0,0,2,0,0
-0.5402457849981287,0.15165003324266044,-0.7117434584104956,0.0,1,0,3,5,1,0,1,1,1,1,0
1.4460018573201465,1.0824480827098208,0.9978974048104517,97.55,2,0,2,5,2,1,1,1,0,1,0
0.7524650502096993,-0.1254324520710933,1.3642490183577978,0.0,2,0,3,4,2,0,0,1,1,0,66
1.6852107342277167,0.8302532457775423,1.4863662228735797,89.95,2,1,1,4,2,1,1,1,0,1,0
0.6784623406977088,-0.29964599074141746,1.4456604880349857,0.0,2,0,2,3,2,0,0,0,2,1,0
1.2995760988609038,0.9911933719777464,0.9571916699718578,94.8,2,0,1,4,2,1,1,0,1,0,0
0.47968838630143373,1.1322233794727707,0.1023712383613841,99.05,1,1,1,5,1,1,1,1,0,0,0
0.08630902622138828,-0.29135010794759253,0.428017117070136,0.0,1,1,0,2,1,0,0,0,0,1,0
-0.12409298510976832,0.04878108659923111,-0.06045170099299184,0.0,1,0,2,4,1,0,1,1,1,1,0
-0.15235135743453673,-0.21502798624440272,0.020959768684196134,0.0,1,0,3,4,1,0,0,1,1,1,0
-0.9799399152471077,0.14667250356636527,-1.2816237461508113,69.35,0,1,0,1,0,1,1,1,0,0,0
0.9108260218247453,1.1670660872068355,0.46872285190873,100.1,1,0,2,5,1,1,1,0,1,0,44
0.3292695969702127,-0.38094564212090193,0.9978974048104517,0.0,2,1,2,3,2,0,0,0,1,1,0
0.9868033070426591,0.0006649663950462456,1.5270719577121736,0.0,2,0,3,5,2,0,1,0,2,0,0
-1.001353091791342,-1.472683817788267,-1.2816237461508113,0.0,0,0,0,1,0,0,1,0,0,0,0
0.3586249557982719,-0.3212152860053623,0.9164859351332638,0.0,2,0,2,3,2,0,1,1,1,1,55
0.15403697293455612,0.9795791360663916,-0.1418631706701798,94.45,1,1,0,4,1,1,1,1,0,1,0
-0.1179279209612746,-0.13372833486491825,0.020959768684196134,0.0,1,0,2,4,1,0,0,1,1,0,0
-0.8749144274220558,0.33250027814804467,-1.1595065416350294,74.95,0,1,0,2,0,1,1,0,0,1,0
0.21814486418686466,-0.82560495986992,1.5270719577121736,0.0,2,0,1,2,2,0,1,1,1,0,70
-0.6149066864120939,-1.3051069853530026,0.1023712383613841,0.0,1,1,0,2,1,0,1,1,0,0,0
-0.9640336109493924,-0.6331404790531808,-1.2409180113122174,0.0,0,0,0,1,0,0,0,1,0,0,0
-0.6091804168649164,0.8252757161012472,-0.9152721326034655,89.8,0,1,1,4,0,1,1,1,0,1,0
-0.9776362435901972,0.32088604223668943,-1.2816237461508113,74.6,0,0,1,2,0,1,1,0,0,1,0
-0.7431005291866453,-1.477661347464562,-0.06045170099299184,0.0,1,0,0,1,1,0,1,0,0,0,31
0.12867464497847503,0.8485041879239571,-0.10115743583158582,90.5,1,0,1,4,1,1,1,1,1,0,0
1.5234710441825359,0.9397588986560317,1.1200146093262338,93.25,2,1,2,5,2,1,1,1,1,1,0
1.077765427895524,0.06371367562811567,1.6084834273893616,0.0,2,0,3,5,2,0,0,0,2,1,72
-0.9736212729881532,-1.4677062881119718,-1.1595065416350294,0.0,0,0,0,1,0,0,1,1,0,0,0
-0.8853577389333833,0.15330920980142534,-1.1595065416350294,69.55,0,0,0,1,0,1,1,1,0,1,0
0.029156029399942742,1.1471559685016557,-0.30468611002455576,99.5,1,1,2,5,1,1,0,1,0,0,0
1.310765361194469,0.39886734049864436,1.5270719577121736,0.0,2,0,2,6,2,0,1,1,2,1,70
-1.0013969712514739,-1.4760021709057967,-1.2816237461508113,0.0,0,0,0,1,0,0,1,1,0,0,0
-0.8490913651345927,-1.4942531130522119,-0.5489205190561197,0.0,1,0,0,1,1,0,0,0,0,0,0
-1.001813826122724,-1.5075265255223318,-1.2816237461508113,0.0,0,0,0,1,0,0,0,0,0,0,0
-0.9118609328528867,-1.480979700582092,-0.8338606629262776,0.0,0,0,0,1,0,0,0,0,0,1,12
-0.389563718906118,-1.5141632317573919,1.6084834273893616,0.0,2,0,0,1,2,0,1,0,0,0,72
-0.992291983274161,-1.480979700582092,-1.2409180113122174,0.0,0,0,0,1,0,0,0,0,0,0,0
0.34627288777121856,0.8269348926600121,0.06166550352279012,89.85,1,1,2,4,1,1,1,1,0,1,0
-0.40007284960764294,-0.8090131942822701,0.18378270803857208,0.0,1,0,3,3,1,0,1,1,2,0,37
1.238781106848533,0.8269348926600121,1.0386031396490458,89.85,2,0,3,5,2,1,1,1,2,1,0
-0.9903832267584349,-0.6430955384057709,-1.2816237461508113,0.0,0,0,0,1,0,0,1,1,0,0,0
-0.9791062055046067,0.20972121279943517,-1.2816237461508113,71.25,0,1,0,1,0,1,0,1,0,0,0
-0.9882331332119854,-0.4804962356468015,-1.2816237461508113,0.0,0,1,0,2,0,0,1,1,0,0,0
1.0996612785012063,0.10685226615600583,1.6084834273893616,0.0,2,0,4,6,2,0,1,0,2,1,72
-0.8542033222399273,-1.1823279200043932,-0.8338606629262776,0.0,0,0,1,1,0,0,0,1,1,1,0
-0.996526351176863,-1.5075265255223318,-1.2409180113122174,0.0,0,0,0,1,0,0,0,0,0,0,0
-0.6059991560053734,-1.5025489958460367,0.590840056424512,0.0,1,0,0,1,1,0,0,0,0,1,47
-0.8959326888251057,-0.6746198930223056,-1.0780950719578415,0.0,0,0,0,1,0,0,1,1,0,1,0
0.4100297433424742,-0.37596811244460704,1.1200146093262338,0.0,2,1,2,4,2,0,0,0,1,0,60
-0.9385396446129166,0.6261745290494481,-1.2409180113122174,83.8,0,0,1,3,0,1,0,1,0,0,0
0.8795619064809602,0.6278337056082129,0.7536629957788878,0.0,2,0,4,7,2,0,1,1,2,1,51
2.4505123983834416,1.4806504568134191,1.6084834273893616,109.55,2,0,3,7,2,1,0,0,1,1,72
1.6588611184186743,0.6742906492536329,1.6084834273893616,0.0,2,1,3,7,2,0,1,1,1,1,72
-0.459639216736328,-1.3897249898500175,0.7943687306174818,0.0,2,0,0,2,2,0,0,0,0,1,52
1.8444931745055264,0.9380997220972668,1.5677776925507676,0.0,2,0,4,8,2,0,0,0,2,1,71
-0.7154125898435879,-1.3067661619117676,-0.1825689055087738,0.0,1,0,0,2,1,0,0,0,0,1,0
0.4610834952056234,-0.6165487134655309,1.5677776925507676,0.0,2,0,4,4,2,0,1,0,2,1,71
1.9155120807285664,1.1488151450604207,1.4456604880349857,99.55,2,1,2,5,2,1,1,1,2,1,68
-0.9795011206457913,0.17985603474166512,-1.2816237461508113,70.35,0,1,0,1,0,1,1,1,0,0,0
-0.5758320271648791,0.8053655973960674,-0.8745663977648716,89.2,0,1,1,4,0,1,0,1,0,0,0
-0.936587008637059,-0.29135010794759253,-1.2002122764736234,0.0,0,0,2,3,0,0,1,1,0,1,0
1.8498464686415852,1.273253386967795,1.1607203441648277,103.3,2,0,2,6,2,1,0,1,1,1,0
-0.8181782854718608,0.3507512202944595,-1.0780950719578415,75.5,0,1,0,2,0,1,1,1,0,1,0
0.0689766394693952,-0.39255987803225695,0.5501343215859179,0.0,1,1,1,3,1,0,0,0,1,1,0
0.540154282362817,0.17985603474166512,0.7129572609402939,70.35,2,0,0,1,2,1,0,0,0,0,50
2.176156073910437,1.29814103534927,1.4863662228735797,104.05,2,0,3,6,2,1,1,1,1,0,0
0.43633547969138514,0.6792681789299281,0.22448844287716607,0.0,1,0,3,7,1,0,1,1,2,1,38
-0.9180918161915778,0.3092718063253347,-1.2002122764736234,74.25,0,1,0,2,0,1,0,1,0,0,0
1.6783874781772488,0.8186390098661871,1.4456604880349857,89.6,2,0,1,4,2,1,0,1,0,1,0
-0.8084370453226394,-1.464387934994442,-0.30468611002455576,0.0,1,0,0,1,1,0,1,0,0,0,0
-0.2046337341813716,1.1554518512954808,-0.5896262538947137,99.75,1,0,1,5,1,1,0,0,1,1,0
-0.7459746338252669,0.6726314726948681,-1.0373893371192475,85.2,0,0,0,3,0,1,1,1,0,0,0
0.7101871903728758,-0.16525268948145297,1.3235432835192036,0.0,2,0,3,5,2,0,0,0,2,0,65
-0.9099960557972925,-1.5141632317573919,-0.8338606629262776,0.0,0,0,0,1,0,0,0,0,0,0,0
-0.9994882147357478,-1.3316538102932427,-1.2816237461508113,0.0,0,0,0,0,0,0,1,0,0,0,0
-0.857318763909273,-1.5241182911099815,-0.5896262538947137,0.0,1,1,0,1,1,0,1,0,0,0,0
1.3961547906106169,0.665994766459808,1.2828375486806096,0.0,2,0,3,7,2,0,0,1,2,1,64
-0.0411827451910571,0.7207475928990529,-0.2639803751859618,86.65,1,0,2,4,1,1,1,1,1,0,0
-0.8499250748770937,0.8186390098661871,-1.1595065416350294,89.6,0,0,1,4,0,1,0,0,0,0,0
0.6474834418447792,-0.3461029343868372,1.5677776925507676,0.0,2,0,2,3,2,0,1,0,2,1,71
0.27718467779397027,-0.17188939571651304,0.6722515261016999,0.0,2,0,2,4,2,0,0,1,1,0,0
-0.7381640899218371,0.7257251225753476,-1.0373893371192475,86.8,0,1,0,3,0,1,1,1,0,0,0
0.6729774081812553,1.522129870782544,0.1023712383613841,110.8,1,0,4,8,1,1,0,1,2,0,0
-0.979523060375857,0.1781968581829002,-1.2816237461508113,70.3,0,1,0,1,0,1,1,1,0,1,0
-0.756922559128108,0.8086839505135972,-1.0780950719578415,89.3,0,1,0,3,0,1,0,0,0,0,0
-0.054412402420743,0.8451858348064274,-0.30468611002455576,90.4,1,1,0,3,1,1,1,1,0,1,0
-0.6952719176431706,-0.38094564212090193,-0.7931549280876836,0.0,1,0,2,3,1,0,0,0,1,0,0
-0.7935838480680832,-0.3444437578280723,-0.9559778674420595,0.0,0,1,1,3,0,0,1,0,1,0,0
1.6510505745152446,0.6626764133422782,1.6084834273893616,0.0,2,0,3,7,2,0,0,1,2,1,72
-0.28032580290842996,0.45527934349665417,-0.4268033145403377,0.0,1,0,2,6,1,0,1,1,1,1,0
0.15291804670119954,0.5199872292884885,0.020959768684196134,80.6,1,0,2,3,1,1,1,0,1,0,33
-0.5869774100383126,-0.21668716280316785,-0.5896262538947137,0.0,1,0,2,4,1,0,1,1,1,0,0
0.19798225225638166,0.40716322329246935,0.06166550352279012,0.0,1,0,1,5,1,0,1,0,0,1,0
-0.7816266951822146,0.8352307754538371,-1.0780950719578415,90.1,0,1,1,4,0,1,0,1,0,0,0
-0.7771290505187227,-1.456092052200617,-0.3453918448631497,0.0,1,0,0,1,1,0,0,0,0,0,0
-0.376465700056827,0.9430772517735615,-0.7117434584104956,93.35,1,1,0,4,1,1,1,1,0,0,0
1.9353455967080626,1.342938802435925,1.2421318138420157,105.4,2,1,2,6,2,1,1,0,1,0,0
-0.8955597134139868,0.14667250356636527,-1.1595065416350294,69.35,0,1,0,1,0,1,1,0,0,0,0
1.0690114755992643,0.19644780032931503,1.3642490183577978,0.0,2,0,2,5,2,0,0,1,0,1,0
-0.6286628971633592,-1.4793205240233267,0.387311382231542,0.0,1,0,0,1,1,0,0,0,0,1,0
-0.8771084004286372,0.5083729933771337,-1.1595065416350294,80.25,0,1,1,3,0,1,0,1,1,0,0
0.13047370284387175,1.1803394996769556,-0.2639803751859618,100.5,1,0,1,5,1,1,0,1,0,0,0
0.4024385967397025,0.5631258198163787,0.26519417771576004,81.9,1,1,2,3,1,1,1,0,1,0,0
-0.4274975121899105,-1.4959122896109767,1.5270719577121736,0.0,2,0,0,1,2,0,0,0,0,1,70
-0.9405361600489056,-0.32453363912289235,-1.2002122764736234,0.0,0,0,0,2,0,0,1,0,0,0,0
0.9717745919475764,0.680927355488693,0.8350744654560759,85.45,2,0,0,3,2,1,1,0,0,0,0
-0.9709885053802555,-0.6613464805521857,-1.2409180113122174,0.0,0,1,0,1,0,0,0,1,0,1,0
1.2877725240854956,0.3125901594428645,1.6084834273893616,0.0,2,1,4,6,2,0,0,1,2,1,72
1.0606304987141233,-0.004312563281248919,1.6084834273893616,0.0,2,0,4,6,2,0,1,1,2,1,72
-0.9860391602054039,-0.31457857977030224,-1.2816237461508113,0.0,0,1,0,2,0,0,0,1,0,0,0
0.6445435180159602,0.46357522629047915,0.631545791263106,0.0,1,0,3,6,1,0,1,0,1,0,48
1.0407969827346275,0.31756768911915967,1.2421318138420157,0.0,2,0,4,6,2,0,1,0,2,1,63
-0.24921526567510566,-1.3548822821159523,1.6084834273893616,0.0,2,0,0,2,2,0,1,0,0,1,72
0.35697947604333585,-0.3577171702981922,1.0793088744876398,0.0,2,0,1,3,2,0,1,0,0,0,59
-0.5397192314765492,-0.9732716736000042,-0.1418631706701798,0.0,1,0,2,2,1,0,1,0,2,0,0
0.4263967819715713,-0.18682198474539805,0.9978974048104517,0.0,2,0,3,4,2,0,0,1,2,1,0
0.44952125746093946,1.510515634871189,-0.10115743583158582,110.45,1,0,3,7,1,1,0,0,1,0,0
0.15574827187968968,0.16658262227154547,0.22448844287716607,0.0,1,1,4,6,1,0,1,0,2,0,0
-0.8652170667329661,-1.4760021709057967,-0.7117434584104956,0.0,1,0,0,1,1,0,0,0,0,1,0
2.039756772091271,1.152133498177951,1.5677776925507676,99.65,2,0,1,5,2,1,0,1,0,0,0
-0.7168167325678,0.9729424298313315,-1.0373893371192475,94.25,0,1,1,4,0,1,1,1,0,0,0
-0.7641407303197608,-1.5042081724048018,-0.22327464034736777,0.0,1,0,0,1,1,0,0,1,0,0,27
-0.6680666523615613,-1.5207999379924515,0.30589991255435406,0.0,1,0,0,1,1,0,0,0,0,1,40
-0.9726339851351915,0.6991782976351079,-1.2816237461508113,86.0,0,1,1,3,0,1,0,1,0,0,0
1.5964425863814335,0.8933019550106117,1.3235432835192036,91.85,2,0,1,4,2,1,1,1,0,1,0
-0.9747840786816413,0.5365789948761385,-1.2816237461508113,81.1,0,1,0,2,0,1,0,1,0,0,0
-0.9910194789303437,-0.6912116586099555,-1.2816237461508113,0.0,0,1,0,1,0,0,0,1,0,0,0
-0.9902954678381718,-1.4942531130522119,-1.2002122764736234,0.0,0,0,0,1,0,0,0,1,0,1,0
0.28532431764838717,1.1322233794727707,-0.1418631706701798,99.05,1,0,1,5,1,1,0,1,0,1,0
-0.8767134852874526,-1.497571466169742,-0.7117434584104956,0.0,1,0,0,1,1,0,1,0,0,0,0
1.5097587128914023,0.49012205123071895,1.5270719577121736,0.0,2,0,4,7,2,0,0,0,2,1,70
0.03464096191639625,0.9596690173612115,-0.2639803751859618,93.85,1,1,2,5,1,1,0,1,0,1,0
0.48302322527143743,1.0559012577695812,0.1023712383613841,96.75,1,0,4,6,1,1,1,1,2,0,0
1.1630890381214747,0.266133215797445,1.4456604880349857,0.0,2,0,2,5,2,0,1,1,1,1,68
-0.9775046052098022,0.33084110158927976,-1.2816237461508113,74.9,0,1,0,2,0,1,1,1,0,0,0
-1.001484730171737,-1.4826388771408567,-1.2816237461508113,0.0,0,0,0,1,0,0,1,0,0,0,0
1.368181634776704,0.473530285643069,1.4863662228735797,79.2,2,0,1,3,2,1,1,1,0,1,69
-0.9738187305587453,-1.4892755833759168,-1.1595065416350294,0.0,0,0,0,1,0,0,0,0,0,0,0
-0.06421946176016183,0.24954145020979507,-0.06045170099299184,0.0,1,0,4,6,1,0,1,1,2,0,0
1.7484410362773928,1.457421984990709,1.0386031396490458,108.85,2,1,3,7,2,1,1,1,1,1,0
1.6065787416718393,0.8833468956580218,1.3235432835192036,0.0,2,0,4,8,2,0,0,0,2,1,65
0.5528354463408576,0.1599459160364854,0.7536629957788878,0.0,2,0,3,5,2,0,0,1,2,1,0
-1.0019893439632508,-1.5207999379924515,-1.2816237461508113,0.0,0,0,0,1,0,0,0,0,0,0,0
-0.35040130073864,1.2002496183821352,-0.7117434584104956,101.1,1,1,1,5,1,1,1,1,0,1,0
0.13516880507795606,-0.46390447005915153,0.7943687306174818,0.0,2,0,1,2,2,0,0,1,0,1,0
-0.9993346366252871,-1.3200395743818876,-1.2816237461508113,0.0,0,1,0,0,0,0,1,1,0,0,0
-0.9847885955916524,-1.4925939364934466,-1.2002122764736234,0.0,0,0,0,1,0,0,1,0,0,0,0
-0.6894798289057957,-0.33614787503424737,-0.7931549280876836,0.0,1,1,2,3,1,0,0,1,0,0,0
-0.9796327590261861,0.16990097538907525,-1.2816237461508113,70.05,0,1,0,1,0,1,1,1,0,0,0
-0.8280292242714113,0.6610172367835129,-1.1188008067964355,84.85,0,0,1,3,0,1,0,1,0,0,0
-0.1358746201551104,0.37232051555840456,-0.30468611002455576,0.0,1,0,2,5,1,0,0,1,2,0,0
2.2610408895350718,1.512174811429954,1.4863662228735797,110.5,2,0,3,7,2,1,0,1,1,0,69
-0.90628824141617,0.020575085100225963,-1.1595065416350294,0.0,0,0,1,4,0,0,1,0,1,0,0
-0.9826604417752685,-1.477661347464562,-1.2002122764736234,0.0,0,0,0,1,0,0,0,0,0,0,0
-0.9664031017965005,-1.3482455758808924,-1.1188008067964355,0.0,0,0,0,0,0,0,1,0,0,0,0
-0.862869515615924,0.5033954637008385,-1.1595065416350294,80.1,0,1,1,3,0,1,1,1,1,0,0
-0.4758087977948329,0.458597696614184,-0.6710377235719016,78.75,1,1,0,2,1,1,1,1,0,0,0
0.5158231217198294,0.19478862377055015,0.7129572609402939,0.0,2,0,3,5,2,0,0,1,2,0,0
-0.6339723118392863,-0.30130516730018236,-0.6710377235719016,0.0,1,0,2,3,1,0,1,1,1,1,0
1.0142060298948607,1.0111034906829266,0.6722515261016999,95.4,2,0,0,4,2,1,0,1,0,1,0
-0.4344743463508393,-0.3577171702981922,-0.38609757970174374,0.0,1,1,2,3,1,0,1,0,1,0,0
1.0550797470074724,1.1803394996769556,0.590840056424512,100.5,1,1,1,5,1,1,0,1,0,1,0
-0.5476175343002423,-0.5352490620860464,-0.4268033145403377,0.0,1,0,1,2,1,0,0,1,1,0,0
2.158933385808773,1.6067478752795583,1.2828375486806096,113.35,2,1,4,8,2,1,0,0,2,1,0
-0.5979911545313512,-0.5087022371458064,-0.5082147842175256,0.0,1,1,1,2,1,0,1,1,0,1,0
0.8763367661612854,0.6394479415195682,0.7536629957788878,84.2,2,0,2,4,2,1,1,0,1,1,0
-0.6093120552453113,0.2014253300056102,-0.7524491932490895,71.0,1,0,0,1,1,1,0,1,0,0,0
0.2746396691063358,-0.28305422515376755,0.7536629957788878,0.0,2,0,2,4,2,0,0,1,0,0,0
-0.10711163403882824,-0.49045129499939155,0.30589991255435406,0.0,1,0,1,2,1,0,1,1,0,1,0
-0.8416537966422818,1.095721495179941,-1.1595065416350294,97.95,0,1,1,5,0,1,0,1,0,1,0
-0.9707252286194658,-0.5203164730571613,-1.2409180113122174,0.0,0,1,1,3,0,0,1,1,0,0,0
0.8617029662073873,0.42541416543888416,0.9164859351332638,77.75,2,0,1,3,2,1,0,1,0,1,0
0.6365135768118723,-0.15861598324639314,1.2014260790034217,0.0,2,0,3,4,2,0,1,1,1,1,62
-0.9720635521534803,-0.3477621109456021,-1.2409180113122174,0.0,0,0,2,3,0,0,1,1,2,0,0
-0.9862146780459303,-0.3278519922404224,-1.2816237461508113,0.0,0,0,2,3,0,0,1,0,1,0,0
-0.5506452170493246,0.8219573629837174,-0.8745663977648716,89.7,0,0,0,3,0,1,0,0,0,0,0
-0.8270638761485155,0.5913318213153833,-1.1188008067964355,82.75,0,1,2,4,0,1,0,1,1,0,0
-0.6060649751955708,0.1566275629189556,-0.7524491932490895,0.0,1,1,1,4,1,0,0,1,1,0,0
1.9992779701198442,1.1206091435614158,1.5270719577121736,98.7,2,0,3,6,2,1,1,1,1,1,70
-0.24116338474095195,-1.3250171040581826,1.5677776925507676,0.0,2,0,0,2,2,0,0,0,0,1,71
-0.08624695074623903,-0.7011667179625456,0.6722515261016999,0.0,2,0,0,1,2,0,0,0,0,0,0
-0.7760978832056294,-1.4876164068171518,-0.3453918448631497,0.0,1,0,0,1,1,0,1,0,0,1,0
0.1005698507641674,0.0023241429538111433,0.346605647392948,0.0,1,0,1,4,1,0,1,0,0,0,0
-0.853654828988282,-1.1873054496806883,-0.7931549280876836,0.0,1,1,1,1,1,0,0,0,0,0,0
-0.9905587445989615,-0.6563689508758908,-1.2816237461508113,0.0,0,0,0,1,0,0,0,0,0,0,0
0.6948074395967403,0.23792721429843983,0.8757802002946699,0.0,2,0,2,5,2,0,0,0,1,0,0
-0.7780285794514211,0.16658262227154547,-1.0373893371192475,69.95,0,0,0,1,0,1,1,1,0,1,0
1.1909086158449267,0.23792721429843983,1.6084834273893616,0.0,2,0,4,6,2,0,1,0,2,1,72
0.3729296598011826,1.3678264508173998,-0.1825689055087738,106.15,1,1,2,6,1,1,0,1,0,0,0
-0.9097108393064368,-0.46390447005915153,-1.1188008067964355,0.0,0,0,1,3,0,0,0,1,0,0,0
-0.6443717438904821,0.7008374741938728,-0.9152721326034655,86.05,0,0,0,3,0,1,1,1,0,0,0
1.7010950987953664,0.7224067694578178,1.5677776925507676,86.7,2,0,3,4,2,1,1,1,1,1,0
0.1827999590508382,-0.8637660207215148,1.4456604880349857,0.0,2,0,3,3,2,0,0,0,2,0,68
-0.9733360564972975,-0.6430955384057709,-1.2409180113122174,0.0,0,1,0,1,0,0,0,0,0,0,0
1.8115396999466744,1.681410820423983,0.8757802002946699,115.6,2,0,4,8,2,1,0,1,2,1,0
-0.6298915220470449,-0.17520774883404305,-0.7117434584104956,0.0,1,0,2,4,1,0,1,1,1,1,0
-0.967149052618738,-1.185646273121923,-1.2002122764736234,0.0,0,0,1,1,0,0,0,0,0,0,0
1.6085313776476966,0.9215079565096169,1.3235432835192036,92.7,2,0,2,5,2,1,1,1,1,1,65
-0.8629572745361872,-1.4793205240233267,-0.7117434584104956,0.0,1,0,0,1,1,0,0,0,0,1,0
0.14721371688408788,0.9779199595076267,-0.10115743583158582,94.4,1,0,1,4,1,1,0,1,1,0,0
-0.1957920229648485,-1.290174396324118,1.5270719577121736,0.0,2,0,0,2,2,0,0,0,0,0,0
-0.8318028578427312,-1.5008898192872717,-0.5082147842175256,0.0,1,0,0,1,1,0,0,0,0,0,20
-0.9723707083744018,-1.3432680462045974,-1.1595065416350294,0.0,0,1,0,0,0,0,0,1,0,0,0
1.1815622908368903,0.5100321699358986,1.2421318138420157,0.0,2,0,4,7,2,0,0,1,2,0,63
-0.7806613470593188,0.6610172367835129,-1.0780950719578415,84.85,0,1,1,3,0,1,1,1,0,0,0
-0.5291881610449585,-0.8571293144864547,-0.1825689055087738,0.0,1,1,1,2,1,0,0,1,0,1,0
-0.8276343091302266,-1.4909347599346818,-0.5082147842175256,0.0,1,0,0,1,1,0,0,1,0,1,0
-0.9245201571008613,-0.017585975751368575,-1.2002122764736234,0.0,0,0,2,4,0,0,1,1,2,0,0
-0.7498360263168501,-0.4871329418818615,-0.8338606629262776,0.0,0,0,1,2,0,0,1,0,1,0,0
-0.9123216671842689,-0.8272641364286849,-1.1188008067964355,0.0,0,0,3,3,0,0,1,0,2,0,0
-0.38581202506486384,-0.2565074002135275,-0.38609757970174374,0.0,1,0,2,3,1,0,1,0,2,1,0
0.7620527122484603,-0.23659728150834783,1.5270719577121736,0.0,2,0,3,5,2,0,0,0,1,1,70
1.0317139344873805,0.24954145020979507,1.3235432835192036,0.0,2,0,3,6,2,0,1,0,1,1,0
1.6411338165254965,0.6095827634617982,1.6084834273893616,0.0,2,0,3,7,2,0,0,1,2,1,72
-0.9971187238886401,-1.1524627419466233,-1.2816237461508113,0.0,0,1,1,1,0,0,1,0,0,1,0
-0.4285944986932012,-0.8090131942822701,0.06166550352279012,0.0,1,1,1,2,1,0,1,1,1,1,34
-0.08034516335853513,1.0758113764747608,-0.4675090493789317,97.35,1,1,0,4,1,1,0,1,0,0,0
-0.27018964761802394,0.8103431270723621,-0.5489205190561197,89.35,1,0,1,4,1,1,0,1,1,1,0
0.5847138741264855,-0.46058611694162177,1.5270719577121736,0.0,2,0,3,4,2,0,1,1,1,1,0
1.2799839199121317,1.059219610887111,0.9571916699718578,96.85,2,1,2,5,2,1,0,1,1,0,0
-0.9859294615550749,-0.3062826969764773,-1.2816237461508113,0.0,0,0,0,2,0,0,1,1,0,0,0
-0.09941078878572744,-0.3461029343868372,0.22448844287716607,0.0,1,1,2,3,1,0,0,0,1,1,0
-0.8964373026166194,-1.5141632317573919,-0.7931549280876836,0.0,1,0,0,1,1,0,1,0,0,0,0
1.043210353041867,1.1969312652646056,0.5501343215859179,101.0,1,1,1,5,1,1,1,1,0,1,0
-0.41152538870199784,-1.3266762806169474,0.8757802002946699,0.0,2,0,0,0,2,0,1,1,0,1,0
0.5451784805478886,0.18981109409425545,0.631545791263106,70.65,1,0,0,1,1,1,0,1,0,1,0
1.7039253239738563,0.8003880677197722,1.4456604880349857,0.0,2,0,4,8,2,0,0,1,2,1,68
1.194923586446971,0.9845566657426863,0.7943687306174818,94.6,2,0,2,5,2,1,0,0,0,1,0
-0.20434851769051596,-1.3333129868520075,1.5677776925507676,0.0,2,0,0,2,2,0,0,0,0,1,71
-0.9802470714680289,0.12344403174365576,-1.2816237461508113,68.65,0,1,0,1,0,1,0,0,0,0,0
1.0780945238465112,0.3125901594428645,1.2828375486806096,0.0,2,0,4,6,2,0,0,1,2,1,64
-0.05866871005351084,-0.6630056571109506,0.5501343215859179,0.0,1,0,0,1,1,0,0,0,0,0,0
-0.5768631944779723,0.8368899520126024,-0.8745663977648716,90.15,0,1,1,4,0,1,0,0,1,0,0
0.46305807091154666,-0.1270916286298582,0.8350744654560759,0.0,2,1,1,3,2,0,1,1,0,0,0
-0.9931476327467277,-1.4892755833759168,-1.2409180113122174,0.0,0,0,0,1,0,0,0,1,0,0,0
1.5110092775051533,1.1836578527944854,0.9978974048104517,100.6,2,1,1,5,2,1,1,0,0,1,0
0.062153383418926955,-0.31457857977030224,0.428017117070136,0.0,1,1,2,3,1,0,0,0,1,0,0
-0.6394791840858055,-1.4892755833759168,0.46872285190873,0.0,1,0,0,1,1,0,1,0,0,0,44
1.0472033839138448,0.06205449906935077,1.5677776925507676,0.0,2,0,4,6,2,0,0,0,2,1,0
-0.43651474124696005,-0.6779382461398357,-0.10115743583158582,0.0,1,1,0,2,1,0,1,1,0,0,0
-0.8271735747988446,-1.469365464670737,-0.5082147842175256,0.0,1,0,0,1,1,0,1,0,0,1,0
-0.8585912682530902,-1.4892755833759168,-0.5896262538947137,0.0,1,0,0,1,1,0,1,0,0,1,0
0.05473775465668177,0.219676272152025,0.06166550352279012,71.55,1,0,0,1,1,1,1,0,0,1,0
0.32292901498119253,-0.20507292689181286,0.7943687306174818,0.0,2,0,3,5,2,0,0,1,1,0,52
2.165888280239636,1.4325343366092342,1.3642490183577978,108.1,2,0,2,6,2,1,0,0,0,0,0
0.30783448069591246,1.113972437326356,-0.1418631706701798,98.5,1,1,1,5,1,1,1,1,0,1,0
0.44914828204982044,0.49675875746577897,0.346605647392948,0.0,1,0,4,7,1,0,0,0,2,1,0
1.3539208102339249,0.35904710308828447,1.4863662228735797,0.0,2,0,4,6,2,0,1,1,2,1,69
0.15730599271436235,0.6759498258123978,-0.019745966154397852,85.3,1,1,0,3,1,1,1,0,0,1,0
-0.7218628704829372,0.16990097538907525,-0.9559778674420595,70.05,0,0,0,1,0,1,1,0,0,0,0
-0.9771974489888808,-1.1640769778579783,-1.2409180113122174,0.0,0,0,1,1,0,0,1,0,1,0,0
-0.6655874628641243,-1.4859572302583868,0.18378270803857208,0.0,1,0,0,1,1,0,1,0,0,0,0
-0.18262818492536007,-0.5667734167025811,0.26519417771576004,0.0,1,1,1,2,1,0,0,1,1,0,0
-0.72530740810327,0.7174292397815226,-0.9966836022806536,86.55,0,1,0,3,0,1,1,1,0,0,0
-0.9667321977474876,-1.472683817788267,-1.1188008067964355,0.0,0,1,0,1,0,0,1,0,0,1,0
-0.4498102176668433,-0.48381458876433153,-0.2639803751859618,0.0,1,0,1,3,1,0,0,1,0,0,0
1.1381216253065785,0.5100321699358986,1.2421318138420157,80.3,2,0,2,3,2,1,1,1,0,1,0
1.512610877799958,1.1770211465594258,1.0386031396490458,100.4,2,0,1,5,2,1,0,1,1,1,0
-0.3875452637400631,-1.452773699083087,1.6084834273893616,0.0,2,0,0,1,2,0,0,1,0,0,72
0.9558682876498612,0.17487850506537042,1.2828375486806096,0.0,2,0,3,5,2,0,0,1,2,0,64
-0.43717293314893446,-1.3183803978231226,0.7129572609402939,0.0,2,1,0,2,2,0,0,0,0,1,0
-0.804465954180727,-0.2233238690382277,-0.9966836022806536,0.0,0,0,3,4,0,0,0,0,2,0,0
-0.9758591254548662,0.45527934349665417,-1.2816237461508113,78.65,0,1,0,2,0,1,0,0,0,0,0
-0.8199554036071917,0.18649274097672516,-1.0780950719578415,70.55,0,0,0,1,0,1,0,0,0,0,0
1.277987404476143,0.5830359385215584,1.3235432835192036,0.0,2,0,3,7,2,0,0,1,2,1,65
-0.7027533655956132,-0.3577171702981922,-0.7931549280876836,0.0,1,0,2,3,1,0,0,0,2,1,0
1.2382545533269536,1.4806504568134191,0.590840056424512,109.55,1,1,3,7,1,1,1,1,1,1,0
-0.924673735211322,-0.3527396406218973,-1.1595065416350294,0.0,0,1,0,2,0,0,1,0,0,0,0
-0.44520287435302236,-1.3266762806169474,0.7536629957788878,0.0,2,0,0,2,2,0,0,0,0,0,51
-0.37736522898952546,-0.6663240102284806,0.06166550352279012,0.0,1,1,2,3,1,0,1,1,1,1,0
0.4691353761397771,0.8319124223363072,0.18378270803857208,90.0,1,1,2,4,1,1,0,0,1,1,0
-0.684016836119408,0.8402083051301322,-0.9966836022806536,90.25,0,1,1,4,0,1,0,1,1,1,0
0.6427444601505635,1.1620885575305409,0.26519417771576004,99.95,1,0,1,5,1,1,0,1,1,1,0
-0.9657668496245917,-0.3577171702981922,-1.2409180113122174,0.0,0,0,1,3,0,0,0,0,0,0,0
-0.9920067667833053,-1.4793205240233267,-1.2409180113122174,0.0,0,0,0,1,0,0,0,0,0,1,0
0.2653591632884964,0.04380355692293595,0.428017117070136,0.0,1,0,3,5,1,0,1,0,2,1,0
-0.9666005593670927,1.1554518512954808,-1.2816237461508113,99.75,0,1,1,5,0,1,1,1,0,0,0
1.023157439761713,1.1537926747367158,0.5094285867473239,99.7,1,0,1,5,1,1,1,0,0,0,45
-0.9792817233451332,0.19644780032931503,-1.2816237461508113,70.85,0,0,0,1,0,1,1,0,0,1,0
-0.9881014948315904,-0.4705411762942116,-1.2816237461508113,0.0,0,0,0,2,0,0,1,0,0,0,0
0.0909821887254065,0.680927355488693,-0.10115743583158582,85.45,1,1,0,3,1,1,1,0,0,1,0
0.31112544020578453,-0.6928708351687206,1.5270719577121736,0.0,2,0,2,3,2,0,1,1,0,0,0
2.0128367233005178,1.3180511540544502,1.2828375486806096,104.65,2,0,2,6,2,1,1,1,1,0,0
-0.8223687739144312,-1.3216987509406526,-0.5896262538947137,0.0,1,0,0,2,1,0,0,0,0,1,18
-0.6917615608326404,-1.497571466169742,0.18378270803857208,0.0,1,0,0,1,1,0,1,0,0,1,37
1.1483674792473135,0.018915908541461066,1.6084834273893616,0.0,2,0,4,6,2,0,0,0,2,1,72
0.013710459433609549,-0.4655636466179167,0.5094285867473239,0.0,1,0,1,3,1,0,0,1,1,1,0
1.0170362550733505,0.5415565245524336,0.9571916699718578,0.0,2,0,4,7,2,0,0,0,2,1,56
0.14515138225790145,0.6610172367835129,-0.06045170099299184,84.85,1,1,0,3,1,1,0,1,0,1,0
-0.4641588011298857,-1.4925939364934466,1.2014260790034217,0.0,2,0,0,1,2,0,1,0,0,1,0
-0.07385100325905411,-1.1657361544167435,1.4863662228735797,0.0,2,0,1,1,2,0,1,1,0,1,0
-0.9731824783868369,-1.477661347464562,-1.1595065416350294,0.0,0,0,0,1,0,0,0,1,0,0,0
-0.4534960923179001,-1.4925939364934466,1.3642490183577978,0.0,2,0,0,1,2,0,1,0,0,0,66
1.1275905548749878,0.14169497389007057,1.5270719577121736,0.0,2,0,2,5,2,0,0,1,1,1,70
2.337566668004631,1.3545530383472797,1.6084834273893616,105.75,2,0,2,6,2,1,0,1,0,1,0
0.3146577367463805,-0.4058332905023768,0.9571916699718578,0.0,2,0,2,3,2,0,1,0,1,0,0
-0.5210485211905415,1.0144218438004564,-0.8338606629262776,95.5,0,0,1,4,0,1,0,0,0,0,0
-0.9793256028052648,0.19312944721178524,-1.2816237461508113,70.75,0,0,0,1,0,1,0,0,0,0,0
0.9762502968810024,1.6449089361311533,0.346605647392948,114.5,1,0,4,8,1,1,0,1,2,0,0
-0.984240102340007,-0.1785261019515731,-1.2816237461508113,0.0,0,0,1,3,0,0,1,1,1,0,0
-0.9029534024461661,-1.5025489958460367,-0.7931549280876836,0.0,1,1,0,1,1,0,0,0,0,0,0
-0.10180221936290129,0.6245153524906832,-0.2639803751859618,83.75,1,1,0,3,1,1,1,1,0,1,0
-0.4556461858643498,0.48348534499565887,-0.6710377235719016,79.5,1,0,1,3,1,1,0,1,1,0,0
-0.927394261739483,-0.34112540471054226,-1.2002122764736234,0.0,0,0,0,2,0,0,1,0,0,0,0
0.7662870801511622,0.17156015194784016,1.0386031396490458,0.0,2,0,3,5,2,0,1,0,1,0,58
1.7770285045531484,0.8020472442785371,1.6084834273893616,0.0,2,0,4,8,2,0,0,0,2,1,72
-0.46685738792798076,-1.4511145225243218,0.9571916699718578,0.0,2,0,0,1,2,0,1,1,0,0,0
-0.9798082768667127,0.1566275629189556,-1.2816237461508113,69.65,0,1,0,1,0,1,1,1,0,0,0
-0.1953971078236639,-0.3709905827683121,0.020959768684196134,0.0,1,0,2,3,1,0,0,1,1,1,0
-0.4570503285885619,0.9580098408024466,-0.7931549280876836,93.8,1,0,2,5,1,1,1,0,1,1,0
1.156945913703047,0.7290434756928779,0.9978974048104517,86.9,2,1,0,3,2,1,1,1,0,0,0
-0.3793617444255145,0.3275227484717495,-0.5896262538947137,74.8,1,1,1,2,1,1,0,0,1,1,0
0.8647964681466671,1.2218189136460804,0.387311382231542,101.75,1,1,1,5,1,1,1,1,0,0,0
0.013359423752556644,0.2611556861211498,-0.019745966154397852,0.0,1,0,2,5,1,0,1,1,2,1,0
-0.7313408338713688,-1.464387934994442,0.06166550352279012,0.0,1,0,0,1,1,0,1,0,0,1,0
1.9837007617731164,1.3379612727596297,1.2828375486806096,105.25,2,1,2,6,2,1,1,1,1,1,64
-0.6426823846754144,0.38393475146975936,-0.8745663977648716,76.5,0,1,0,2,0,1,0,1,0,0,0
1.1166206898420807,1.1919537355883103,0.6722515261016999,100.85,2,0,1,5,2,1,0,1,1,1,0
-0.17655087969712963,0.6261745290494481,-0.38609757970174374,83.8,1,1,3,4,1,1,0,0,1,1,0
0.6605595209640045,0.12676238486118555,0.9571916699718578,0.0,2,0,2,5,2,0,0,1,1,1,0
-0.8079543712611915,-1.5224591145512167,-0.30468611002455576,0.0,1,0,0,1,1,0,0,0,0,0,0
-0.8474020059195251,-0.7160993069914304,-0.9966836022806536,0.0,0,0,2,3,0,0,1,1,0,1,0
-0.012156482313985107,-0.07565715530814353,0.06166550352279012,0.0,1,1,3,5,1,0,0,0,2,1,0
-0.9296101744761301,-1.2802193369715278,-1.0780950719578415,0.0,0,0,0,2,0,0,1,0,0,0,0
0.07349622386295276,1.29814103534927,-0.38609757970174374,104.05,1,0,2,6,1,1,1,1,1,0,0
-0.5375691379300994,-0.9799083798350643,-0.06045170099299184,0.0,1,0,2,2,1,0,1,0,2,1,0
-0.8207013544294294,-0.9765900267175343,-0.8338606629262776,0.0,0,0,2,2,0,0,1,0,1,1,0
-0.8700218676173793,0.505054640259604,-1.1595065416350294,80.15,0,1,1,3,0,1,0,1,1,0,0
1.7168917044427525,1.1819986762357204,1.2421318138420157,100.55,2,1,3,6,2,1,0,1,1,1,0
-0.9933450903173199,-1.5025489958460367,-1.2409180113122174,0.0,0,0,0,1,0,0,1,1,0,0,0
-0.3517615640027204,-1.4743429943470319,1.5677776925507676,0.0,2,0,0,1,2,0,0,0,0,1,71
0.45544498457870924,0.7920921849259474,0.18378270803857208,88.8,1,1,1,4,1,1,0,1,0,1,0
-0.9905587445989615,-0.6563689508758908,-1.2816237461508113,0.0,0,1,0,1,0,0,0,0,0,0,0
-0.9482150655719405,0.17156015194784016,-1.2409180113122174,70.1,0,1,0,1,0,1,1,0,0,1,0
-0.7573394139993584,0.5365789948761385,-1.0373893371192475,81.1,0,1,0,2,0,1,0,1,0,1,0
1.1972053183738156,0.3042942766490395,1.4863662228735797,0.0,2,0,3,6,2,0,1,0,2,0,69
-0.35614951001588324,0.44200593102653407,-0.5489205190561197,78.25,1,1,2,3,1,1,1,1,0,0,0
-0.16154410433211283,1.3827590398462843,-0.5489205190561197,106.6,1,1,3,6,1,1,0,1,2,0,0
1.7233639248121677,0.7356801819279375,1.6084834273893616,0.0,2,0,4,8,2,0,1,1,2,1,72
0.27670200373252224,1.1172907904438856,-0.1418631706701798,98.6,1,0,1,5,1,1,0,1,0,0,0
-0.9545995270210924,-0.6613464805521857,-1.2002122764736234,0.0,0,1,0,1,0,0,0,0,0,0,0
-0.7551235012627112,-0.4622452935003867,-0.8745663977648716,0.0,0,0,1,2,0,0,0,0,1,1,0
-0.18339607547766357,-0.18184445506910288,0.020959768684196134,0.0,1,0,3,5,1,0,0,1,1,0,0
2.0040169518140605,1.0874256123861161,1.6084834273893616,97.7,2,0,1,5,2,1,0,1,0,1,72
-0.9690578091344638,-1.4892755833759168,-1.1188008067964355,0.0,0,0,0,1,0,0,1,0,0,0,0
0.1529619261613311,-0.6513914211995958,1.0386031396490458,0.0,2,1,2,3,2,0,1,1,0,1,0
2.2214835562264095,1.3014593884668002,1.5677776925507676,104.15,2,0,2,6,2,1,1,1,1,1,71
-0.8266031418171333,-0.6480730680820658,-0.9559778674420595,0.0,0,1,0,2,0,0,1,1,0,0,0
-0.988386711322446,-0.49211047155815646,-1.2816237461508113,0.0,0,1,0,2,0,0,0,1,0,0,0
-0.959009412764321,-0.35108046406313215,-1.2409180113122174,0.0,0,0,1,3,0,0,0,1,1,0,0
-0.7042452672400885,-1.4793205240233267,0.18378270803857208,0.0,1,0,0,1,1,0,1,0,0,1,0
-0.8680911713715876,-0.3195561094465974,-1.0780950719578415,0.0,0,0,2,3,0,0,1,1,0,1,0
-0.32609207982571803,0.045462733481700844,-0.3453918448631497,0.0,1,0,3,5,1,0,0,0,1,1,0
1.0674098753044596,0.7356801819279375,0.8757802002946699,0.0,2,0,3,7,2,0,1,0,2,0,54
-0.8061333736657289,-1.497571466169742,-0.38609757970174374,0.0,1,0,0,1,1,0,1,0,0,0,0
-0.38611918128578515,0.4519609903791239,-0.5896262538947137,78.55,1,1,0,2,1,1,1,0,0,1,0
1.0721707967287415,-0.007630916398778715,1.6084834273893616,0.0,2,1,4,6,2,0,1,1,2,1,72
0.9421559563587275,0.6527213539896879,0.8350744654560759,0.0,2,1,3,7,2,0,0,1,1,0,0
-0.20007027032768224,0.4536201669378888,-0.3453918448631497,0.0,1,0,2,6,1,0,0,0,1,1,24
1.1065722934719378,0.6875640617237531,0.9571916699718578,0.0,2,0,4,7,2,0,1,1,2,1,56
0.012591533200253153,1.1587702044130104,-0.38609757970174374,99.85,1,1,2,5,1,1,1,1,2,1,0
-0.21468213055151444,-1.3100845150292975,1.5677776925507676,0.0,2,0,0,2,2,0,0,0,0,1,71
-0.9904929254087641,-0.6513914211995958,-1.2816237461508113,0.0,0,0,0,2,0,0,1,1,0,0,0
-0.26766657866045535,0.31424933600162985,-0.4268033145403377,74.4,1,0,0,2,1,1,0,1,0,0,0
-0.46062650458928966,-1.472683817788267,0.9978974048104517,0.0,2,0,0,1,2,0,1,0,0,0,57
0.7691611847897839,-0.1552976301288631,1.4863662228735797,0.0,2,0,3,5,2,0,1,0,2,1,69
1.587886091655766,1.313073624378155,0.9978974048104517,104.5,2,0,2,6,2,1,0,1,0,1,0
0.2533142514823646,0.0023241429538111433,0.590840056424512,0.0,1,0,3,5,1,0,0,1,2,0,47
-0.8839755359392371,-1.4909347599346818,-0.7117434584104956,0.0,1,1,0,1,1,0,1,1,0,1,0
-0.6039587611092526,-1.1192792107713234,-0.1418631706701798,0.0,1,1,1,1,1,0,0,1,1,0,0
-0.71021287381799,-1.2918335728828827,-0.2639803751859618,0.0,1,0,0,2,1,0,0,0,0,1,0
-0.7301780281778808,-1.4760021709057967,-0.06045170099299184,0.0,1,0,0,1,1,0,1,0,0,0,31
-0.6267760803776992,0.450301813820359,-0.8745663977648716,78.5,0,1,0,2,0,1,1,1,0,0,0
0.46985938723194903,0.44864263726159415,0.387311382231542,0.0,1,0,2,6,1,0,0,1,1,0,42
0.579799374591743,-0.3560579937394271,1.4049547531963917,0.0,2,0,4,5,2,0,0,0,2,1,67
0.42459772410617463,1.1836578527944854,0.020959768684196134,100.6,1,0,1,5,1,1,1,1,0,1,0
-0.9401412449077209,-1.497571466169742,-0.9966836022806536,0.0,0,1,0,1,0,0,0,0,0,1,0
-0.836563779267013,1.0127626672416914,-1.1595065416350294,95.45,0,1,0,4,0,1,0,1,0,0,0
0.6523101824592583,-0.27641751891870747,1.3642490183577978,0.0,2,0,4,5,2,0,1,1,2,1,66
1.2382764930570196,0.9795791360663916,0.9571916699718578,94.45,2,1,2,5,2,1,1,1,1,0,0
-0.8472923072691959,0.5332606417586087,-1.1188008067964355,81.0,0,1,1,3,0,1,0,1,0,1,0
-0.6168154429278196,0.5166688761709587,-0.8745663977648716,80.5,0,0,1,3,0,1,1,1,0,1,0
-0.894945400972144,-0.6812565992573657,-1.0780950719578415,0.0,0,1,0,2,0,0,0,1,0,0,0
-0.679299794155258,-1.5091857020810966,0.14307697319997809,0.0,1,0,0,1,1,0,1,0,0,1,36
-0.9750254157123651,0.5183280527297236,-1.2816237461508113,80.55,0,1,0,2,0,1,1,1,0,1,0
0.3642634664251861,0.5266239355235486,0.30589991255435406,80.8,1,1,2,3,1,1,1,0,0,1,0
1.8869465521828765,0.9978300782128064,1.5270719577121736,95.0,2,0,2,5,2,1,1,1,0,1,0
0.6149907016173087,0.6742906492536329,0.46872285190873,0.0,1,0,3,7,1,0,1,1,1,0,0
-0.8394159441755688,0.5332606417586087,-1.1188008067964355,81.0,0,0,0,2,0,1,0,1,0,0,0
-0.8871348570687143,-1.5058673489635668,-0.6303319887333076,0.0,1,0,0,1,1,0,0,0,0,0,0
-0.18793759960128714,-1.3316538102932427,1.6084834273893616,0.0,2,0,0,2,2,0,1,0,0,1,72
-0.404307217510345,-0.28471340171253245,-0.3453918448631497,0.0,1,0,2,3,1,0,0,0,2,0,0
0.8968065343126898,1.319710330613215,0.346605647392948,104.7,1,1,2,6,1,1,1,1,0,0,0
0.5546783836663859,0.02389343821775623,0.8757802002946699,0.0,2,0,3,5,2,0,1,1,2,1,54
-0.9782944354921715,-1.3548822821159523,-1.1595065416350294,0.0,0,0,0,2,0,0,1,0,0,1,0
-0.8426630242253093,-1.1541219185053884,-0.7931549280876836,0.0,1,1,1,1,1,0,0,0,0,0,0
-0.13802471370156022,-1.2835376900890578,1.6084834273893616,0.0,2,0,0,2,2,0,0,1,0,1,72
-0.8997940813166889,-1.4959122896109767,-0.7931549280876836,0.0,1,0,0,1,1,0,1,1,0,1,0
-1.0013092123312104,-1.469365464670737,-1.2816237461508113,0.0,0,0,0,1,0,0,0,1,0,1,0
1.542097875008412,0.8335715988950722,1.2421318138420157,90.05,2,0,2,4,2,1,0,1,1,0,0
-0.04491249930224549,1.309755271260625,-0.4675090493789317,104.4,1,0,2,6,1,1,0,1,1,1,0
2.4660896067301694,1.5254482239000742,1.6084834273893616,110.9,2,0,3,7,2,1,1,0,1,1,72
-0.5790571674845537,-1.4859572302583868,0.631545791263106,0.0,1,0,0,1,1,0,1,0,0,0,48
-0.3911433794708566,-1.4859572302583868,1.5270719577121736,0.0,2,0,0,1,2,0,0,1,0,1,70
2.2626205500998107,1.1936129121470758,1.6084834273893616,100.9,2,0,2,6,2,1,1,1,0,0,72
-0.5305923037691705,-0.2896909313888274,-0.5489205190561197,0.0,1,1,0,2,1,0,0,1,0,0,0
0.31878240599875357,0.7141108866639929,0.1023712383613841,86.45,1,1,0,3,1,1,0,1,0,0,0
1.8087533542283158,0.888324425334317,1.4456604880349857,0.0,2,1,4,8,2,0,0,1,2,1,68
-0.8751777041828457,0.7008374741938728,-1.1595065416350294,86.05,0,1,1,3,0,1,1,0,0,0,0
0.7334652439727045,0.8534817176002523,0.46872285190873,90.65,1,0,0,3,1,1,1,1,0,1,0
0.31803645517651596,-0.4688819997354467,1.1200146093262338,0.0,2,1,1,3,2,0,0,1,0,0,0
-0.7550576820725139,-1.4710246412295018,-0.22327464034736777,0.0,1,0,0,1,1,0,1,0,0,0,27
0.08448802862592567,0.23792721429843983,0.1023712383613841,0.0,1,0,1,4,1,0,1,1,1,0,0
2.0916003542367902,1.2218189136460804,1.5270719577121736,101.75,2,1,1,5,2,1,0,1,0,1,0
-0.9455164787738453,0.13505826765501053,-1.2409180113122174,0.0,0,0,1,4,0,0,0,0,0,1,0
-0.9468328625777942,0.3258635719129846,-1.2409180113122174,74.75,0,1,1,2,0,1,1,1,0,0,0
2.6534329617621557,1.6664782313950985,1.6084834273893616,115.15,2,1,4,8,2,1,0,0,2,1,72
1.7512932011859488,0.866755130070372,1.5677776925507676,0.0,2,0,4,8,2,0,0,0,2,1,71
2.119661268990966,1.3296653899658049,1.3642490183577978,105.0,2,0,2,6,2,1,1,1,0,1,0
1.551882994617765,1.4325343366092342,0.7943687306174818,108.1,2,0,3,7,2,1,0,0,1,0,0
0.46564695905931275,0.0023241429538111433,0.8350744654560759,0.0,2,0,2,4,2,0,1,0,1,1,0
1.2866974773122708,0.4950995809070136,1.3642490183577978,0.0,2,0,2,6,2,0,1,0,0,1,66
-0.46220616515402824,-0.34942128750436724,-0.38609757970174374,0.0,1,1,1,3,1,0,0,0,1,0,0
-0.892948885536155,0.4751894622018339,-1.2002122764736234,79.25,0,1,0,2,0,1,1,0,0,0,0
-0.27453371417105504,0.47187110908430413,-0.38609757970174374,79.15,1,1,1,3,1,1,0,1,0,0,0
0.30489455686709327,-0.4871329418818615,1.0793088744876398,0.0,2,1,1,3,2,0,1,1,0,1,0
1.7262819089109207,1.32800621340704,1.1200146093262338,104.95,2,0,3,6,2,1,0,1,2,0,0
1.883480074832478,1.266616680732735,1.3642490183577978,103.1,2,0,4,7,2,1,0,1,2,0,0
-0.5671877735189483,0.02223426165899086,-0.7117434584104956,0.0,1,0,4,5,1,0,0,0,2,0,0
1.3813674125462583,0.8285940692187774,1.1200146093262338,89.9,2,0,1,4,2,1,1,1,0,0,0
1.1415661629269112,1.309755271260625,0.5501343215859179,104.4,1,0,3,6,1,1,0,1,1,0,46
0.7522017734489096,0.8086839505135972,0.5094285867473239,89.3,1,0,1,4,1,1,0,1,0,0,0
0.03185461619803771,-0.3610355234157222,0.46872285190873,0.0,1,0,4,5,1,0,1,1,2,1,44
0.9164864721817251,1.1571110278542456,0.5501343215859179,99.8,1,1,2,5,1,1,0,1,0,0,0
-0.8596004958361178,-1.3416088696458326,-0.7931549280876836,0.0,1,0,0,2,1,0,1,0,0,1,0
2.3533413339219518,1.6399314064548582,1.4863662228735797,114.35,2,0,4,8,2,1,1,1,2,1,69
-0.9777240025104603,0.31424933600162985,-1.2816237461508113,74.4,0,1,0,2,0,1,1,1,0,0,0
-0.7203709688384619,1.0094443141241611,-1.0373893371192475,95.35,0,1,1,4,0,1,0,1,0,0,0
0.8088282167487755,-0.2216646924794628,1.5677776925507676,0.0,2,0,3,5,2,0,0,0,1,1,71
-0.7819557911332019,-1.5058673489635668,-0.22327464034736777,0.0,1,0,0,1,1,0,1,0,0,1,27
1.1262741710710389,0.32254521879545484,1.2828375486806096,0.0,2,0,3,6,2,0,0,0,1,0,0
1.426365798911243,0.5498524073462585,1.4863662228735797,0.0,2,0,4,7,2,0,1,1,2,0,69
-1.001506669901803,-1.4842980536996218,-1.2816237461508113,0.0,0,0,0,1,0,0,1,0,0,0,0
0.04495263504732884,0.29765757041397994,0.020959768684196134,0.0,1,0,2,5,1,0,1,1,1,1,0
-0.9951441481827168,-1.003136851657774,-1.2816237461508113,0.0,0,1,0,1,0,0,0,1,0,0,0
-0.057286507059364514,1.3976916288751695,-0.5082147842175256,107.05,1,1,2,6,1,1,1,0,1,1,0
-0.4027494966756722,1.5934744628094386,-0.8338606629262776,112.95,0,0,3,7,0,1,1,1,1,0,0
-0.7061540237558144,0.2860433345026247,-0.9152721326034655,0.0,0,0,3,6,0,0,0,0,2,0,0
1.1223250196591925,1.488946339607244,0.46872285190873,109.8,1,0,3,7,1,1,0,1,1,0,0
-0.8392623660651081,-1.1043466217424387,-0.7931549280876836,0.0,1,1,1,1,1,0,0,1,0,0,0
-0.5159585038152726,-1.4925939364934466,0.9571916699718578,0.0,2,0,0,1,2,0,1,0,0,1,0
-0.923620628168163,1.026036079711811,-1.2409180113122174,95.85,0,1,1,4,0,1,1,1,0,0,0
-0.30472278274161513,0.9712832532725666,-0.6303319887333076,94.2,1,1,0,4,1,1,0,1,0,0,0
-0.5156952270544829,-0.3477621109456021,-0.4268033145403377,0.0,1,1,1,3,1,0,1,1,1,0,0
1.4921849891086851,1.5453583426052537,0.7536629957788878,111.5,2,1,3,7,2,1,0,1,1,0,0
-0.8630889129165821,-0.3062826969764773,-1.0780950719578415,0.0,0,0,2,3,0,0,1,1,1,0,0
-0.9684215569625553,1.0177401969179862,-1.2816237461508113,95.6,0,1,1,4,0,1,0,1,1,0,0
-0.6950744600725783,0.4851445215544238,-0.9559778674420595,79.55,0,1,0,2,0,1,1,1,0,0,0
0.283459440592793,1.2118638542934905,-0.1418631706701798,101.45,1,0,2,5,1,1,1,1,0,0,0
-0.9903612870283693,-0.6414363618470058,-1.2816237461508113,0.0,0,1,0,1,0,0,1,1,0,0,0
0.3166103727222381,-0.10552233336591335,0.6722515261016999,0.0,2,0,3,4,2,0,0,0,2,1,0
-0.8483892937724866,-0.6729607164635407,-0.9966836022806536,0.0,0,0,0,1,0,0,1,0,0,1,0
-0.6929463062561942,0.4851445215544238,-0.9559778674420595,79.55,0,1,0,2,0,1,0,1,0,0,0
0.45478679267673483,0.7058150038701679,0.346605647392948,86.2,1,0,3,4,1,1,0,1,1,1,0
-0.8839755359392371,-0.4688819997354467,-1.0780950719578415,0.0,0,0,1,2,0,0,0,1,1,0,0
0.5109305619151528,1.2865267994379153,0.020959768684196134,103.7,1,0,2,6,1,1,0,1,1,1,0
-0.6777859527807168,-1.4992306427285067,0.26519417771576004,0.0,1,0,0,1,1,0,0,0,0,1,39
-0.9881892537518536,-0.4771778825292717,-1.2816237461508113,0.0,0,0,0,2,0,0,0,0,0,0,0
-0.6016112099922105,0.2794066282675646,-0.7931549280876836,0.0,1,0,2,5,1,0,1,0,1,0,0
-0.09638310603664527,1.0542420812108162,-0.4268033145403377,96.7,1,1,0,4,1,1,1,1,0,0,0
1.3633987736223567,1.1687252637656007,0.9164859351332638,100.15,2,1,1,5,2,1,0,1,0,0,0
-0.9084163952325539,0.5166688761709587,-1.2002122764736234,80.5,0,1,0,2,0,1,0,1,0,0,0
0.02375885580375241,-0.5667734167025811,0.7536629957788878,0.0,2,0,1,2,2,0,1,0,1,0,0
0.21415183331488655,-0.3709905827683121,0.7943687306174818,0.0,2,1,2,3,2,0,1,0,1,0,0
-0.4894991893559009,-0.8156499005173299,-0.10115743583158582,0.0,1,0,1,2,1,0,0,1,1,0,0
-0.5685480367830288,-1.3167212212643575,0.30589991255435406,0.0,1,0,0,2,1,0,1,0,0,1,40
-0.5104955110288849,0.6709722961361032,-0.7524491932490895,85.15,1,1,0,3,1,1,1,1,0,1,0
-0.20215454468393457,-0.6547097743171256,0.346605647392948,0.0,1,0,0,1,1,0,0,0,0,0,0
-0.17102206772054454,-0.8123315473998,0.428017117070136,0.0,1,1,3,3,1,0,1,1,1,0,0
1.7611441399854992,0.6709722961361032,1.6084834273893616,0.0,2,0,3,7,2,0,1,1,1,1,72
-0.4018499677429739,-0.4688819997354467,-0.1825689055087738,0.0,1,0,3,4,1,0,1,0,2,1,0
1.5112725542659433,0.6460846477546283,1.4456604880349857,84.4,2,0,2,4,2,1,0,1,0,1,68
1.9914016070262175,1.522129870782544,1.2014260790034217,110.8,2,1,3,7,2,1,0,1,1,1,0
-0.9908878405499487,-0.6812565992573657,-1.2816237461508113,0.0,0,1,0,1,0,0,1,1,0,0,0
1.6774221300543528,1.0559012577695812,1.2014260790034217,96.75,2,1,1,5,2,1,1,1,0,0,0
-0.6090487784845215,-1.3515639289984223,0.26519417771576004,0.0,1,0,0,2,1,0,0,1,0,1,0
-0.9793475425353307,0.19147027065302033,-1.2816237461508113,70.7,0,0,0,1,0,1,0,1,0,0,0
-0.9398121489567337,0.38061639835222955,-1.2409180113122174,0.0,0,1,2,5,0,0,0,0,1,0,0
1.879245706929776,0.9546914876849167,1.5677776925507676,93.7,2,0,0,4,2,1,0,1,0,1,71
-0.9439806976692383,-0.47385952941174164,-1.2002122764736234,0.0,0,0,0,2,0,0,0,1,0,0,0
0.8233961975124763,0.5830359385215584,0.7129572609402939,0.0,2,0,3,7,2,0,0,1,2,0,0
-0.2578595193210364,0.5299422886410788,-0.4675090493789317,0.0,1,0,3,6,1,0,0,0,2,1,0
-0.76708065414858,0.01725673198269617,-0.9966836022806536,0.0,0,1,2,4,0,0,0,1,1,0,0
-0.3734160775776789,0.680927355488693,-0.6303319887333076,85.45,1,1,0,3,1,1,0,1,0,1,0
-0.49507188079261766,-1.3349721634107725,0.5094285867473239,0.0,1,0,0,2,1,0,1,0,0,1,0
-0.9113782587914389,-0.4655636466179167,-1.1595065416350294,0.0,0,1,0,2,0,0,1,1,0,1,0
0.5349326266071532,-0.46390447005915153,1.4049547531963917,0.0,2,0,3,4,2,0,1,1,2,1,67
-0.949224293154968,-1.018069440686659,-1.2002122764736234,0.0,0,0,2,2,0,0,0,0,2,0,0
1.492075290458356,0.9762607829488613,1.1607203441648277,94.35,2,0,2,5,2,1,0,1,1,1,61
1.432640561710066,0.5415565245524336,1.2828375486806096,0.0,2,1,4,7,2,0,1,0,2,0,0
-0.8249796017922632,-1.5042081724048018,-0.4268033145403377,0.0,1,0,0,1,1,0,1,0,0,0,0
-0.9057178084344587,-0.29964599074141746,-1.1595065416350294,0.0,0,1,0,2,0,0,1,1,0,0,0
0.7797141949514406,0.5282831120823135,0.7943687306174818,0.0,2,1,2,6,2,0,1,1,0,1,0
1.2144938256656768,1.2151822074110203,0.6722515261016999,101.55,2,0,1,5,2,1,0,0,1,0,0
1.4987449683983634,1.4607403381082393,0.8350744654560759,108.95,2,0,3,7,2,1,0,1,1,1,0
-0.8656778010643481,-1.4942531130522119,-0.6303319887333076,0.0,1,0,0,1,1,0,1,0,0,1,0
0.9884268470675291,0.1997661534468453,1.3235432835192036,70.95,2,0,0,1,2,1,1,1,0,1,0
0.5845602960160248,1.3329837430833347,0.06166550352279012,105.1,1,1,3,6,1,1,0,1,1,0,0
-0.8877052900504254,0.9845566657426863,-1.2002122764736234,94.6,0,1,0,4,0,1,1,1,0,1,0
-0.9319138461330406,-1.4959122896109767,-0.9559778674420595,0.0,0,0,0,1,0,0,1,0,0,0,0
0.4220527154185401,-0.6530505977583607,1.5270719577121736,0.0,2,1,0,2,2,0,1,1,0,0,0
2.7090721172090597,1.6880475266590431,1.6084834273893616,115.8,2,0,4,8,2,1,0,1,2,1,72
0.06401826047452115,-0.1536384535700982,0.30589991255435406,0.0,1,0,3,5,1,0,1,0,1,1,0
0.8760954291305614,0.20474368312314,1.0386031396490458,0.0,2,0,4,6,2,0,0,1,2,0,0
-0.9701328559076888,-1.1690545075342733,-1.2002122764736234,0.0,0,0,1,1,0,0,0,0,1,1,0
-0.9881014948315904,-0.4705411762942116,-1.2816237461508113,0.0,0,0,1,2,0,0,1,1,1,0,0
-0.4640491024795566,-1.2818785135302928,0.631545791263106,0.0,1,0,0,2,1,0,1,0,0,1,48
0.09253990956007938,1.1405192622665956,-0.30468611002455576,99.3,1,0,2,5,1,1,1,0,1,0,25
1.3122572628389442,1.4275568069329394,0.6722515261016999,107.95,2,0,3,7,2,1,0,1,1,1,49
-0.7296953541164328,0.3092718063253347,-0.9559778674420595,74.25,0,0,1,2,0,1,0,1,1,0,0
-0.2778466134109929,1.2218189136460804,-0.7117434584104956,101.75,1,1,2,5,1,1,0,0,1,1,0
1.0951416941076486,0.32088604223668943,1.3642490183577978,0.0,2,0,3,6,2,0,1,1,1,0,66
1.7213015901859807,1.336302096200865,1.0386031396490458,105.2,2,0,2,6,2,1,0,1,0,1,0
0.382078527238627,0.23129050806338025,0.428017117070136,0.0,1,0,2,5,1,0,1,1,2,1,0
0.2657321386996152,-0.0026533867224840216,0.428017117070136,0.0,1,0,1,4,1,0,0,1,1,1,0
0.5452004202779543,0.3490920437356946,0.590840056424512,75.45,1,0,1,2,1,1,0,0,1,0,0
1.5848364691766175,1.3893957460813444,0.9571916699718578,106.8,2,1,2,6,2,1,0,1,0,0,0
0.5372582379941296,-0.5319307089685164,1.6084834273893616,0.0,2,0,3,4,2,0,1,0,2,1,72
-0.4781782886419409,0.3374778078243394,-0.6710377235719016,75.1,1,0,1,2,1,1,0,0,0,0,0
0.8879648230961669,-0.027541035103958902,1.4456604880349857,0.0,2,0,2,4,2,0,0,0,1,1,68
-0.8805090585888384,-1.472683817788267,-0.7117434584104956,0.0,1,0,0,1,1,0,0,0,0,1,0
0.5833316711323391,-0.34112540471054226,1.3642490183577978,0.0,2,0,2,4,2,0,1,0,1,1,66
-0.9120583904234789,0.5133505230534289,-1.2002122764736234,80.4,0,1,0,2,0,1,0,1,0,1,0
2.5567226316320477,1.4856279864897142,1.6084834273893616,109.7,2,0,3,7,2,1,0,0,1,1,72
-0.777107110788657,-1.4793205240233267,-0.22327464034736777,0.0,1,0,0,1,1,0,1,0,0,0,27
-0.9837574282785592,-1.5025489958460367,-1.2002122764736234,0.0,0,0,0,1,0,0,0,0,0,1,0
-0.2511020824607657,0.4785078153193637,-0.4268033145403377,79.35,1,1,1,3,1,1,1,1,0,0,0
0.6533632895024174,0.010620025747636104,1.0386031396490458,0.0,2,0,2,4,2,0,0,1,1,1,0
-0.29814086372187093,-1.3814291070561924,1.6084834273893616,0.0,2,0,0,2,2,0,0,1,0,1,0
0.48892501265914134,1.29814103534927,-0.019745966154397852,104.05,1,0,2,6,1,1,0,1,0,0,0
-0.7500334838874424,0.02223426165899086,-0.9559778674420595,0.0,0,0,2,4,0,0,0,1,1,1,0
-0.8341942884199051,-0.2863725782712976,-0.9966836022806536,0.0,0,0,2,3,0,0,0,0,1,1,0
-0.8579330763511157,0.16824179883031035,-1.1188008067964355,0.0,0,0,1,4,0,0,1,1,0,0,0
-0.647925980161144,-1.4859572302583868,0.26519417771576004,0.0,1,0,0,1,1,0,0,0,0,0,39
-0.13234232361451437,0.4950995809070136,-0.3453918448631497,79.85,1,0,0,2,1,1,1,1,0,0,0
-0.7740794280395746,-1.3465863993221274,-0.38609757970174374,0.0,1,0,0,2,1,0,1,0,0,1,0
-0.7050789769825895,0.6726314726948681,-0.9966836022806536,85.2,0,1,0,3,0,1,0,0,0,0,0
0.5812693365061526,-0.024222681986428636,0.9164859351332638,0.0,2,1,2,4,2,0,1,1,1,0,0
-0.9803128906582265,0.11846650206736059,-1.2816237461508113,68.5,0,1,0,1,0,1,1,1,0,1,0
-0.4192481736851643,-0.16359351292268806,-0.38609757970174374,0.0,1,0,1,3,1,0,0,0,1,1,0
-0.8500347735274227,0.8866652487755522,-1.1595065416350294,91.65,0,1,1,4,0,1,0,1,0,1,0
1.210325276953172,0.9679649001550363,0.8757802002946699,94.1,2,0,1,4,2,1,0,1,0,0,0
1.7203801215232168,1.0127626672416914,1.3235432835192036,95.45,2,0,2,5,2,1,0,1,0,0,0
-0.5945027374508868,-1.3167212212643575,0.26519417771576004,0.0,1,0,0,0,1,0,1,1,0,1,0
1.4996883767911937,1.5470175191640188,0.7536629957788878,111.55,2,1,3,7,2,1,1,1,2,1,0
-0.5421545415138546,-0.06238374283802364,-0.6710377235719016,0.0,1,0,0,3,1,0,0,1,0,0,0
0.5398251864118299,1.0028076078891015,0.18378270803857208,95.15,1,1,2,5,1,1,0,1,0,1,0
0.9727618798005381,0.38227557491099445,1.0793088744876398,0.0,2,0,3,6,2,0,0,1,2,1,59
1.2134626583525838,1.313073624378155,0.631545791263106,104.5,1,1,3,6,1,1,0,1,2,1,0
1.1046854766862777,0.3275227484717495,1.3235432835192036,0.0,2,0,2,5,2,0,1,1,2,1,65
-0.776273401046156,-1.4942531130522119,-0.3453918448631497,0.0,1,0,0,1,1,0,0,0,0,1,0
-0.7582828223921885,0.03716685068787588,-0.9966836022806536,0.0,0,0,2,4,0,0,0,0,2,0,0
-0.3081892600920138,0.4619160497317138,-0.4268033145403377,78.85,1,0,1,3,1,1,1,1,0,0,0
-0.7414111699715775,-0.08893056777826343,-0.9152721326034655,0.0,0,0,2,4,0,0,1,0,2,0,0
2.0353907658081747,1.4673770443432994,1.3235432835192036,109.15,2,1,3,7,2,1,1,1,1,0,0
-0.11305730088666383,0.8368899520126024,-0.38609757970174374,90.15,1,0,1,4,1,1,0,0,0,1,0
-0.3690939507547135,-0.38094564212090193,-0.22327464034736777,0.0,1,0,2,3,1,0,1,0,2,0,0
-0.7789719878442511,-1.4760021709057967,-0.3453918448631497,0.0,1,0,0,1,1,0,0,0,0,0,0
-0.9890449032244204,-0.5418857683211062,-1.2816237461508113,0.0,0,0,1,2,0,0,0,1,1,0,0
1.7673750233241903,1.1537926747367158,1.2421318138420157,99.7,2,0,2,5,2,1,1,0,1,1,63
0.6107343939845408,-0.14700174733503815,1.1200146093262338,0.0,2,0,3,4,2,0,1,0,1,1,60
-0.3433586473875137,-0.5004063543519814,-0.06045170099299184,0.0,1,0,3,4,1,0,0,1,2,0,31
0.6500284505324138,-0.37430893588584213,1.6084834273893616,0.0,2,0,2,4,2,0,0,0,1,1,72
-0.7961288567557177,-1.4826388771408567,-0.4268033145403377,0.0,1,0,0,1,1,0,1,0,0,1,0
-0.7937593659086097,0.0006649663950462456,-1.0373893371192475,0.0,0,1,2,4,0,0,0,1,0,0,0
-0.9422035795339075,-0.6530505977583607,-1.1595065416350294,0.0,0,0,0,1,0,0,1,0,0,1,0
-0.9512427483210228,-1.3100845150292975,-1.1188008067964355,0.0,0,0,0,2,0,0,0,0,0,0,0
-0.22767045075047632,0.4702119325255387,-0.38609757970174374,79.1,1,0,2,3,1,1,0,1,1,0,0
-0.9555209956838566,-1.5042081724048018,-0.9966836022806536,0.0,0,0,0,1,0,0,1,0,0,1,8
-0.724495638090835,0.1367174442137754,-0.9559778674420595,69.05,0,1,0,1,0,1,0,0,0,0,0
0.01028786154334268,1.0011484313303363,-0.38609757970174374,95.1,1,1,1,4,1,1,0,1,1,1,0
1.2285133131777324,0.16326426915401518,1.6084834273893616,0.0,2,0,4,6,2,0,1,0,2,1,72
-0.23486668221206336,0.1997661534468453,-0.30468611002455576,70.95,1,0,0,1,1,1,1,0,0,0,0
-0.8042904363402005,-1.1524627419466233,-0.7117434584104956,0.0,1,0,1,1,1,0,1,1,1,1,0
-0.8478408005208413,-0.33448869847548224,-1.0373893371192475,0.0,0,0,0,2,0,0,1,0,0,0,0
-0.9868728699479048,-0.37762728900337217,-1.2816237461508113,0.0,0,0,0,2,0,0,0,1,0,0,0
-0.7276330194902464,1.0177401969179862,-1.0373893371192475,95.6,0,0,0,4,0,1,1,1,0,1,0
1.1735981688229995,1.1537926747367158,0.631545791263106,99.7,1,0,2,5,1,1,0,1,1,1,0
2.277539566544564,1.4541036318731793,1.4863662228735797,108.75,2,0,3,7,2,1,0,1,1,1,0
1.532290815668993,1.31473280093692,0.9571916699718578,104.55,2,0,2,6,2,1,1,1,1,1,0
-0.8958888093649741,0.49675875746577897,-1.2002122764736234,79.9,0,1,0,2,0,1,1,1,0,0,0
0.18797773534637038,0.08362379433329585,0.30589991255435406,0.0,1,1,2,4,1,0,1,0,1,0,0
-0.9557623327145807,-1.5058673489635668,-1.0780950719578415,0.0,0,0,0,1,0,0,0,0,0,0,6
1.8103768942531855,1.3827590398462843,1.1607203441648277,106.6,2,1,2,6,2,1,0,1,1,0,61
-0.9726120454051256,0.7008374741938728,-1.2816237461508113,86.05,0,1,0,3,0,1,1,1,0,1,0
-0.3619854782133897,-0.31457857977030224,-0.22327464034736777,0.0,1,0,2,3,1,0,1,0,1,0,0
0.558100981556653,0.7141108866639929,0.428017117070136,0.0,1,0,3,7,1,0,0,0,2,1,43
-0.49507188079261766,-0.11049986304220827,-0.5082147842175256,0.0,1,0,0,3,1,0,0,1,0,0,0
-0.31720648914906335,0.9181896033920867,-0.6303319887333076,92.6,1,1,0,4,1,1,0,0,0,1,0
-0.8194946692758096,0.13837662077254032,-1.0780950719578415,69.1,0,1,0,1,0,1,1,1,0,0,0
-0.39972181392658984,-0.9782492032762992,0.346605647392948,0.0,1,0,2,2,1,0,0,0,1,1,0
-0.9753106322032208,0.49675875746577897,-1.2816237461508113,79.9,0,1,0,2,0,1,1,0,0,0,0
-0.9798302165967786,0.15496838636019022,-1.2816237461508113,69.6,0,1,0,1,0,1,0,1,0,0,0
-0.864756332401584,-1.3200395743818876,-0.7931549280876836,0.0,1,0,0,0,1,0,1,1,0,0,0
1.3709021613048653,1.3296653899658049,0.7943687306174818,105.0,2,0,3,6,2,1,1,1,1,0,0
-0.902975342176232,-0.4771778825292717,-1.1188008067964355,0.0,0,0,1,2,0,0,0,0,0,0,0
1.8162786816408898,0.8518225410414869,1.6084834273893616,0.0,2,0,4,8,2,0,1,1,2,1,72
-0.40790533324113853,-0.3593763468569571,-0.30468611002455576,0.0,1,1,1,3,1,0,0,0,0,1,0
1.9642402212047398,1.31473280093692,1.3642490183577978,104.55,2,0,4,7,2,1,0,1,2,0,0
-0.3854390496537449,-1.3316538102932427,0.9571916699718578,0.0,2,0,0,2,2,0,1,1,0,0,56
-0.7700644574375306,1.1620885575305409,-1.0780950719578415,99.95,0,0,2,5,0,1,0,1,1,0,0
0.5649900567973185,-0.168571042598983,1.1200146093262338,0.0,2,0,3,5,2,0,0,0,2,1,60
1.0714248459065039,1.1305642029140057,0.631545791263106,99.0,1,1,1,5,1,1,1,1,0,0,0
-0.34765883448041324,-0.3378070515930122,-0.22327464034736777,0.0,1,0,2,3,1,0,1,1,1,1,0
2.301914606647683,1.3661672742586346,1.6084834273893616,106.1,2,0,4,7,2,1,1,1,2,1,72
0.09644518151179432,0.04048520380540615,0.22448844287716607,0.0,1,0,3,5,1,0,0,1,1,0,0
-0.8259888293752906,1.1703844403243657,-1.1595065416350294,100.2,0,1,1,5,0,1,1,1,0,1,0
-0.9801812522778315,-1.5058673489635668,-1.1595065416350294,0.0,0,0,0,1,0,0,1,0,0,1,4
0.7113719357964299,0.9795791360663916,0.387311382231542,94.45,1,0,2,5,1,1,0,1,1,1,0
0.9303962610434511,0.9945117250952766,0.5501343215859179,94.9,1,0,2,5,1,1,1,1,0,0,0
-0.257201327419062,-0.7492828381667302,0.30589991255435406,0.0,1,1,3,3,1,0,1,1,1,1,0
0.10669103545252942,0.5382381714349038,-0.06045170099299184,0.0,1,0,3,6,1,0,0,1,2,1,0
0.41242117391964783,1.4126242179040545,-0.10115743583158582,107.5,1,1,3,7,1,1,0,1,1,1,0
-0.6144678918107775,0.03053014445281582,-0.7931549280876836,0.0,1,1,1,4,1,0,1,1,1,1,0
-0.9100399352574241,-1.5025489958460367,-0.7524491932490895,0.0,1,0,0,1,1,0,1,0,0,1,0
-0.9291055606846166,-1.5141632317573919,-0.9152721326034655,0.0,0,0,0,1,0,0,0,1,0,0,0
-0.09157830515223188,0.13837662077254032,-0.10115743583158582,0.0,1,0,2,5,1,0,1,1,1,0,30
0.38521590863803845,0.8650959535116071,0.1023712383613841,91.0,1,0,1,4,1,1,1,0,1,0,0
0.13889855918914445,0.4751894622018339,-0.019745966154397852,79.25,1,1,1,3,1,1,1,1,1,1,0
-0.9273503822793514,0.35738792652951956,-1.2409180113122174,75.7,0,1,1,2,0,1,1,1,1,0,0
-0.7181331163717488,-1.4942531130522119,0.1023712383613841,0.0,1,1,0,1,1,0,1,0,0,1,0
0.2154243376587038,1.1886353824707805,-0.22327464034736777,100.75,1,1,3,6,1,1,1,0,2,1,0
-0.19460727754129462,-1.3333129868520075,1.6084834273893616,0.0,2,0,0,2,2,0,1,0,0,1,72
-1.0019454645031192,-1.5174815848749215,-1.2816237461508113,0.0,0,0,0,1,0,0,1,1,0,0,0
-0.9910852981205412,-0.6961891882862504,-1.2816237461508113,0.0,0,0,0,1,0,0,0,0,0,0,0
1.8873414673240618,1.1737027934418955,1.2828375486806096,100.3,2,0,2,5,2,1,1,1,1,0,0
-0.5567005825474892,-0.29300928450635744,-0.5489205190561197,0.0,1,0,1,3,1,0,0,1,0,0,0
-0.9294565963656695,-0.5153389433808665,-1.1595065416350294,0.0,0,1,1,2,0,0,1,1,1,0,0
-0.9798302165967786,0.15496838636019022,-1.2816237461508113,69.6,0,1,0,1,0,1,1,1,0,0,0
-0.06367096850851647,0.0023241429538111433,0.06166550352279012,0.0,1,0,1,4,1,0,0,0,1,0,0
0.560931206735143,-0.5219756496159262,1.6084834273893616,0.0,2,1,3,4,2,0,0,1,1,1,72
2.566814907462322,1.712935175040518,1.5270719577121736,116.55,2,0,4,8,2,1,1,1,2,1,70
0.9072717855540832,0.06537285218688103,1.3642490183577978,0.0,2,0,3,5,2,0,0,0,1,1,66
2.2008163305044124,1.4424893959618246,1.4863662228735797,108.4,2,0,3,7,2,1,1,1,1,1,69
-0.593186353646938,-0.0026533867224840216,-0.7117434584104956,0.0,1,0,2,4,1,0,1,0,1,0,0
2.384824846566395,1.533744106693899,1.5270719577121736,111.15,2,0,3,7,2,1,0,1,1,0,70
-0.27161573007230183,-1.3200395743818876,1.3642490183577978,0.0,2,0,0,2,2,0,0,1,0,0,66
0.5435549405230182,0.6543805305484532,0.387311382231542,84.65,1,1,0,3,1,1,0,1,0,0,0
-0.9053009535632084,0.5233055824060188,-1.2002122764736234,80.7,0,1,0,2,0,1,0,1,0,1,0
0.3351713843579166,1.2782309166440902,-0.06045170099299184,103.45,1,1,2,6,1,1,1,1,0,0,0
0.020116860612827202,-0.3378070515930122,0.387311382231542,0.0,1,1,4,5,1,0,0,1,2,0,0
-0.8815182861718658,1.1206091435614158,-1.2002122764736234,98.7,0,1,2,5,0,1,1,1,1,0,0
-0.42758527111017364,-1.4743429943470319,1.2421318138420157,0.0,2,0,0,1,2,0,1,0,0,0,0
-0.5418912647530647,-1.472683817788267,0.7129572609402939,0.0,2,0,0,1,2,0,1,0,0,1,50
-0.9796985782163836,0.16492344571278056,-1.2816237461508113,69.9,0,1,0,1,0,1,1,1,0,0,0
1.7603323699730642,1.0608787874458763,1.2828375486806096,96.9,2,0,2,5,2,1,0,1,2,1,0
-0.49452338754097236,-0.004312563281248919,-0.6303319887333076,0.0,1,0,2,4,1,0,1,0,1,1,0
0.1529619261613311,-0.3029643438589475,0.631545791263106,0.0,1,0,2,3,1,0,1,1,0,1,0
-0.04800600124152534,-0.16359351292268806,0.22448844287716607,0.0,1,0,3,5,1,0,1,1,2,1,38
-0.6310104482804013,-0.3228744625641272,-0.7117434584104956,0.0,1,0,2,3,1,0,1,0,1,0,0
-0.13620371610609763,0.1815152113004305,-0.1825689055087738,70.4,1,0,0,1,1,1,0,1,0,1,0
2.514510590985421,1.560290931634139,1.6084834273893616,111.95,2,0,4,7,2,1,1,0,2,1,72
-0.11860805259331482,-0.5568183573499913,0.387311382231542,0.0,1,0,3,4,1,0,1,0,2,1,42
-1.0013750315214078,-1.4743429943470319,-1.2816237461508113,0.0,0,0,0,1,0,0,0,0,0,0,0
0.1732342367421434,0.7174292397815226,-0.06045170099299184,86.55,1,0,0,3,1,1,0,1,0,0,0
-0.413741301438645,-1.1474852122703283,0.46872285190873,0.0,1,1,1,1,1,0,1,1,0,1,0
-0.7244736983607691,-0.3693314062095472,-0.8745663977648716,0.0,0,0,2,3,0,0,0,0,1,0,0
-0.8610046385603297,-0.3295111687991873,-1.0780950719578415,0.0,0,1,0,2,0,0,0,1,0,0,0
2.1097883904613495,1.2085455011759603,1.4456604880349857,101.35,2,0,3,6,2,1,1,0,1,0,0
1.1761651172407,0.5481932307874936,1.2014260790034217,81.45,2,0,2,3,2,1,1,1,1,1,0
-0.021239530561232234,1.293163505672975,-0.4675090493789317,103.9,1,1,2,6,1,1,0,1,1,1,0
0.0,0.2794066282675646,-1.3223294809894055,0.0,0,0,3,6,0,0,0,0,1,1,0
-0.6636567666183326,0.6278337056082129,-0.9559778674420595,83.85,0,1,0,3,0,1,1,1,0,0,0
2.415079734327152,1.5802010503393187,1.4863662228735797,112.55,2,0,4,8,2,1,1,1,2,1,69
-0.9484564026026645,-1.466047111553207,-1.0373893371192475,0.0,0,0,0,1,0,0,1,0,0,0,0
2.285701146129046,1.5370624598114289,1.4049547531963917,111.25,2,1,3,7,2,1,0,1,2,1,0
0.007545395285115927,-0.3577171702981922,0.5094285867473239,0.0,1,0,2,3,1,0,0,1,1,1,0
-0.32413944384986054,0.9911933719777464,-0.6303319887333076,94.8,1,1,0,4,1,1,1,1,0,1,0
-0.6852235212730278,-1.4544328756418519,0.1023712383613841,0.0,1,0,0,1,1,0,0,0,0,0,0
-0.9134186536875596,0.7273842991341125,-1.2002122764736234,86.85,0,1,1,3,0,1,0,1,0,0,0
-0.542220360704052,0.7174292397815226,-0.8338606629262776,86.55,0,1,0,3,0,1,0,1,0,0,0
-0.6362101643059992,-1.3233579274994176,0.06166550352279012,0.0,1,0,0,0,1,0,1,1,0,0,0
1.6525205364296538,1.3495755086709846,0.9571916699718578,105.6,2,0,3,6,2,1,0,1,1,1,0
-0.7447021294814496,0.7987288911610074,-1.0373893371192475,89.0,0,1,0,3,0,1,1,1,0,1,0
-0.9990932995945633,-1.3017886322354726,-1.2816237461508113,0.0,0,1,0,2,0,0,0,1,0,0,0
-0.5503161210983374,-1.4826388771408567,0.8350744654560759,0.0,2,0,0,1,2,0,0,0,0,0,53
1.0077118697953795,1.336302096200865,0.387311382231542,105.2,1,0,2,6,1,1,0,1,1,1,0
1.0687701385685402,0.873391836305432,0.7943687306174818,91.25,2,1,2,4,2,1,1,0,1,0,0
2.7323282310788226,1.7328452937456982,1.6084834273893616,117.15,2,0,4,8,2,1,0,1,2,1,72
-0.9943323781702815,-1.3449272227633626,-1.2409180113122174,0.0,0,0,0,0,0,0,0,1,0,1,0
-0.9437832400986461,0.4851445215544238,-1.2409180113122174,79.55,0,1,1,3,0,1,0,0,0,0,0
1.3157237401893431,1.2052271480584305,0.7943687306174818,101.25,2,0,1,5,2,1,0,0,0,1,0
-0.9353364440233076,-1.3216987509406526,-1.0780950719578415,0.0,0,0,0,2,0,0,1,0,0,1,0
2.6457321165090546,1.6880475266590431,1.6084834273893616,115.8,2,0,4,8,2,1,1,0,2,1,72
-0.9703083737482151,0.875051012864197,-1.2816237461508113,91.3,0,1,0,3,0,1,0,1,0,0,0
1.4254443302484787,1.4839688099309494,0.7129572609402939,109.65,2,1,3,7,2,1,0,1,2,0,50
1.467327274944118,0.5813767619627935,1.4456604880349857,0.0,2,0,4,7,2,0,0,1,2,0,68
-0.9800276741673708,0.14003579733130567,-1.2816237461508113,69.15,0,1,0,1,0,1,1,1,0,1,0
-0.9239716638492159,-0.1420242176587432,-1.2002122764736234,0.0,0,0,1,3,0,0,1,0,1,0,0
-0.4073129605293616,-0.17188939571651304,-0.4268033145403377,0.0,1,0,1,3,1,0,1,1,1,1,0
1.4739530734239936,0.48348534499565887,1.6084834273893616,0.0,2,0,4,7,2,0,0,1,2,1,72
-0.42385551699898527,-1.497571466169742,1.2828375486806096,0.0,2,0,0,1,2,0,0,0,0,1,0
-0.9592068703349134,-1.4710246412295018,-1.0780950719578415,0.0,0,0,0,1,0,0,1,0,0,0,0
-0.4385112566829491,-1.4925939364934466,1.4456604880349857,0.0,2,0,0,1,2,0,1,1,0,1,68
2.0000239209420823,1.30477774158433,1.3642490183577978,104.25,2,1,2,6,2,1,1,1,1,0,0
-0.9759468843751296,0.44864263726159415,-1.2816237461508113,78.45,0,1,0,2,0,1,0,0,0,0,0
-0.7588093759137681,0.8153206567486573,-1.0780950719578415,89.5,0,1,0,3,0,1,0,1,0,0,0
-0.9205490659589491,0.1815152113004305,-1.2002122764736234,70.4,0,1,0,1,0,1,0,1,0,0,0
0.7005117694138518,1.702980115687928,0.06166550352279012,116.25,1,0,4,8,1,1,1,0,2,0,0
1.4520352830882455,1.0708338467984662,1.1200146093262338,97.2,2,1,2,5,2,1,0,1,2,1,60
-0.6391500881348183,0.5083729933771337,-0.9152721326034655,80.25,0,0,0,2,0,1,0,1,0,0,0
-0.4787048421635203,-1.3167212212643575,0.6722515261016999,0.0,2,0,0,2,2,0,0,0,0,1,49
0.5611286643057354,0.29599839385521454,0.631545791263106,0.0,1,0,3,6,1,0,0,1,1,0,0
-0.7065708786270649,-0.8372191957812748,-0.7524491932490895,0.0,1,0,3,3,1,0,0,0,2,0,14
1.442184344288695,0.5116913464946635,1.4456604880349857,80.35,2,0,1,3,2,1,1,1,0,1,0
-0.3614589246918103,-0.8206274301936248,0.18378270803857208,0.0,1,0,1,2,1,0,0,1,0,0,0
2.45397887573384,1.6034295221620285,1.4863662228735797,113.25,2,0,4,8,2,1,0,0,2,1,69
-0.8127372324155389,-0.9799083798350643,-0.7931549280876836,0.0,1,0,2,2,1,0,0,0,1,0,13
-0.9405142203188399,-1.5091857020810966,-0.9966836022806536,0.0,0,0,0,1,0,0,1,0,0,0,0
-0.602269401894185,0.2611556861211498,-0.7931549280876836,0.0,1,1,3,6,1,0,1,1,1,1,0
0.5035368728829736,-0.17188939571651304,0.9978974048104517,0.0,2,1,3,4,2,0,1,1,2,1,57
1.8693947681302252,0.8269348926600121,1.6084834273893616,0.0,2,0,4,8,2,0,1,0,2,1,72
-0.921865449762898,-1.5224591145512167,-0.9966836022806536,0.0,0,0,0,1,0,0,0,0,0,1,8
-0.0027882175758825586,-0.3859231717971971,0.5094285867473239,0.0,1,0,2,3,1,0,1,0,1,1,45
-0.566529581616974,-0.7094626007563706,-0.4675090493789317,0.0,1,0,2,3,1,0,1,1,2,0,0
-0.3545917891812104,-0.807354017723505,0.26519417771576004,0.0,1,1,1,2,1,0,1,1,1,0,0
-0.8681350508317193,-1.3316538102932427,-0.7117434584104956,0.0,1,1,0,2,1,0,1,1,0,0,0
0.48552435449894016,-0.05242868348543355,0.8757802002946699,0.0,2,0,1,4,2,0,1,0,0,1,54
1.285051997557335,0.8169798333074222,1.1200146093262338,89.55,2,1,1,4,2,1,1,1,0,0,60
-0.9728533824358496,-0.6530505977583607,-1.2409180113122174,0.0,0,1,0,2,0,0,0,1,0,0,0
0.49000005943236635,0.8435266582476619,0.18378270803857208,90.35,1,1,2,4,1,1,1,1,1,1,0
-0.7073826486395,-0.3560579937394271,-0.8338606629262776,0.0,0,0,2,3,0,0,0,0,2,1,0
0.3989940591193697,1.376122333611225,-0.10115743583158582,106.4,1,0,2,6,1,1,0,0,2,0,0
1.7870330214631598,1.3694856273761649,1.1607203441648277,106.2,2,1,2,6,2,1,1,1,1,1,0
1.0661593106907086,-0.004312563281248919,1.6084834273893616,0.0,2,0,4,6,2,0,1,1,2,1,72
-1.001506669901803,-1.4842980536996218,-1.2816237461508113,0.0,0,1,0,1,0,0,1,1,0,1,0
0.5654507911287007,0.9978300782128064,0.22448844287716607,95.0,1,0,2,5,1,1,0,0,1,1,0
-0.2733489687475011,0.028870967894050924,-0.30468611002455576,0.0,1,0,2,4,1,0,0,1,1,0,0
-0.2599657334073545,-1.3366313399695375,1.5677776925507676,0.0,2,0,0,2,2,0,0,1,0,1,71
-0.7936277275282149,-1.4826388771408567,-0.2639803751859618,0.0,1,0,0,1,1,0,0,1,0,1,0
-0.18576556632477154,0.8020472442785371,-0.5082147842175256,89.1,1,0,1,4,1,1,0,1,1,0,0
0.15656004189212475,0.9812383126251565,-0.1825689055087738,94.5,1,0,2,5,1,1,1,1,1,0,0
0.2795980481012098,0.9580098408024466,-0.06045170099299184,93.8,1,1,1,4,1,1,1,1,0,1,0
0.3144602791757882,1.0359911390644014,-0.019745966154397852,96.15,1,0,0,4,1,1,1,1,0,0,0
-0.8146240492011989,-0.9898634391876541,-0.7931549280876836,0.0,1,1,0,1,1,0,0,1,0,0,0
-0.8442426847900479,-1.2802193369715278,-0.7117434584104956,0.0,1,1,0,2,1,0,1,1,0,0,0
0.05348719004293041,-0.8405375488988048,1.1200146093262338,0.0,2,0,3,3,2,0,1,0,1,0,60
-0.9041820273298518,0.34245533750063456,-1.2002122764736234,75.25,0,1,0,2,0,1,0,0,0,0,0
1.3150874880174341,1.1654069106480704,0.8757802002946699,100.05,2,0,2,5,2,1,0,1,1,0,0
-0.9875530015799451,-1.5207999379924515,-1.2002122764736234,0.0,0,0,0,1,0,0,0,0,0,1,3
-0.7152590117331272,0.2014253300056102,-0.9559778674420595,71.0,0,1,0,1,0,1,0,0,0,0,0
-0.2453319334534566,1.303118565025565,-0.6303319887333076,104.2,1,1,2,6,1,1,0,1,1,1,0
-0.38432012342038846,1.040968668740696,-0.7117434584104956,96.3,1,0,3,5,1,1,0,1,2,0,0
-0.7971600240688109,-1.3051069853530026,-0.5489205190561197,0.0,1,0,0,2,1,0,0,0,0,1,19
-0.8430579393664939,0.697519121076343,-1.1595065416350294,85.95,0,1,0,3,0,1,0,1,0,1,0
-0.9755519692339448,0.4785078153193637,-1.2816237461508113,79.35,0,1,0,2,0,1,0,1,0,0,0
0.9857282602694342,-0.13206915830615312,1.6084834273893616,0.0,2,0,3,5,2,0,1,0,2,1,72
-0.36705355585859284,-0.32619281568165726,-0.30468611002455576,0.0,1,0,1,3,1,0,1,1,1,1,0
-0.709861838136937,0.3756388686759344,-0.9559778674420595,76.25,0,1,0,2,0,1,1,1,0,0,0
-0.9646040439311035,-1.4743429943470319,-1.1188008067964355,0.0,0,0,0,1,0,0,0,1,0,0,0
-0.08135439094156266,-1.0396387359506039,1.1607203441648277,0.0,2,0,2,2,2,0,1,0,1,1,0
2.2420849627582085,1.2998002119080347,1.5677776925507676,104.1,2,0,2,6,2,1,0,1,1,1,0
-0.5262701769462051,-1.5158224083161567,1.1200146093262338,0.0,2,0,0,1,2,0,0,1,0,1,60
0.3831755137419177,-0.19014033786292786,0.9164859351332638,0.0,2,1,3,4,2,0,1,1,2,0,55
0.9450520007274151,0.3291819250305144,1.1200146093262338,0.0,2,0,4,6,2,0,0,1,2,1,0
0.09995553832232455,0.6776090023711627,-0.10115743583158582,0.0,1,0,4,7,1,0,0,0,2,0,0
1.0058689324698513,1.6150437580733834,0.346605647392948,113.6,1,0,4,8,1,1,0,1,2,1,0
-0.7392610764251277,-0.34278458126930716,-0.8745663977648716,0.0,0,0,2,3,0,0,0,1,2,0,0
0.0854533767488214,0.1732193285066055,0.22448844287716607,0.0,1,0,3,5,1,0,1,1,1,0,0
-0.9730289002763762,-0.6961891882862504,-1.2409180113122174,0.0,0,1,0,1,0,0,0,0,0,0,0
2.057506013714515,1.089084788944881,1.6084834273893616,97.75,2,0,3,6,2,1,1,1,2,1,72
0.7143337993553147,1.2168413839697851,0.346605647392948,101.6,1,0,3,6,1,1,0,1,1,1,0
-0.9691894475148588,0.9596690173612115,-1.2816237461508113,93.85,0,1,0,4,0,1,0,1,0,0,0
-0.9915460324519232,-1.477661347464562,-1.2409180113122174,0.0,0,0,0,1,0,0,1,0,0,0,0
1.0735310599928216,1.1421784388253606,0.590840056424512,99.35,1,1,1,5,1,1,1,1,0,1,0
-0.5187887289937626,0.9978300782128064,-0.8745663977648716,95.0,0,1,1,4,0,1,0,1,0,0,0
-0.9996637325762744,-1.3449272227633626,-1.2816237461508113,0.0,0,1,0,0,0,0,1,1,0,0,0
-0.9726120454051256,-1.5091857020810966,-1.1188008067964355,0.0,0,0,0,1,0,0,1,0,0,1,0
0.267180160883959,-0.4937696481169216,1.1200146093262338,0.0,2,1,3,4,2,0,0,0,1,1,0
-0.5610665888305862,-1.5108448786398618,0.7129572609402939,0.0,2,0,0,1,2,0,0,0,0,0,50
1.1495522246708674,0.712451710105228,0.9571916699718578,86.4,2,1,2,4,2,1,1,1,1,0,0
0.4085159019679329,0.6294928821669784,0.22448844287716607,83.9,1,0,3,4,1,1,0,1,1,0,0
1.6745919048758628,1.4806504568134191,0.8757802002946699,109.55,2,1,3,7,2,1,1,0,1,1,0
1.219934878721999,1.3661672742586346,0.631545791263106,106.1,1,0,2,6,1,1,1,1,0,0,0
-0.8616628304623042,0.6875640617237531,-1.1595065416350294,85.65,0,1,0,3,0,1,1,1,0,0,0
-0.9773071476392099,0.3457736906181643,-1.2816237461508113,75.35,0,0,1,2,0,1,1,0,0,1,0
0.3957030996094976,1.5237890473413087,-0.1825689055087738,110.85,1,1,3,7,1,1,0,1,1,1,0
-0.567824025690857,1.1156316138851208,-0.9152721326034655,98.55,0,1,1,5,0,1,1,0,1,0,0
-0.8601709288178289,-1.497571466169742,-0.5896262538947137,0.0,1,0,0,1,1,0,1,0,0,1,0
2.011059605165187,1.3163919774956847,1.4049547531963917,104.6,2,0,2,6,2,1,1,0,2,1,67
-0.979523060375857,0.1781968581829002,-1.2816237461508113,70.3,0,1,0,1,0,1,1,1,0,0,0
0.7873931004744754,0.03053014445281582,1.3642490183577978,0.0,2,0,4,5,2,0,1,0,2,1,66
-0.7497921468567185,0.13339909109624562,-0.9559778674420595,0.0,0,0,3,5,0,0,1,1,2,1,0
1.9604885273634853,1.1985904418233704,1.4456604880349857,101.05,2,0,1,5,2,1,1,1,0,1,0
0.9067013525723719,0.32088604223668943,0.9978974048104517,0.0,2,0,3,6,2,0,0,0,1,1,0
-0.4394985445359107,0.8866652487755522,-0.7524491932490895,91.65,1,1,1,4,1,1,0,1,1,1,0
2.4395425333505343,1.702980115687928,1.3642490183577978,116.25,2,1,4,8,2,1,1,1,2,1,0
-0.6606071441391845,-1.3814291070561924,0.1023712383613841,0.0,1,0,0,2,1,0,0,0,0,0,35
-0.9086577322632777,0.3690021624408743,-1.2002122764736234,76.05,0,1,0,2,0,1,1,1,0,0,0
-0.443359937027494,-0.2880317548300625,-0.4268033145403377,0.0,1,0,2,3,1,0,1,1,2,1,0
-0.6789048790140734,-1.480979700582092,0.18378270803857208,0.0,1,0,0,1,1,0,0,0,0,0,0
-0.6643588379804387,-1.2968111025591778,-0.22327464034736777,0.0,1,0,0,2,1,0,1,1,0,0,27
-0.91100528338032,-1.1441668591527983,-0.9966836022806536,0.0,0,1,1,1,0,0,1,1,1,0,0
-0.3155390696640615,-1.3299946337344775,1.4049547531963917,0.0,2,0,0,2,2,0,1,0,0,1,67
1.1964154880914462,0.9613281939199768,0.8350744654560759,93.9,2,1,2,5,2,1,1,0,1,1,0
2.3500503744120795,1.4109650413452897,1.6084834273893616,107.45,2,0,4,7,2,1,0,0,2,1,72
-0.8975781685800418,0.8933019550106117,-1.2002122764736234,91.85,0,1,1,4,0,1,1,0,0,0,0
-0.8723255392742898,-0.5136797668221014,-1.0780950719578415,0.0,0,1,1,2,0,0,0,1,1,0,0
1.9589308065288127,1.042627845299461,1.5677776925507676,96.35,2,0,4,6,2,1,0,1,2,1,71
-0.46729618252929706,-1.5158224083161567,1.2421318138420157,0.0,2,0,0,1,2,0,1,0,0,1,63
1.4659231322199056,1.342938802435925,0.8757802002946699,105.4,2,0,3,6,2,1,1,1,2,0,0
-0.9909317200100803,-0.6845749523748957,-1.2816237461508113,0.0,0,0,0,1,0,0,1,1,0,0,0
1.1048609945268044,0.48016699187812906,1.1607203441648277,0.0,2,1,4,7,2,0,0,1,2,1,0
-0.908526093882883,-1.5091857020810966,-0.7931549280876836,0.0,1,0,0,1,1,0,0,0,0,0,0
-0.7938690645589388,-1.3299946337344775,-0.4268033145403377,0.0,1,0,0,2,1,0,1,1,0,0,0
-0.984371740720402,-1.4925939364934466,-1.1595065416350294,0.0,0,0,0,1,0,0,1,1,0,0,0
-0.410209004898049,-0.24323398774340765,-0.3453918448631497,0.0,1,1,3,5,1,0,0,0,1,1,0
1.548328758347103,0.5896726447566184,1.5677776925507676,0.0,2,0,4,7,2,0,0,1,2,1,71
2.170956357884839,1.296481858790505,1.5270719577121736,104.0,2,0,2,6,2,1,1,1,2,0,70
-0.05048519073896217,0.8219573629837174,-0.30468611002455576,89.7,1,1,1,4,1,1,0,1,0,0,0
1.5039885638840929,0.46523440284924406,1.6084834273893616,0.0,2,1,2,6,2,0,0,1,1,1,72
-0.979413361725528,0.18649274097672516,-1.2816237461508113,70.55,0,1,0,1,0,1,0,1,0,0,0
1.4097793629814874,1.1571110278542456,0.9571916699718578,99.8,2,0,1,5,2,1,0,1,0,1,0
0.18108866010570487,1.3445979789946898,-0.2639803751859618,105.45,1,1,3,6,1,1,0,1,1,0,26
0.5913835520664928,0.46357522629047915,0.590840056424512,78.9,1,1,1,3,1,1,1,1,0,1,0
0.9370878787135244,0.4917812277894838,0.9978974048104517,0.0,2,0,2,6,2,0,1,1,0,0,57
1.4547558096164064,0.5233055824060188,1.5270719577121736,0.0,2,1,4,7,2,0,0,0,2,1,70
2.555559825938559,1.5818602268980835,1.6084834273893616,112.6,2,0,4,8,2,1,1,1,2,1,72
-0.9791720246948041,0.20474368312314,-1.2816237461508113,71.1,0,0,0,1,0,1,0,0,0,0,0
-0.9144717607307185,-1.4909347599346818,-0.7931549280876836,0.0,1,0,0,1,1,0,1,0,0,1,0
1.125659858629196,0.9729424298313315,0.8350744654560759,94.25,2,0,1,4,2,1,1,1,0,1,0
0.018098405446772353,-0.17023021915774814,0.26519417771576004,0.0,1,1,3,4,1,0,1,0,1,1,0
-0.9797424576765151,0.1616050925952503,-1.2816237461508113,69.8,0,1,0,1,0,1,0,1,0,1,0
1.8586662401280427,1.233433149557435,1.2828375486806096,102.1,2,1,2,6,2,1,1,0,1,1,64
0.9074911828547413,0.866755130070372,0.631545791263106,91.05,1,0,1,4,1,1,1,1,0,1,0
-0.9995101544658137,-1.3333129868520075,-1.2816237461508113,0.0,0,1,0,0,0,0,1,0,0,0,0
-0.9755958486940765,0.4751894622018339,-1.2816237461508113,79.25,0,1,0,2,0,1,1,1,0,0,0
-0.9661398250357105,1.1902945590295455,-1.2816237461508113,100.8,0,1,1,5,0,1,0,1,0,1,0
1.592120459558468,0.8534817176002523,1.3235432835192036,90.65,2,1,1,4,2,1,1,1,0,1,0
-0.8521629273438067,0.9945117250952766,-1.1595065416350294,94.9,0,0,3,5,0,1,1,1,2,0,0
1.304753875156436,0.9895341954189815,0.9164859351332638,94.75,2,1,1,4,2,1,0,1,1,1,0
0.1453927192886253,-0.3178969328878323,0.6722515261016999,0.0,2,1,1,3,2,0,1,1,1,1,0
-0.7212266183110286,-1.5058673489635668,-0.06045170099299184,0.0,1,0,0,1,1,0,0,1,0,1,0
2.7095986707306396,1.7228902343931078,1.6084834273893616,116.85,2,0,4,8,2,1,0,1,2,1,72
0.3262638539511962,1.1654069106480704,-0.10115743583158582,100.05,1,1,1,5,1,1,0,1,0,1,0
0.7173614821043969,-0.3560579937394271,1.6084834273893616,0.0,2,1,2,4,2,0,0,1,0,1,72
-0.6285093190528985,0.9314630158622067,-0.9559778674420595,93.0,0,0,3,5,0,1,0,0,2,0,0
-0.6503393504683835,1.152133498177951,-0.9966836022806536,99.65,0,1,1,5,0,1,0,1,0,0,0
1.7348164639065222,1.3678264508173998,1.0793088744876398,106.15,2,1,2,6,2,1,0,1,0,1,0
-0.1961211189158357,0.642766294637098,-0.4268033145403377,84.3,1,0,1,3,1,1,0,1,0,0,0
2.084601580345795,1.520470694223779,1.2014260790034217,110.75,2,0,3,7,2,1,1,1,1,0,0
-0.9901857691878427,-0.6281629493768859,-1.2816237461508113,0.0,0,1,0,1,0,0,0,0,0,1,0
-0.9775923641300656,0.3242043953542197,-1.2816237461508113,74.7,0,1,1,2,0,1,0,1,0,0,0
-0.42837510139254303,-1.4959122896109767,1.5677776925507676,0.0,2,0,0,1,2,0,0,0,0,1,71
-0.7403580629284184,-1.3316538102932427,-0.38609757970174374,0.0,1,0,0,2,1,0,0,0,0,0,0
1.4969897899930982,0.6742906492536329,1.4049547531963917,0.0,2,0,3,7,2,0,0,1,2,0,67
-0.8097095496664566,-1.497571466169742,-0.2639803751859618,0.0,1,0,0,1,1,0,1,0,0,0,0
1.3642324833648576,0.8020472442785371,1.2014260790034217,89.1,2,0,1,4,2,1,1,1,0,1,62
-0.9904929254087641,-1.4793205240233267,-1.2409180113122174,0.0,0,0,0,1,0,0,0,0,0,0,0
-0.9910633583904753,-0.6945300117274855,-1.2816237461508113,0.0,0,1,0,1,0,0,1,0,0,0,0
-0.995100268722585,-1.4760021709057967,-1.2409180113122174,0.0,0,0,0,1,0,0,0,0,0,0,0
0.6417132928374704,-0.41910670297249697,1.5677776925507676,0.0,2,0,2,4,2,0,1,1,0,1,0
-0.500118018707755,1.0525829046520514,-0.7931549280876836,96.65,1,0,1,4,1,1,1,1,0,1,0
1.960642105473946,1.0028076078891015,1.5677776925507676,95.15,2,0,4,6,2,1,0,1,2,1,0
2.4151236137872836,1.4308751600504692,1.6084834273893616,108.05,2,0,3,7,2,1,0,1,1,0,72
0.4666342469122744,0.9513731345673865,0.14307697319997809,93.6,1,1,1,4,1,1,1,1,1,1,0
-0.44605852382558914,0.04878108659923111,-0.5489205190561197,0.0,1,0,2,4,1,0,1,0,1,1,0
0.8288153108387322,0.3192268656779245,0.8757802002946699,0.0,2,0,2,5,2,0,1,1,1,1,54
2.076812976172431,1.342938802435925,1.4049547531963917,105.4,2,0,4,7,2,1,0,1,2,1,0
1.5398161430815673,0.9696240767138018,1.1200146093262338,94.15,2,0,2,5,2,1,0,0,1,1,0
0.2708440958049499,-0.4954288246756865,1.0386031396490458,0.0,2,0,3,4,2,0,1,0,1,1,0
-0.7474226560096106,-1.5008898192872717,-0.10115743583158582,0.0,1,0,0,1,1,0,0,0,0,1,30
0.8610886537655447,-0.17188939571651304,1.6084834273893616,0.0,2,0,2,4,2,0,0,0,1,0,72
1.9406550113839898,1.3064369181430948,1.3235432835192036,104.3,2,0,2,6,2,1,0,1,1,1,65
0.21373497844363598,-0.19843622065675282,0.631545791263106,0.0,1,0,1,3,1,0,0,1,0,1,0
-0.8691881578748784,0.33084110158927976,-1.1595065416350294,74.9,0,1,0,2,0,1,0,1,0,0,0
-0.8541155633196642,0.5282831120823135,-1.1188008067964355,80.85,0,1,0,2,0,1,0,1,0,1,0
0.6477686583356349,-0.09224892089579345,1.1607203441648277,0.0,2,0,3,5,2,0,1,1,2,1,61
-0.6722790805341975,0.7074741804289328,-0.9559778674420595,86.25,0,1,1,3,0,1,1,0,1,0,0
-0.9727656235155865,0.689223238282518,-1.2816237461508113,85.7,0,1,0,3,0,1,0,1,0,0,0
-0.1587577586137545,0.7257251225753476,-0.38609757970174374,86.8,1,0,3,4,1,1,1,0,1,1,0
-1.0017480069325266,-1.5025489958460367,-1.2816237461508113,0.0,0,0,0,1,0,0,0,0,0,0,0
-0.6634154295876087,-1.1673953309755083,-0.1825689055087738,0.0,1,0,1,1,1,0,0,1,0,0,0
-0.49083751288991556,1.0210585500355165,-0.8338606629262776,95.7,0,1,1,4,0,1,1,0,0,0,0
-0.4378311250509089,-1.5141632317573919,1.6084834273893616,0.0,2,0,0,1,2,0,1,0,0,1,72
-0.9775923641300656,0.3242043953542197,-1.2816237461508113,74.7,0,1,1,2,0,1,0,1,0,1,0
2.6358153585193063,1.704639292246693,1.5677776925507676,116.3,2,0,4,8,2,1,1,1,2,0,0
-0.46034128809843405,-0.19511786753922303,-0.4268033145403377,0.0,1,0,2,4,1,0,0,1,2,0,0
-0.702314570994297,-1.469365464670737,-0.06045170099299184,0.0,1,1,0,1,1,0,1,1,0,1,0
0.3101820318129545,-0.024222681986428636,0.5501343215859179,0.0,1,0,2,4,1,0,0,1,1,1,46
-0.40560166158422806,0.6643355899010431,-0.6710377235719016,84.95,1,1,0,3,1,1,0,1,0,1,0
0.6390805252295726,1.0193993734767515,0.26519417771576004,95.65,1,0,0,4,1,1,1,1,0,0,0
0.056756209822736624,-0.6215262431418258,0.8757802002946699,0.0,2,0,2,3,2,0,1,0,1,0,54
-0.5974646010097717,-0.007630916398778715,-0.7524491932490895,0.0,1,0,1,4,1,0,0,1,1,1,0
1.3110505776853245,1.4690362209020642,0.6722515261016999,109.2,2,0,3,7,2,1,1,1,1,0,0
-0.8484112335025525,-1.3233579274994176,-0.7117434584104956,0.0,1,0,0,2,1,0,0,0,0,0,15
-0.6029934129863568,-1.5025489958460367,0.7943687306174818,0.0,2,0,0,1,2,0,1,0,0,0,0
-0.9663372826063029,-1.4876164068171518,-1.0780950719578415,0.0,0,0,0,1,0,0,0,0,0,1,6
-0.8818693218529189,1.0044667844478665,-1.2002122764736234,95.2,0,1,0,4,0,1,0,1,0,1,0
-0.7825701035750445,0.6394479415195682,-1.0780950719578415,84.2,0,1,1,3,0,1,1,1,0,1,0
-0.9754422705836158,0.4868036981131887,-1.2816237461508113,79.6,0,1,0,2,0,1,1,0,0,0,0
-0.6614627936117512,-0.3062826969764773,-0.7524491932490895,0.0,1,0,2,3,1,0,0,0,2,0,0
-0.592835317965885,-1.4892755833759168,0.590840056424512,0.0,1,0,0,1,1,0,1,0,0,1,0
-0.9692552667050562,-0.9450656721009992,-1.2002122764736234,0.0,0,0,0,1,0,0,1,1,0,1,0
-0.9888693853838939,-0.5286123558509863,-1.2816237461508113,0.0,0,0,1,2,0,0,1,0,1,0,0
-0.18820087636207686,-1.3233579274994176,1.5677776925507676,0.0,2,0,0,2,2,0,0,0,0,1,71
-0.9510452907504306,0.1582867394777205,-1.2409180113122174,69.7,0,1,0,1,0,1,0,1,0,0,0
-0.8976001083101075,-1.4925939364934466,-0.7931549280876836,0.0,1,0,0,1,1,0,1,1,0,0,0
0.9747583952365272,0.7058150038701679,0.8757802002946699,0.0,2,1,3,7,2,0,0,1,1,1,0
-0.878556422612981,-0.3029643438589475,-1.1188008067964355,0.0,0,0,2,3,0,0,0,0,1,0,0
-0.5282008731919968,-0.48381458876433153,-0.4268033145403377,0.0,1,1,1,3,1,0,0,1,0,0,0
-0.46720842360903386,1.097380671738706,-0.7931549280876836,98.0,1,1,2,5,1,1,1,1,0,1,0
-0.8814305272516026,0.18981109409425545,-1.1595065416350294,70.65,0,1,0,1,0,1,1,1,0,0,0
1.321866864607771,1.543699166046489,0.631545791263106,111.45,1,0,3,7,1,1,1,1,1,1,0
-0.7230256761764254,-1.469365464670737,-0.1418631706701798,0.0,1,0,0,1,1,0,1,1,0,1,0
-0.9001231772676762,-1.5307549973450416,-0.7931549280876836,0.0,1,0,0,1,1,0,0,0,0,1,0
-0.9839987653092832,-0.16027515980515805,-1.2816237461508113,0.0,0,0,2,4,0,0,1,0,1,0,0
1.7727721969203805,0.8285940692187774,1.5677776925507676,0.0,2,0,4,8,2,0,0,0,2,1,71
2.435220406527569,1.4939238692835393,1.6084834273893616,109.95,2,0,3,7,2,1,1,1,2,1,72
1.4611622107956241,0.7174292397815226,1.2828375486806096,0.0,2,0,3,7,2,0,1,0,1,0,64
0.25923797860013437,-0.1387058645412132,0.5501343215859179,0.0,1,0,3,5,1,0,1,1,2,0,46
0.8780480651064188,1.1770211465594258,0.387311382231542,100.4,1,1,2,5,1,1,0,1,1,1,42
-0.013494805847999843,1.3080960947018598,-0.4675090493789317,104.35,1,1,2,6,1,1,1,1,0,0,0
-0.09414525356993207,0.6527213539896879,-0.30468611002455576,84.6,1,0,0,3,1,1,0,1,0,0,0
-0.8174103949195572,-1.4826388771408567,-0.3453918448631497,0.0,1,0,0,1,1,0,1,0,0,1,0
-0.39061682594927705,-0.9799083798350643,0.346605647392948,0.0,1,0,2,2,1,0,0,0,1,1,0
0.5980532300065003,-0.009290092957543614,0.9571916699718578,0.0,2,0,3,5,2,0,1,1,2,0,0
-0.9996637325762744,-1.3449272227633626,-1.2816237461508113,0.0,0,0,0,0,0,0,1,0,0,0,0
-0.9997295517664718,-1.3499047524396575,-1.2816237461508113,0.0,0,1,0,0,0,0,1,1,0,0,0
-0.710563909499043,-1.459410405318147,-0.06045170099299184,0.0,1,0,0,1,1,0,0,0,0,0,0
1.4309292627649322,0.9762607829488613,1.0386031396490458,94.35,2,0,2,5,2,1,1,0,1,1,58
-0.8626281785852,-0.191799514421693,-1.0780950719578415,0.0,0,0,1,3,0,0,1,1,1,0,0
-0.3348679718520436,0.8120023036311275,-0.6303319887333076,89.4,1,1,2,4,1,1,1,1,1,1,0
0.9137659456535642,1.065856317122171,0.5094285867473239,97.05,1,1,3,6,1,1,0,1,2,0,0
1.0038504773037966,0.473530285643069,1.0793088744876398,79.2,2,0,1,3,2,1,0,1,0,0,59
-0.9493559315353628,0.17985603474166512,-1.2409180113122174,70.35,0,1,0,1,0,1,0,1,0,0,0
-0.9006277910591899,0.02223426165899086,-1.1595065416350294,0.0,0,1,1,4,0,0,1,0,0,1,0
-0.41986248612700716,0.30595345320780487,-0.5896262538947137,74.15,1,1,0,2,1,1,0,1,0,0,0
-0.8481918362018944,-1.4793205240233267,-0.5896262538947137,0.0,1,0,0,1,1,0,0,0,0,0,0
-0.9946175946611371,-0.9633166142474143,-1.2816237461508113,0.0,0,0,2,2,0,0,0,0,1,0,0
0.751214485595948,0.9779199595076267,0.387311382231542,94.4,1,1,2,5,1,1,1,1,1,1,0
-0.24928108486530312,0.6742906492536329,-0.5082147842175256,85.25,1,1,0,3,1,1,1,1,0,0,0
1.565090712117385,0.6792681789299281,1.4863662228735797,85.4,2,0,2,4,2,1,0,1,0,1,0
-0.9861049793956013,-0.3195561094465974,-1.2816237461508113,0.0,0,0,0,2,0,0,0,1,0,1,0
-0.8280950434616087,-1.5108448786398618,-0.5082147842175256,0.0,1,0,0,1,1,0,1,0,0,0,0
1.6858250466695597,1.4773321036958893,1.0386031396490458,109.45,2,0,3,7,2,1,0,1,1,1,58
1.9952629995178004,0.9729424298313315,1.6084834273893616,94.25,2,0,4,6,2,1,0,1,2,1,72
-0.5878549992409451,-0.5087022371458064,-0.5489205190561197,0.0,1,0,1,2,1,0,0,1,0,1,0
-0.5525539735650504,0.008960849188871207,-0.6710377235719016,0.0,1,0,1,4,1,0,0,1,0,0,0
-0.5513472884114307,0.9712832532725666,-0.8338606629262776,94.2,0,1,0,4,0,1,0,1,0,0,0
-0.9708349272697948,0.8352307754538371,-1.2816237461508113,90.1,0,1,0,3,0,1,1,1,0,1,0
-0.9742575251600617,0.5763992322864984,-1.2816237461508113,82.3,0,1,2,3,0,1,0,1,0,0,0
-0.21643730895677957,-1.3117436915880627,1.6084834273893616,0.0,2,0,0,2,2,0,1,0,0,0,72
-0.4550099336924412,-0.5120205902633365,-0.2639803751859618,0.0,1,0,0,2,1,0,0,1,0,0,0
-0.8675646178500082,0.2926800407376848,-1.1595065416350294,73.75,0,1,1,2,0,1,0,1,0,1,0
-0.13694966692833532,0.659358060224748,-0.3453918448631497,0.0,1,0,3,7,1,0,1,1,2,1,0
-0.557095497688674,-1.5125040551986266,0.7129572609402939,0.0,2,0,0,1,2,0,0,1,0,0,0
0.8620320621583745,0.7107925335464625,0.7536629957788878,86.35,2,0,1,3,2,1,1,0,1,0,0
2.2883558534670105,1.2948226822317401,1.6084834273893616,103.95,2,0,4,7,2,1,1,0,2,1,72
0.7944576935556673,-0.21668716280316785,1.5270719577121736,0.0,2,0,3,5,2,0,0,1,1,1,0
2.1439046707136904,1.3064369181430948,1.5270719577121736,104.3,2,0,2,6,2,1,0,1,1,1,70
-0.3959262406252041,0.881687719099257,-0.7117434584104956,91.5,1,1,0,3,1,1,0,1,0,0,0
1.0147764628765719,0.9945117250952766,0.590840056424512,94.9,1,0,2,5,1,1,0,0,1,0,0
1.3194096148403995,0.7224067694578178,1.2421318138420157,0.0,2,0,4,7,2,0,1,1,2,0,63
2.2077712249352754,1.664819054836333,1.2828375486806096,115.1,2,0,4,8,2,1,0,1,2,0,64
1.4016397231270705,0.8236165395424823,1.0793088744876398,89.75,2,1,3,5,2,1,0,1,1,0,0
-0.9998392504168009,-1.3582006352334823,-1.2816237461508113,0.0,0,0,0,2,0,0,0,0,0,0,0
0.4679506307162232,0.6626764133422782,0.30589991255435406,84.9,1,1,0,3,1,1,1,1,0,0,0
-0.37690449465814324,-1.3017886322354726,0.9164859351332638,0.0,2,0,0,2,2,0,1,0,0,1,55
-0.5763805204165244,-1.4859572302583868,0.7129572609402939,0.0,2,0,0,1,2,0,1,0,0,0,0
2.082034631928095,1.4109650413452897,1.3235432835192036,107.45,2,1,2,6,2,1,0,1,0,1,0
-0.2831121486267883,-1.3399496930870676,1.4456604880349857,0.0,2,0,0,2,2,0,1,0,0,0,68
-0.94591139391503,0.19312944721178524,-1.2409180113122174,0.0,0,1,1,4,0,0,0,1,1,0,0
1.3282074465967912,0.6328112352845081,1.2421318138420157,0.0,2,0,4,7,2,0,1,1,2,1,0
1.9374079313342487,1.3512346852297499,1.4049547531963917,105.65,2,0,2,6,2,1,0,1,1,1,67
1.8160812240702973,1.3628489211411048,1.1200146093262338,106.0,2,1,2,6,2,1,0,1,1,0,0
0.8545506142059323,-0.01260844607507388,1.4049547531963917,0.0,2,0,3,5,2,0,1,1,2,0,67
2.0135387946626233,1.6266579939847385,1.2014260790034217,113.95,2,0,4,8,2,1,0,0,2,1,62
0.5892553982501089,-0.11879574583603324,1.0793088744876398,0.0,2,0,1,3,2,0,1,1,0,0,0
-0.3419106252031699,-0.4937696481169216,-0.06045170099299184,0.0,1,1,1,3,1,0,1,1,0,0,0
2.06073115403419,1.342938802435925,1.4863662228735797,105.4,2,0,2,6,2,1,0,0,1,1,69
-0.9106103682391353,-0.3129194032115374,-1.1595065416350294,0.0,0,0,0,2,0,0,0,0,0,0,0
-0.9733799359574291,0.642766294637098,-1.2816237461508113,84.3,0,1,1,3,0,1,0,0,0,0,0
-0.34223972115415713,-0.29466846106512257,-0.1825689055087738,0.0,1,1,2,3,1,0,0,0,1,0,0
1.4956075869989522,0.6560397071072182,1.4456604880349857,84.7,2,0,2,4,2,1,0,1,1,1,68
-0.8983241194022794,-1.4760021709057967,-0.8338606629262776,0.0,0,0,0,1,0,0,1,0,0,0,0
1.9407427703042526,1.3578713914648095,1.3235432835192036,105.85,2,0,3,6,2,1,0,1,1,1,65
-0.8720183830533684,1.0940623186211762,-1.2002122764736234,97.9,0,1,2,5,0,1,0,1,1,0,0
-0.6292772096052021,0.48348534499565887,-0.8745663977648716,79.5,0,0,0,2,0,1,1,1,0,1,0
0.10337813621259143,-0.3543988171806622,0.590840056424512,0.0,1,1,1,3,1,0,1,0,0,1,0
-0.7135915922481254,-1.3150620447055927,-0.30468611002455576,0.0,1,0,0,2,1,0,1,0,0,0,0
-0.9885183497028408,-0.5020655309107466,-1.2816237461508113,0.0,0,0,0,2,0,0,1,1,0,0,0
1.8578105906554756,1.32136950717198,1.2421318138420157,104.75,2,0,2,6,2,1,1,1,0,0,63
-0.7695598436460169,-1.3051069853530026,-0.4268033145403377,0.0,1,0,0,2,1,0,0,0,0,1,0
0.5615674589070516,-0.15695680668762801,1.1200146093262338,0.0,2,0,3,5,2,0,1,1,1,1,0
-0.9881892537518536,-0.4771778825292717,-1.2816237461508113,0.0,0,1,1,2,0,0,0,0,0,0,0
1.7467077976021936,1.1687252637656007,1.2014260790034217,100.15,2,1,2,5,2,1,0,1,0,1,0
0.6858340899998222,0.7008374741938728,0.590840056424512,86.05,1,0,0,3,1,1,1,1,0,0,0
2.470367854093003,1.4872871630484792,1.6084834273893616,109.75,2,0,3,7,2,1,1,1,1,1,72
-0.09831380228243675,0.5631258198163787,-0.2639803751859618,0.0,1,0,3,6,1,0,0,0,1,1,0
-0.5465863669871489,1.1471559685016557,-0.8745663977648716,99.5,0,1,1,5,0,1,0,1,0,1,0
2.374776450196251,1.6167029346321486,1.5270719577121736,113.65,2,1,4,8,2,1,0,1,2,1,70
0.19063244268433396,-0.0325185647802536,0.428017117070136,0.0,1,1,2,4,1,0,0,1,1,0,0
-0.2365341016970652,-1.2818785135302928,1.4863662228735797,0.0,2,1,0,2,2,0,0,1,0,1,0
2.5408602067944637,1.6283171705435033,1.6084834273893616,114.0,2,1,4,8,2,1,1,1,2,1,72
1.609211509279737,1.28818597599668,1.1200146093262338,103.75,2,0,2,6,2,1,1,1,1,1,0
-0.6212911478612457,0.1732193285066055,-0.7931549280876836,70.15,1,0,0,1,1,1,0,1,0,0,0
0.06586119780004944,-0.7924214286946202,1.0793088744876398,0.0,2,0,1,2,2,0,1,1,0,1,0
0.9034542725226317,0.020575085100225963,1.4049547531963917,0.0,2,0,2,4,2,0,1,0,1,0,67
-0.898258300212082,-1.4743429943470319,-0.8338606629262776,0.0,0,0,0,1,0,0,1,0,0,1,0
-0.9501457618177321,-0.4821554122055666,-1.2002122764736234,0.0,0,0,0,2,0,0,1,0,0,0,0
-0.9904709856786984,-0.6497322446408307,-1.2816237461508113,0.0,0,0,0,1,0,0,0,0,0,0,0
0.6825211907598844,0.6444254711958629,0.5094285867473239,0.0,1,0,4,7,1,0,1,1,2,1,45
-0.2876756124804777,-0.35108046406313215,-0.06045170099299184,0.0,1,0,2,3,1,0,1,0,1,1,0
-0.9378156335207447,-1.5091857020810966,-1.0373893371192475,0.0,0,0,0,1,0,0,1,0,0,0,7
-0.7561327288457387,-1.4876164068171518,0.020959768684196134,0.0,1,0,0,1,1,0,0,0,0,1,0
0.9506466318941976,1.4989013989598339,0.30589991255435406,110.1,1,0,3,7,1,1,1,1,2,1,0
0.32213918469882313,1.0243769031530463,0.020959768684196134,95.8,1,1,1,4,1,1,1,1,0,1,0
-0.9909097802800146,-0.6829157758161306,-1.2816237461508113,0.0,0,0,0,1,0,0,0,1,0,1,0
-0.4006213428592883,-1.4876164068171518,1.5677776925507676,0.0,2,0,0,1,2,0,0,0,0,1,71
-0.9275697795800096,-0.38260481867966706,-1.2002122764736234,0.0,0,0,0,2,0,0,1,0,0,0,0
0.18516944989794615,0.9828974891839214,-0.22327464034736777,94.55,1,0,0,4,1,1,0,1,0,0,0
2.058405542647213,1.664819054836333,1.1607203441648277,115.1,2,0,4,8,2,1,0,1,2,0,0
-0.5696011438261879,-1.4925939364934466,0.631545791263106,0.0,1,0,0,1,1,0,1,0,0,0,0
-0.6548150554018096,-1.4909347599346818,0.346605647392948,0.0,1,0,0,1,1,0,0,0,0,0,41
-0.7225649418450433,0.35904710308828447,-0.9559778674420595,75.75,0,0,1,2,0,1,0,1,0,1,0
-0.8249357223321315,-0.8139907239585651,-0.8745663977648716,0.0,0,0,3,3,0,0,0,1,1,0,0
-0.9355558413239659,-0.1552976301288631,-1.2002122764736234,0.0,0,1,0,3,0,0,0,1,0,0,0
1.2514403310965079,0.48016699187812906,1.3642490183577978,0.0,2,0,4,7,2,0,1,0,2,1,66
2.157880278765614,1.319710330613215,1.4863662228735797,104.7,2,0,2,6,2,1,1,1,1,0,0
0.9328754505408883,1.518811517665014,0.22448844287716607,110.7,1,1,3,7,1,1,1,1,2,1,0
-0.9797205179464495,0.16326426915401518,-1.2816237461508113,69.85,0,1,0,1,0,1,1,1,0,0,0
1.3782739106069786,1.5553134019578436,0.631545791263106,111.8,1,0,4,8,1,1,1,0,2,1,48
-0.6419364338531767,-0.6646648336697157,-0.5489205190561197,0.0,1,0,0,1,1,0,0,0,0,1,0
-0.8893068903452298,-1.5125040551986266,-0.6710377235719016,0.0,1,0,0,1,1,0,0,0,0,1,0
-0.5029701836163107,-0.14368339421750811,-0.5896262538947137,0.0,1,0,2,4,1,0,0,1,1,0,0
-0.7885815896130777,-1.4942531130522119,-0.30468611002455576,0.0,1,1,0,1,1,0,1,0,0,1,0
0.8494386571005973,0.48016699187812906,0.9164859351332638,79.4,2,1,2,3,2,1,1,0,1,1,0
-0.9482808847621379,-0.6497322446408307,-1.2002122764736234,0.0,0,1,0,1,0,0,1,1,0,0,0
-0.7532586242071171,0.5415565245524336,-0.9966836022806536,81.25,0,1,1,3,0,1,1,1,0,0,0
-0.04100722735053055,-0.18682198474539805,0.26519417771576004,0.0,1,1,1,3,1,0,0,0,1,0,0
-0.9586144976231364,-1.4859572302583868,-1.1188008067964355,0.0,0,0,0,1,0,0,0,0,0,0,0
2.2216590740669355,1.7809614139498826,1.1607203441648277,118.6,2,1,4,8,2,1,0,1,2,0,0
-0.9946834138513346,-0.9682941439237093,-1.2816237461508113,0.0,0,1,0,1,0,0,0,1,0,0,0
-0.9656571509742626,-1.3167212212643575,-1.1595065416350294,0.0,0,0,0,2,0,0,1,0,0,0,0
1.089766460241524,0.49012205123071895,1.2421318138420157,0.0,2,0,2,6,2,0,0,1,1,1,0
-0.8873323146393065,-1.3266762806169474,-0.8338606629262776,0.0,0,0,0,2,0,0,1,0,0,0,0
-0.9152615910130878,0.33913698438310474,-1.2002122764736234,75.15,0,0,0,2,0,1,0,1,0,1,0
-0.3261798387459813,1.3412796258771595,-0.7117434584104956,105.35,1,0,2,6,1,1,0,1,0,1,0
-0.04148990141197842,-0.7260543663440205,0.7129572609402939,0.0,2,0,2,3,2,0,1,1,1,0,0
0.7269710838732235,1.0061259610066313,0.387311382231542,95.25,1,0,2,5,1,1,1,1,0,1,0
-0.92798663445126,-1.4925939364934466,-0.9152721326034655,0.0,0,0,0,1,0,0,0,1,0,1,0
0.3749042355071059,-0.18184445506910288,0.9164859351332638,0.0,2,0,1,3,2,0,1,0,1,1,0
-0.2299741224073868,0.3341594547068096,-0.38609757970174374,75.0,1,0,1,2,1,1,0,1,1,0,0
-0.7234205913176099,0.1367174442137754,-0.9559778674420595,0.0,0,0,2,5,0,0,1,1,0,1,0
1.3959353933099587,0.9663057235962715,1.0793088744876398,94.05,2,1,4,6,2,1,0,1,2,1,0
1.690585968093841,0.6693131195773377,1.6084834273893616,0.0,2,0,4,7,2,0,0,0,2,1,72
-0.9683118583122262,1.026036079711811,-1.2816237461508113,95.85,0,1,1,4,0,1,0,1,1,0,0
-0.7950757497125586,-1.4544328756418519,-0.3453918448631497,0.0,1,0,0,1,1,0,0,1,0,1,24
0.7318197642177685,0.06205449906935077,1.0386031396490458,0.0,2,0,1,4,2,0,0,1,0,1,0
0.018383621937627975,0.34245533750063456,-0.06045170099299184,0.0,1,0,3,6,1,0,1,1,2,1,0
-0.8723913584644872,-1.5042081724048018,-0.6710377235719016,0.0,1,0,0,1,1,0,0,0,0,1,0
0.267311799264354,0.4751894622018339,0.18378270803857208,0.0,1,0,2,6,1,0,1,0,1,1,0
-0.5059101074451298,0.13505826765501053,-0.6303319887333076,69.0,1,1,0,1,1,1,1,1,0,1,0
1.0664884066416958,0.9596690173612115,0.6722515261016999,93.85,2,0,2,5,2,1,1,1,1,1,0
-0.967149052618738,-0.6563689508758908,-1.2409180113122174,0.0,0,1,0,1,0,0,1,1,0,0,0
0.7633690960524091,0.6825865320474579,0.590840056424512,85.5,1,0,1,3,1,1,1,0,1,0,0
-0.9798740960569101,0.15165003324266044,-1.2816237461508113,69.5,0,1,0,1,0,1,0,1,0,0,0
1.1629573997410798,0.8219573629837174,0.9571916699718578,89.7,2,0,0,3,2,1,1,0,0,1,0
0.8486268870881625,0.8634367769528422,0.5501343215859179,90.95,1,0,2,4,1,1,0,0,1,1,0
1.7712802952759055,0.8219573629837174,1.6084834273893616,0.0,2,0,4,8,2,0,1,0,2,1,72
0.8376350823251896,1.1637477340893057,0.428017117070136,100.0,1,1,1,5,1,1,1,1,1,0,0
-0.9794353014555939,0.18483356441796028,-1.2816237461508113,70.5,0,1,0,1,0,1,0,0,0,0,0
2.5100129463219294,1.550335872281549,1.6084834273893616,111.65,2,0,3,7,2,1,1,1,1,1,72
-0.8431018188266255,-1.1806687434456282,-0.8338606629262776,0.0,0,0,1,1,0,0,1,1,0,0,0
0.2909847680053672,-0.7625562506368502,1.4456604880349857,0.0,2,1,3,3,2,0,1,1,1,1,68
0.827191770813862,1.1106540842088262,0.346605647392948,98.4,1,1,1,5,1,1,1,1,0,0,0
1.4081119434964855,0.8833468956580218,1.0386031396490458,91.55,2,1,2,4,2,1,0,1,0,1,0
-0.5139619883792835,-1.1557810950641534,0.26519417771576004,0.0,1,0,1,1,1,0,0,0,0,0,0
0.6054688587687453,0.458597696614184,0.631545791263106,0.0,1,0,2,6,1,0,1,1,1,0,0
-0.7704154931185837,-1.3117436915880627,-0.30468611002455576,0.0,1,0,0,2,1,0,1,1,0,1,0
-0.8828785494359463,-1.4743429943470319,-0.6710377235719016,0.0,1,0,0,1,1,0,1,0,0,1,16
-0.05066070857948872,0.8169798333074222,-0.3453918448631497,89.55,1,1,2,4,1,1,1,1,0,0,0
0.6931619598418042,0.8534817176002523,0.428017117070136,90.65,1,0,4,5,1,1,1,1,2,0,0
-0.9949905700722559,-0.9915226157464192,-1.2816237461508113,0.0,0,0,0,1,0,0,0,0,0,0,0
-0.936016575655348,-0.3394662281517771,-1.2002122764736234,0.0,0,0,0,2,0,0,1,1,0,0,0
-0.909579200926042,0.17653768162413533,-1.2002122764736234,70.25,0,1,0,1,0,1,0,1,0,0,0
0.38131063668632353,-0.3062826969764773,0.9978974048104517,0.0,2,1,2,3,2,0,1,0,2,1,0
1.376211575980792,0.9646465470375066,0.9978974048104517,94.0,2,0,2,5,2,1,0,0,0,1,0
-0.9864560150766544,-0.3461029343868372,-1.2816237461508113,0.0,0,1,2,3,0,0,0,0,2,0,0
-0.8276343091302266,-0.6563689508758908,-0.9559778674420595,0.0,0,1,0,1,0,0,0,0,0,0,0
-0.7586119183431758,1.0227177265942813,-1.0780950719578415,95.75,0,1,1,4,0,1,1,1,0,1,0
1.8844673626854396,1.3230286837307448,1.2421318138420157,104.8,2,0,2,6,2,1,1,1,0,1,63
-0.5460817531956353,0.5116913464946635,-0.7524491932490895,80.35,1,0,1,3,1,1,0,1,0,0,0
-0.44687029383802424,-0.3195561094465974,-0.38609757970174374,0.0,1,0,2,3,1,0,1,1,1,0,0
-0.2724933192749344,-1.3432680462045974,1.5677776925507676,0.0,2,0,0,2,2,0,0,1,0,1,71
0.7619210738680653,0.9165304268333218,0.428017117070136,92.55,1,0,1,4,1,1,0,1,0,1,0
-0.35353868213805134,0.8037064208373025,-0.6303319887333076,89.15,1,1,2,4,1,1,0,1,0,0,0
-0.7297831130366961,-0.618207890024296,-0.7117434584104956,0.0,1,1,0,1,1,0,0,0,0,1,0
-0.16608562845573638,-0.3212152860053623,0.1023712383613841,0.0,1,0,1,3,1,0,1,0,1,0,35
0.41283802879089826,1.303118565025565,-0.06045170099299184,104.2,1,1,2,6,1,1,0,1,1,1,0
1.7651152311274116,0.8435266582476619,1.5677776925507676,0.0,2,1,4,8,2,0,1,0,2,1,71
0.09734471044449257,0.29931674697274485,0.06166550352279012,73.95,1,0,1,2,1,1,0,1,0,0,0
-0.5739671501092849,-0.009290092957543614,-0.7117434584104956,0.0,1,0,1,4,1,0,0,1,1,0,0
-0.29943530779575395,-1.3117436915880627,1.4456604880349857,0.0,2,0,0,2,2,0,1,0,0,1,68
-0.09631728684644779,0.5664441729339085,-0.2639803751859618,0.0,1,0,2,6,1,0,1,1,1,1,0
-0.9794572411856598,0.18317438785919538,-1.2816237461508113,0.0,0,0,3,5,0,0,1,1,2,0,0
0.7461244682206791,0.16326426915401518,0.9978974048104517,0.0,2,0,3,5,2,0,0,0,2,0,57
0.6100323226224348,1.0160810203592212,0.26519417771576004,95.55,1,1,3,5,1,1,0,1,2,0,0
-0.49487442322202535,-1.3283354571757127,0.5501343215859179,0.0,1,1,0,2,1,0,1,0,0,1,0
1.9263283676510126,1.309755271260625,1.2828375486806096,104.4,2,0,2,6,2,1,1,1,0,0,64
-0.8904916357687838,0.9945117250952766,-1.2002122764736234,94.9,0,1,0,4,0,1,0,0,0,1,0
-0.9803348303882923,-1.4859572302583868,-1.1595065416350294,0.0,0,0,0,1,0,0,0,1,0,0,0
1.8811105839853703,0.873391836305432,1.5677776925507676,0.0,2,0,4,8,2,0,1,1,2,1,71
0.056492933061946894,1.1405192622665956,-0.3453918448631497,99.3,1,0,2,5,1,1,0,1,0,1,0
-0.6684396277726801,-1.5025489958460367,0.428017117070136,0.0,1,0,0,1,1,0,0,1,0,0,43
-0.5241859025899529,0.13505826765501053,-0.6303319887333076,0.0,1,0,2,5,1,0,0,1,1,0,0
0.25092282090519075,0.6726314726948681,0.06166550352279012,85.2,1,0,1,3,1,1,1,1,0,1,0
-0.8193191514352831,-0.6663240102284806,-0.9152721326034655,0.0,0,0,0,1,0,0,1,1,0,0,0
0.6015855265470963,0.8833468956580218,0.30589991255435406,91.55,1,1,0,3,1,1,0,1,0,0,0
0.3513190256863558,-0.168571042598983,0.7943687306174818,0.0,2,0,2,4,2,0,0,0,1,0,52
0.9814719526366664,0.9580098408024466,0.7536629957788878,93.8,2,1,2,5,2,1,0,1,1,1,0
-0.43412331066978627,1.1886353824707805,-0.7931549280876836,100.75,1,1,1,5,1,1,1,0,1,0,0
-0.49842865949268716,-0.004312563281248919,-0.5896262538947137,0.0,1,1,1,4,1,0,0,0,1,0,0
-0.13929721804537737,-0.014267622633838777,-0.10115743583158582,0.0,1,1,2,4,1,0,0,1,1,1,0
-0.8691223386846809,0.3275227484717495,-1.1595065416350294,74.8,0,0,1,2,0,1,1,1,0,0,0
-0.9111149820306491,-0.03915527101531366,-1.1595065416350294,0.0,0,0,2,4,0,0,1,1,1,0,0
-1.001506669901803,-1.4842980536996218,-1.2816237461508113,0.0,0,0,0,1,0,0,1,1,0,0,0
-0.675526160583938,-1.5042081724048018,0.22448844287716607,0.0,1,0,0,1,1,0,0,0,0,1,0
1.7036401074830005,0.6560397071072182,1.6084834273893616,84.7,2,0,2,4,2,1,0,1,2,0,72
1.5072575836638995,0.5150096996121938,1.6084834273893616,80.45,2,0,1,3,2,1,0,0,1,1,72
-0.9863901958864568,-0.34112540471054226,-1.2816237461508113,0.0,0,1,0,2,0,0,0,1,0,0,0
1.566999468633111,1.2699350338502653,0.9571916699718578,103.2,2,1,2,6,2,1,1,1,1,1,56
-0.5072264912490786,0.35572874997075465,-0.7117434584104956,75.65,1,1,0,2,1,1,1,0,0,0,0
-0.26505575078262344,-1.2752418072952327,1.3235432835192036,0.0,2,0,0,2,2,0,0,0,0,0,65
-0.8713163116912623,-0.017585975751368575,-1.1188008067964355,0.0,0,0,3,5,0,0,1,0,2,1,0
-0.22102271254053463,-1.3183803978231226,1.6084834273893616,0.0,2,0,0,2,2,0,1,1,0,1,72
1.9915551851366784,1.0924031420624107,1.6084834273893616,97.85,2,1,1,5,2,1,0,1,0,1,72
-0.249412723245698,-0.5020655309107466,0.06166550352279012,0.0,1,1,1,2,1,0,1,1,0,0,0
1.6581151675964363,0.9729424298313315,1.2828375486806096,94.25,2,1,2,5,2,1,1,1,0,1,0
-0.3897172970165787,-1.477661347464562,1.3235432835192036,0.0,2,0,0,1,2,0,1,1,0,1,65
1.2404046468734033,1.0708338467984662,0.8757802002946699,97.2,2,0,1,5,2,1,0,1,0,0,54
-1.0014408507116053,-1.4793205240233267,-1.2816237461508113,0.0,0,0,0,1,0,0,1,0,0,0,0
-0.6203916189285473,0.659358060224748,-0.8745663977648716,84.8,0,1,1,3,0,1,1,0,0,0,0
-0.8686835440833647,-0.32453363912289235,-1.0780950719578415,0.0,0,0,2,3,0,0,0,0,1,0,0
-0.28995734440732235,-1.3499047524396575,1.4863662228735797,0.0,2,0,0,2,2,0,0,0,0,1,69
-0.9766050762771039,-1.4743429943470319,-1.2002122764736234,0.0,0,1,0,1,0,0,1,1,0,0,0
0.9549248792570314,0.010620025747636104,1.6084834273893616,0.0,2,0,4,6,2,0,1,1,2,1,72
0.5178854563460158,0.12676238486118555,0.7943687306174818,0.0,2,1,3,5,2,0,1,1,1,1,0
0.549368968990459,1.1322233794727707,0.1023712383613841,99.05,1,1,1,5,1,1,0,1,1,0,0
1.9094128357702704,1.2450473854687905,1.2828375486806096,102.45,2,0,3,6,2,1,1,1,1,1,0
-0.4138290603589083,-1.4793205240233267,1.3642490183577978,0.0,2,1,0,1,2,0,1,1,0,1,0
0.32621997449106466,1.3230286837307448,-0.1825689055087738,104.8,1,1,2,6,1,1,0,1,1,1,0
1.1975782937849344,1.5685868144279638,0.5094285867473239,112.2,1,0,4,7,1,1,1,0,2,0,0
-0.6130198696264338,-1.477661347464562,0.46872285190873,0.0,1,0,0,1,1,0,1,0,0,0,44
-0.9281182728316549,0.6842457086062228,-1.2409180113122174,85.55,0,1,0,3,0,1,0,1,0,0,0
0.8386662496382826,0.3341594547068096,0.9164859351332638,0.0,2,0,3,6,2,0,0,1,2,1,0
-0.9748279581417729,-0.6331404790531808,-1.2409180113122174,0.0,0,0,0,1,0,0,1,0,0,0,0
2.305556601838608,1.2948226822317401,1.6084834273893616,103.95,2,0,4,7,2,1,0,1,2,1,72
-0.9754642103136815,0.4851445215544238,-1.2816237461508113,79.55,0,1,0,2,0,1,0,0,0,0,0
-0.3746447024613645,-0.8206274301936248,0.18378270803857208,0.0,1,0,3,3,1,0,1,0,1,1,0
0.849021802229347,0.14833168012513065,1.2014260790034217,0.0,2,0,4,6,2,0,1,0,2,0,62
-0.921602173002108,-1.461069581876912,-0.8745663977648716,0.0,0,0,0,1,0,0,0,0,0,1,11
-0.46591397953515085,-1.5125040551986266,1.3642490183577978,0.0,2,0,0,1,2,0,1,0,0,0,66
-0.30943982470576514,-0.14036504109997808,-0.2639803751859618,0.0,1,0,1,3,1,0,0,0,0,1,0
-0.953941335119118,-1.5075265255223318,-1.0373893371192475,0.0,0,0,0,1,0,0,1,0,0,0,0
-0.5755687504040893,1.1587702044130104,-0.9152721326034655,99.85,0,1,2,5,0,1,1,1,1,1,0
2.314244734944671,1.4109650413452897,1.6084834273893616,107.45,2,0,3,7,2,1,0,0,2,1,72
-0.9797424576765151,0.1616050925952503,-1.2816237461508113,69.8,0,1,0,1,0,1,1,1,0,0,0
-0.9151080129026272,-0.48547376532309666,-1.1595065416350294,0.0,0,1,1,2,0,0,0,0,1,1,0
-0.8958888093649741,-1.5008898192872717,-0.8338606629262776,0.0,0,0,0,1,0,0,0,0,0,0,0
-0.9893301197152761,-0.563455063585051,-1.2816237461508113,0.0,0,1,1,2,0,0,1,0,1,0,0
1.1196703123212288,1.4590811615494745,0.5501343215859179,108.9,1,0,3,7,1,1,0,1,1,1,46
-0.453276695017242,-0.45892694038285664,-0.3453918448631497,0.0,1,0,1,2,1,0,1,1,1,0,0
-0.6366050794471839,0.4337100482327091,-0.8745663977648716,78.0,0,0,1,3,0,1,1,1,0,0,0
-0.8348524803218794,-1.4892755833759168,-0.5082147842175256,0.0,1,0,0,1,1,0,1,0,0,1,20
0.4267478176526245,1.0077851375653963,0.020959768684196134,95.3,1,0,2,5,1,1,1,1,1,0,0
-0.5458623558949771,0.6477438243133932,-0.7931549280876836,84.45,1,1,2,4,1,1,0,1,0,0,0
-0.58326959565719,-1.4859572302583868,0.6722515261016999,0.0,2,0,0,1,2,0,0,1,0,1,49
-0.878556422612981,-1.5042081724048018,-0.7524491932490895,0.0,1,0,0,1,1,0,1,0,0,0,0
-0.23271658866561354,0.4619160497317138,-0.3453918448631497,78.85,1,1,1,3,1,1,1,1,1,1,0
-0.841039484200439,1.2019087949409006,-1.1595065416350294,101.15,0,1,1,5,0,1,1,0,0,1,0
1.2141647297146896,1.1836578527944854,0.6722515261016999,100.6,2,0,1,5,2,1,1,1,1,0,0
-0.978140857381711,-1.5241182911099815,-1.1595065416350294,0.0,0,0,0,1,0,0,1,0,0,0,0
-0.256016581995508,-1.3399496930870676,1.5677776925507676,0.0,2,1,0,2,2,0,0,0,0,0,71
-0.5164631176067863,-1.469365464670737,0.9978974048104517,0.0,2,0,0,1,2,0,1,0,0,0,57
-0.2855035792039621,0.6576988836659831,-0.5489205190561197,84.75,1,1,2,4,1,1,1,1,1,0,0
-0.38530741127335005,0.29599839385521454,-0.5489205190561197,73.85,1,0,1,2,1,1,1,1,0,0,0
-0.47510672643272694,0.6759498258123978,-0.7117434584104956,85.3,1,1,1,3,1,1,1,0,0,0,0
1.3731180740415123,1.4541036318731793,0.7129572609402939,108.75,2,0,3,7,2,1,0,0,1,1,0
-0.3401773865279707,0.8319124223363072,-0.5896262538947137,90.0,1,0,1,4,1,1,0,1,0,0,0
-0.029861844477096985,-0.14036504109997808,0.14307697319997809,0.0,1,0,3,5,1,0,1,0,2,1,0
0.16096992763535325,0.13505826765501053,0.22448844287716607,0.0,1,0,2,5,1,0,1,0,1,1,0
2.349655459270894,1.3661672742586346,1.6084834273893616,106.1,2,0,4,7,2,1,0,0,2,1,72
-0.9895275772858683,-1.3432680462045974,-1.2409180113122174,0.0,0,0,0,0,0,0,1,1,0,0,0
0.645048131807474,0.33913698438310474,0.631545791263106,75.15,1,1,1,2,1,1,0,0,0,0,0
-0.988386711322446,-0.49211047155815646,-1.2816237461508113,0.0,0,0,0,2,0,0,0,1,0,0,0
2.1760463752601082,1.3744631570524595,1.4863662228735797,106.35,2,0,3,6,2,1,1,1,2,1,69
-0.7802883716482,-0.6613464805521857,-0.8338606629262776,0.0,0,0,0,1,0,0,0,1,0,0,0
-0.973994248399272,-1.4925939364934466,-1.1595065416350294,0.0,0,1,0,1,0,0,0,1,0,1,0
-0.9794572411856598,0.18317438785919538,-1.2816237461508113,70.45,0,0,0,1,0,1,1,1,0,0,0
-0.5425494566550392,-1.3432680462045974,0.5501343215859179,0.0,1,0,0,2,1,0,0,1,0,1,0
-0.4148821674020674,-1.472683817788267,1.3642490183577978,0.0,2,0,0,1,2,0,1,0,0,0,66
-0.8337116143584572,-0.9583390845711194,-0.8745663977648716,0.0,0,0,2,2,0,0,0,1,2,0,0
-0.6458197660748258,-0.9682941439237093,-0.3453918448631497,0.0,1,0,2,2,1,0,1,0,2,0,24
2.430788581054275,1.6532048189249784,1.5270719577121736,114.75,2,0,4,8,2,1,1,0,2,1,70
-0.4685467471430485,-1.4925939364934466,1.2421318138420157,0.0,2,0,0,1,2,0,1,1,0,1,63
-0.9624539503846539,-1.4909347599346818,-1.0780950719578415,0.0,0,0,0,1,0,0,0,0,0,0,0
-0.8858623527248971,-1.4942531130522119,-0.7524491932490895,0.0,1,0,0,1,1,0,1,0,0,0,0
-0.22205387985362793,-1.2918335728828827,1.4863662228735797,0.0,2,0,0,2,2,0,1,1,0,1,69
-0.8329437238061537,-0.37430893588584213,-1.0373893371192475,0.0,0,1,1,3,0,0,0,1,1,0,0
-0.899903779967018,0.48846287467195404,-1.2002122764736234,79.65,0,0,1,3,0,1,1,1,1,1,0
0.5160863984806191,-0.12875080518862334,1.0386031396490458,0.0,2,0,2,4,2,0,0,1,2,1,0
-0.8694953140957998,-1.3183803978231226,-0.8745663977648716,0.0,0,1,0,0,0,0,0,0,0,0,0
2.5719926837578537,1.6084070518383238,1.6084834273893616,113.4,2,0,4,8,2,1,1,0,2,0,72
-0.32411750411979473,-1.2984702791179428,1.2014260790034217,0.0,2,0,0,2,2,0,0,1,0,0,62
-0.9877285194204716,-1.4959122896109767,-1.2409180113122174,0.0,0,0,0,1,0,0,1,0,0,0,0
0.39622965313107705,1.3080960947018598,-0.06045170099299184,104.35,1,1,2,6,1,1,0,0,1,0,0
-1.000080587447525,-1.3764515773798973,-1.2816237461508113,0.0,0,1,0,0,0,0,1,1,0,1,0
-0.9586803168133338,-1.5008898192872717,-1.1595065416350294,0.0,0,0,0,1,0,0,1,0,0,0,0
0.9918494449577963,1.0044667844478665,0.590840056424512,95.2,1,0,0,4,1,1,1,1,0,1,0
0.4218113783878163,0.5183280527297236,0.346605647392948,0.0,1,1,2,6,1,0,0,1,0,0,0
-0.18752074473003666,-0.7642154271956153,0.590840056424512,0.0,1,0,3,3,1,0,0,0,2,0,47
-0.9948150522317296,-0.9782492032762992,-1.2816237461508113,0.0,0,1,0,1,0,0,1,1,0,0,0
-0.9353803234834392,-1.4925939364934466,-0.9966836022806536,0.0,0,0,0,1,0,0,0,0,0,0,0
0.23556500985912093,0.6576988836659831,0.06166550352279012,0.0,1,0,4,7,1,0,0,0,2,1,34
-0.5373716803595071,-1.3499047524396575,0.428017117070136,0.0,1,0,0,2,1,0,1,0,0,1,43
-0.9069683730482101,-0.4771778825292717,-1.1595065416350294,0.0,0,0,1,2,0,0,0,1,1,0,0
1.2025586125098742,1.089084788944881,0.8350744654560759,97.75,2,0,2,5,2,1,1,0,1,1,0
1.7637330281332655,0.8534817176002523,1.4863662228735797,0.0,2,0,4,8,2,0,1,0,2,0,69
-0.9149544347921665,0.31756768911915967,-1.2002122764736234,74.5,0,1,0,2,0,1,1,0,0,0,0
0.7746461173062374,0.028870967894050924,1.2828375486806096,0.0,2,0,2,4,2,0,0,0,2,1,0
-0.9121242096136764,-1.3316538102932427,-0.9152721326034655,0.0,0,0,0,2,0,0,1,0,0,0,0
-0.7727630442356258,-1.4710246412295018,-0.30468611002455576,0.0,1,0,0,1,1,0,1,0,0,0,0
-0.9881673140217879,-0.47551870597050655,-1.2816237461508113,0.0,0,0,1,2,0,0,1,0,1,0,0
0.20351106423296675,0.7539311240743528,-0.019745966154397852,87.65,1,0,2,4,1,1,1,0,2,0,0
0.24236632617952328,0.473530285643069,0.14307697319997809,0.0,1,0,3,6,1,0,1,1,2,0,0
-0.33875130407369275,-0.3195561094465974,-0.10115743583158582,0.0,1,0,2,3,1,0,0,1,1,0,0
-0.19254494291510807,0.3109309828840996,-0.30468611002455576,0.0,1,0,4,6,1,0,0,0,2,0,0
0.29056791313411684,1.2948226822317401,-0.1418631706701798,103.95,1,1,1,5,1,1,1,1,0,1,0
-0.9770219311483543,0.3673429858821094,-1.2816237461508113,76.0,0,1,0,2,0,1,0,0,0,0,0
1.7332806828019154,1.4756729271371243,0.9978974048104517,109.4,2,0,3,7,2,1,0,1,1,1,0
-0.7862340384960356,-1.4942531130522119,-0.30468611002455576,0.0,1,0,0,1,1,0,1,0,0,0,0
0.5345157717359029,1.3744631570524595,-0.019745966154397852,106.35,1,0,2,6,1,1,1,0,0,1,0
1.738151302876526,0.7273842991341125,1.5677776925507676,0.0,2,0,4,8,2,0,1,0,2,1,71
-0.9508039537197066,-0.9931817923051841,-1.1595065416350294,0.0,0,0,2,2,0,0,0,0,1,0,0
1.1471607940936936,0.8368899520126024,0.9164859351332638,0.0,2,1,4,8,2,0,0,1,2,1,0
-0.3195101608059738,0.8933019550106117,-0.6303319887333076,91.85,1,1,2,4,1,1,0,0,2,1,0
-0.319488221075908,-1.3366313399695375,1.2421318138420157,0.0,2,0,0,2,2,0,1,0,0,1,63
-0.8937387158185243,-0.6812565992573657,-1.0373893371192475,0.0,0,1,2,3,0,0,1,1,1,0,0
2.8004730326632408,1.7544145890096428,1.6084834273893616,117.8,2,0,4,8,2,1,1,1,2,1,0
-0.30979086038681825,-1.0197286172454239,0.5094285867473239,0.0,1,1,0,1,1,0,0,0,0,0,0
-0.971164023220782,0.8103431270723621,-1.2816237461508113,89.35,0,1,0,3,0,1,0,1,0,0,0
2.5258095519693153,1.510515634871189,1.6084834273893616,110.45,2,0,3,7,2,1,0,1,2,1,72
-0.6101896444479439,0.5481932307874936,-0.8338606629262776,81.45,0,1,0,2,0,1,1,1,0,0,0
0.26987874768205417,1.2135230308522553,-0.10115743583158582,101.5,1,1,1,5,1,1,1,1,1,1,0
2.526972357662803,1.5918152862506738,1.6084834273893616,112.9,2,0,4,8,2,1,1,1,2,1,0
-0.21479182920184353,0.14501332700760036,-0.30468611002455576,69.3,1,1,0,1,1,1,0,1,0,1,0
-0.06625985665628258,0.6726314726948681,-0.22327464034736777,85.2,1,0,2,4,1,1,1,1,1,1,0
0.8458405413698039,0.22133544871078992,1.0386031396490458,0.0,2,0,4,6,2,0,1,0,2,1,58
-0.9680485815514365,-0.6613464805521857,-1.2409180113122174,0.0,0,0,0,1,0,0,1,1,0,0,0
0.5522430736290806,-0.17023021915774814,1.1200146093262338,0.0,2,0,1,3,2,0,1,1,1,1,0
-0.8367831765676711,-1.5008898192872717,-0.5082147842175256,0.0,1,0,0,1,1,0,0,0,0,1,0
1.2902517135829328,0.5996277041092083,1.2421318138420157,0.0,2,0,4,7,2,0,0,0,2,0,0
-0.8746292109312003,-1.4992306427285067,-0.7524491932490895,0.0,1,0,0,1,1,0,1,0,0,1,0
-0.739480473725786,-1.4793205240233267,-0.1418631706701798,0.0,1,0,0,1,1,0,0,0,0,0,0
-0.9801154330876342,0.13339909109624562,-1.2816237461508113,68.95,0,1,0,1,0,1,0,1,0,1,0
0.14087313489506773,0.8202981864249524,-0.1418631706701798,89.65,1,0,2,4,1,1,1,0,1,0,0
-0.9221287265236877,-0.4373576451189118,-1.1595065416350294,0.0,0,0,0,2,0,0,1,0,0,0,0
2.5559766808098097,1.679751643865218,1.5270719577121736,115.55,2,0,4,8,2,1,0,0,2,0,0
-0.8500567132574885,-0.29964599074141746,-1.0780950719578415,0.0,0,0,2,3,0,0,0,0,1,1,0
-0.8250234812523948,0.9895341954189815,-1.1595065416350294,94.75,0,1,1,4,0,1,1,1,0,0,0
-0.6345427448209974,-1.4992306427285067,0.5501343215859179,0.0,1,0,0,1,1,0,1,0,0,1,46
-0.8576039804001285,-0.6812565992573657,-0.9559778674420595,0.0,0,0,0,1,0,0,1,1,0,0,0
-0.9790623260444751,0.21303956591696496,-1.2816237461508113,71.35,0,0,0,1,0,1,1,1,0,0,0
0.3690463275795336,1.2102046777347255,-0.06045170099299184,101.4,1,1,2,5,1,1,1,1,0,0,0
-0.9773071476392099,0.3457736906181643,-1.2816237461508113,75.35,0,1,0,2,0,1,1,1,0,0,0
0.4688062801887899,0.29599839385521454,0.5094285867473239,0.0,1,0,3,6,1,0,1,0,2,1,45
-0.6883170232123076,-0.029200211662723803,-0.8745663977648716,0.0,0,0,2,4,0,0,0,0,1,0,0
2.062486332439455,1.490605516166009,1.2421318138420157,109.85,2,0,3,7,2,1,0,1,1,0,0
-0.9724804070247308,-1.3382905165283026,-1.2002122764736234,0.0,0,0,0,2,0,0,0,0,0,0,0
-0.5610446491005204,-0.02256350542766374,-0.6710377235719016,0.0,1,0,2,4,1,0,1,0,1,1,16
-0.8426630242253093,-1.4842980536996218,-0.5489205190561197,0.0,1,0,0,1,1,0,0,0,0,1,0
1.431455816286512,0.4702119325255387,1.5677776925507676,0.0,2,0,3,6,2,0,1,1,1,1,71
-0.39156023434210707,0.7240659460165827,-0.6303319887333076,86.75,1,1,2,4,1,1,1,0,1,0,0
-0.03148538450196734,-0.6679831867872458,0.7129572609402939,0.0,2,0,0,1,2,0,1,1,0,1,0
-0.9411504724907483,0.21138038935820005,-1.2409180113122174,71.3,0,0,0,1,0,1,1,1,0,0,0
-0.7139206881991126,-1.5008898192872717,0.06166550352279012,0.0,1,0,0,1,1,0,1,0,0,0,0
0.03696657330337241,-0.29300928450635744,0.387311382231542,0.0,1,0,1,3,1,0,1,0,1,1,0
1.5559637844100067,0.6477438243133932,1.4863662228735797,84.45,2,0,2,4,2,1,0,0,1,1,0
-0.8333825184074699,-0.6878933054924254,-0.9559778674420595,0.0,0,0,0,1,0,0,0,1,0,0,0
-0.958417040052544,-1.1425076825940335,-1.1595065416350294,0.0,0,1,1,1,0,0,1,0,1,0,0
1.6441176198144472,1.6498864658074486,0.8757802002946699,114.65,2,0,4,8,2,1,0,1,2,1,0
-0.15349222339795912,-0.18350363162786804,0.020959768684196134,0.0,1,1,2,4,1,0,0,0,2,0,0
-0.5862533989461407,0.634470411843273,-0.8338606629262776,84.05,0,1,0,3,0,1,0,1,0,0,0
1.7544086428552945,0.680927355488693,1.5677776925507676,0.0,2,1,3,7,2,0,1,0,2,1,0
-0.9678730637109099,-1.1673953309755083,-1.2002122764736234,0.0,0,1,1,1,0,0,1,1,1,0,0
-0.7800031551573444,0.33913698438310474,-1.0373893371192475,75.15,0,1,1,2,0,1,0,1,0,0,0
-0.6850041239723696,-1.4892755833759168,0.22448844287716607,0.0,1,0,0,1,1,0,0,0,0,0,38
-0.8534134919575581,-1.4942531130522119,-0.5489205190561197,0.0,1,0,0,1,1,0,1,0,0,1,0
1.586218672170764,0.659358060224748,1.5270719577121736,0.0,2,0,3,7,2,0,0,1,1,1,70
-0.2989306940042403,-1.1458260357115635,0.8757802002946699,0.0,2,1,1,1,2,0,1,0,0,1,0
0.5307421381645829,0.008960849188871207,0.9571916699718578,0.0,2,0,1,4,2,0,0,0,1,1,0
0.6306337291542342,-0.17686692539280796,1.3235432835192036,0.0,2,0,3,4,2,0,0,1,2,0,65
0.319440597900728,0.6709722961361032,0.1023712383613841,85.15,1,1,1,3,1,1,1,1,0,0,0
1.196349668901249,0.5515115839050234,1.2421318138420157,81.55,2,0,1,3,2,1,0,1,0,1,0
-0.6910156100104027,-1.5042081724048018,0.18378270803857208,0.0,1,0,0,1,1,0,0,0,0,1,0
-0.8488500281038688,0.8335715988950722,-1.1595065416350294,90.05,0,1,1,4,0,1,1,1,0,0,0
-0.5833134751173217,1.1206091435614158,-0.9152721326034655,98.7,0,1,1,5,0,1,0,1,1,0,0
-0.9795888795660546,0.1732193285066055,-1.2816237461508113,70.15,0,1,0,1,0,1,0,1,0,0,0
-0.40538226428356994,-1.497571466169742,1.5270719577121736,0.0,2,0,0,1,2,0,0,0,0,1,70
-0.13550164474399162,0.8319124223363072,-0.4268033145403377,90.0,1,1,1,4,1,1,0,1,1,0,0
-0.7597966637667297,0.450301813820359,-1.0373893371192475,0.0,0,1,3,6,0,0,0,1,2,0,0
-0.18420784549009875,-0.19511786753922303,-0.06045170099299184,0.0,1,0,0,3,1,0,1,1,0,1,0
0.6449823126172766,-0.3311703453579522,1.4863662228735797,0.0,2,0,2,4,2,0,0,1,0,1,69
0.35915150931985135,1.2998002119080347,-0.10115743583158582,104.1,1,1,2,6,1,1,0,1,0,0,0
0.24219080833899692,-0.3477621109456021,0.8350744654560759,0.0,2,1,2,4,2,0,1,1,0,0,0
-0.9789745671242117,0.219676272152025,-1.2816237461508113,71.55,0,0,0,1,0,1,1,1,0,0,0
1.7588185285985227,0.8352307754538371,1.5677776925507676,0.0,2,1,4,8,2,0,0,0,2,1,71
-0.4333554201174828,-0.9384289658659395,0.18378270803857208,0.0,1,1,2,2,1,0,1,0,0,0,0
2.3289004746286346,1.5138339879887188,1.4863662228735797,110.55,2,0,3,7,2,1,1,1,2,1,0
-0.43059101412919026,0.5249647589647837,-0.6710377235719016,80.75,1,0,2,3,1,1,1,0,1,1,0
-1.001616368552132,-1.4925939364934466,-1.2816237461508113,0.0,0,1,0,1,0,0,1,0,0,0,0
0.7710699413055097,-0.11713656927726834,1.4863662228735797,0.0,2,0,2,4,2,0,0,0,2,1,69
0.00636064986156185,1.535403283252664,-0.4675090493789317,111.2,1,1,3,7,1,1,1,1,1,1,0
1.7541014866343727,1.3777815101699897,1.1607203441648277,106.45,2,1,2,6,2,1,1,1,1,0,0
0.7563922618914801,1.3296653899658049,0.22448844287716607,105.0,1,1,2,6,1,1,0,1,1,1,0
-1.0019893439632508,-1.5207999379924515,-1.2816237461508113,0.0,0,0,0,1,0,0,1,0,0,0,0
-0.28954048953607187,0.28936168762015496,-0.38609757970174374,0.0,1,0,1,5,1,0,0,1,1,1,0
-0.9197153562164482,-0.4821554122055666,-1.1595065416350294,0.0,0,0,0,2,0,0,1,0,0,0,0
-0.8545543579209804,-0.33448869847548224,-1.0780950719578415,0.0,0,1,0,2,0,0,0,0,0,1,0
-0.40676446727771626,0.36402463276457964,-0.5489205190561197,0.0,1,0,3,6,1,0,0,1,2,0,0
0.9412783671560949,0.14335415044883548,1.2828375486806096,0.0,2,0,3,5,2,0,1,0,2,1,64
-0.37552229166399703,-1.3664965180273074,1.2014260790034217,0.0,2,0,0,2,2,0,1,1,0,1,0
-0.9745208019208516,0.5564891135813186,-1.2816237461508113,81.7,0,1,1,3,0,1,1,1,1,0,0
-0.9969870855082451,-1.1425076825940335,-1.2816237461508113,0.0,0,0,1,1,0,0,0,0,1,1,0
-0.9153932293934828,-1.1806687434456282,-0.9966836022806536,0.0,0,0,1,1,0,0,1,0,1,0,0
2.5544847791653345,1.6167029346321486,1.6084834273893616,113.65,2,0,4,8,2,1,0,1,2,1,72
-0.7082602378421325,-0.13372833486491825,-0.8745663977648716,0.0,0,1,3,4,0,0,1,1,1,0,0
-0.7970942048786135,-1.4876164068171518,-0.30468611002455576,0.0,1,0,0,1,1,0,0,0,0,1,25
0.17887274736905756,1.3545530383472797,-0.2639803751859618,105.75,1,1,2,6,1,1,1,0,0,1,0
-0.4768838445680578,0.3192268656779245,-0.6303319887333076,0.0,1,0,2,5,1,0,0,0,1,1,0
-0.8031495703767781,-0.6729607164635407,-0.8745663977648716,0.0,0,0,0,1,0,0,0,1,0,0,0
-0.3851318934328235,-1.4743429943470319,1.4456604880349857,0.0,2,0,0,1,2,0,0,0,0,0,68
1.850460781083428,1.5403808129289587,1.0793088744876398,111.35,2,1,3,7,2,1,1,1,1,0,0
-0.8069451436781641,-0.4688819997354467,-0.9559778674420595,0.0,0,0,3,4,0,0,1,0,2,0,0
-0.9426643138652895,0.25451897988608974,-1.2409180113122174,72.6,0,0,0,2,0,1,1,1,0,0,0
0.7648390579668186,0.6759498258123978,0.590840056424512,85.3,1,1,1,3,1,1,0,1,0,1,0
-0.21891649845421648,-0.34278458126930716,0.020959768684196134,0.0,1,1,2,4,1,0,1,1,1,0,0
-0.6319538566732313,-1.4925939364934466,0.5501343215859179,0.0,1,0,0,1,1,0,1,0,0,1,46
2.1690914808292447,1.522129870782544,1.3235432835192036,110.8,2,0,3,7,2,1,0,1,1,1,65
-0.3859436634452587,-1.1756912137693334,0.631545791263106,0.0,1,0,1,1,1,0,0,1,1,1,0
-0.973292177037166,-0.6281629493768859,-1.2409180113122174,0.0,0,0,0,1,0,0,1,1,0,0,0
-0.9776362435901972,0.32088604223668943,-1.2816237461508113,74.6,0,0,1,2,0,1,0,1,0,0,0
-0.9884964099727751,-0.5004063543519814,-1.2816237461508113,0.0,0,1,1,2,0,0,1,1,0,0,0
-0.04809376016178852,0.5233055824060188,-0.2639803751859618,80.7,1,1,1,3,1,1,0,1,0,0,0
-0.869341735985339,-1.477661347464562,-0.6710377235719016,0.0,1,1,0,1,1,0,0,0,0,1,0
1.2601065244725045,1.3844182164050498,0.6722515261016999,106.65,2,0,4,7,2,1,0,0,2,1,49
-0.6999231404171232,-1.4793205240233267,-0.019745966154397852,0.0,1,0,0,1,1,0,1,0,0,0,0
-0.7592920499752159,-1.497571466169742,-0.1418631706701798,0.0,1,0,0,1,1,0,1,1,0,0,0
-0.9934986684277808,-1.3482455758808924,-1.2409180113122174,0.0,0,0,0,0,0,0,1,0,0,0,0
1.8286746291280747,0.8601184238353119,1.5270719577121736,90.85,2,1,1,4,2,1,0,1,1,1,0
1.113022574111287,0.9530323111261518,0.7536629957788878,93.65,2,0,2,5,2,1,1,1,1,1,0
0.4447164565765261,-0.16359351292268806,0.9164859351332638,0.0,2,0,2,4,2,0,1,0,1,1,0
-0.7898321542268291,0.8252757161012472,-1.1188008067964355,89.8,0,1,1,4,0,1,1,1,0,0,0
-0.2563676176765611,-1.3266762806169474,1.4863662228735797,0.0,2,0,0,2,2,0,0,1,0,1,69
-0.7168825517579974,-0.4887921184406264,-0.7524491932490895,0.0,1,0,1,2,1,0,1,0,0,1,0
2.2029883637809275,1.2085455011759603,1.6084834273893616,101.35,2,1,2,6,2,1,0,1,0,1,0
0.8809879889352381,-0.11713656927726834,1.5677776925507676,0.0,2,0,3,5,2,0,0,1,1,1,71
-0.6700412280674846,-1.4760021709057967,0.346605647392948,0.0,1,1,0,1,1,0,0,0,0,0,0
-0.5070729131386179,-0.634799655611946,-0.2639803751859618,0.0,1,0,2,3,1,0,0,0,2,0,0
0.03578182787981854,0.46357522629047915,-0.1418631706701798,78.9,1,1,0,2,1,1,0,1,0,0,0
0.8126237900501616,0.3756388686759344,0.9164859351332638,0.0,2,1,3,6,2,0,0,0,2,1,0
-0.10382067452895614,-0.46058611694162177,0.26519417771576004,0.0,1,0,1,2,1,0,0,0,1,1,0
-0.19734974379952136,0.5780584088452633,-0.4675090493789317,82.35,1,1,1,3,1,1,1,1,0,0,0
-0.30632438303641957,-1.003136851657774,0.631545791263106,0.0,1,0,2,2,1,0,0,0,0,1,0
0.798626242268172,-0.17354857227527792,1.5677776925507676,0.0,2,0,3,5,2,0,0,0,2,1,71
-0.5006006927692028,0.7970697146022425,-0.7931549280876836,0.0,1,0,4,8,1,0,0,0,2,0,13
-0.973292177037166,-1.4859572302583868,-1.1595065416350294,0.0,0,0,0,1,0,0,0,0,0,0,0
2.4104504512832654,1.560290931634139,1.5270719577121736,111.95,2,0,4,8,2,1,0,1,2,0,70
0.37646195634177876,0.29765757041397994,0.387311382231542,0.0,1,0,4,6,1,0,0,0,2,0,0
-0.9928843559859379,-1.4677062881119718,-1.2409180113122174,0.0,0,0,0,1,0,0,0,1,0,0,0
-0.8957132915244476,-1.477661347464562,-0.7931549280876836,0.0,1,0,0,1,1,0,0,1,0,0,13
-0.8852261005529884,-0.6447547149645358,-1.0780950719578415,0.0,0,0,0,1,0,0,0,0,0,1,0
-0.9791720246948041,0.20474368312314,-1.2816237461508113,71.1,0,0,0,1,0,1,0,0,0,0,0
-0.7589190745640971,-1.4959122896109767,-0.1418631706701798,0.0,1,0,0,1,1,0,0,0,0,1,0
0.30855849178808437,-0.4390168216776767,1.0793088744876398,0.0,2,1,1,3,2,0,1,1,1,0,0
0.2770310996835094,-0.6530505977583607,1.3235432835192036,0.0,2,0,2,3,2,0,0,0,1,0,65
1.9155340204586329,0.8451858348064274,1.5677776925507676,0.0,2,1,4,8,2,0,1,0,2,1,71
0.8103859375834483,0.6129011165793284,0.7536629957788878,83.4,2,0,0,3,2,1,1,0,0,0,0
-0.8477969210607097,-1.4876164068171518,-0.5896262538947137,0.0,1,0,0,1,1,0,0,0,0,1,18
-0.7188351877338548,-0.8637660207215148,-0.6710377235719016,0.0,1,1,1,2,1,0,0,1,1,0,0
0.7215080910868359,1.6996617625703982,0.06166550352279012,116.15,1,0,4,8,1,1,0,1,2,0,34
-0.41990636558713873,0.5017362871420736,-0.6303319887333076,80.05,1,0,1,3,1,1,0,0,0,0,0
-0.1991268619348523,-0.16525268948145297,-0.06045170099299184,0.0,1,1,3,5,1,0,1,0,2,1,0
0.11652003452201415,0.904916190921967,-0.1825689055087738,92.2,1,0,0,4,1,1,1,0,0,1,0
1.086826536412705,0.9165304268333218,0.8350744654560759,92.55,2,1,2,4,2,1,1,1,1,1,0
0.7621404711687234,-0.005971739840013817,1.1200146093262338,0.0,2,1,3,5,2,0,0,0,2,0,0
-0.5421106620537228,-0.5501816511149312,-0.38609757970174374,0.0,1,0,0,2,1,0,1,1,0,1,0
2.2003336564429645,1.4026691585514646,1.4863662228735797,107.2,2,0,4,7,2,1,1,1,2,1,0
-0.7912362969510411,-1.466047111553207,-0.30468611002455576,0.0,1,0,0,1,1,0,1,1,0,0,25
1.1487404546584323,1.1206091435614158,0.6722515261016999,98.7,2,1,1,5,2,1,1,0,0,0,0
1.4546680506961431,1.1239274966789456,0.9164859351332638,98.8,2,1,1,5,2,1,1,1,1,0,0
-0.40696192484830845,0.6776090023711627,-0.6710377235719016,85.35,1,0,0,3,1,1,0,1,0,1,0
1.5158579578496982,0.9646465470375066,1.2014260790034217,94.0,2,0,0,4,2,1,0,1,0,0,0
1.3747416140663828,0.9447364283323268,1.0386031396490458,93.4,2,0,2,5,2,1,0,1,1,1,0
-0.4196650285564148,-1.5108448786398618,1.4863662228735797,0.0,2,0,0,1,2,0,0,0,0,1,69
-0.9769341722280912,0.37397969211716947,-1.2816237461508113,76.2,0,1,1,2,0,1,1,0,0,1,0
-0.37879131144380335,-0.29135010794759253,-0.22327464034736777,0.0,1,0,2,3,1,0,0,1,1,0,0
0.7715306756368918,0.5448748776699633,0.6722515261016999,0.0,2,0,4,7,2,0,1,0,2,0,49
-0.9728753221659155,0.680927355488693,-1.2816237461508113,85.45,0,1,1,3,0,1,0,1,0,0,0
-0.3078821038710924,-1.3316538102932427,1.3235432835192036,0.0,2,0,0,2,2,0,1,0,0,0,0
0.742372774379425,1.2782309166440902,0.26519417771576004,103.45,1,1,2,6,1,1,0,1,0,0,0
0.548074524916576,0.7024966507526377,0.428017117070136,86.1,1,0,3,4,1,1,1,1,1,1,0
-0.7985202873328915,-1.3432680462045974,-0.5082147842175256,0.0,1,1,0,0,1,0,0,1,0,1,0
-0.5716634784523744,0.667653943018573,-0.8338606629262776,85.05,0,0,1,3,0,1,1,1,0,1,0
-0.9660959455755789,-1.5025489958460367,-1.0780950719578415,0.0,0,0,0,1,0,0,1,0,0,0,0
-0.21097431617039186,-1.3084253384705327,1.4456604880349857,0.0,2,0,0,2,2,0,0,0,0,0,68
0.31542562729868395,0.03716685068787588,0.590840056424512,0.0,1,0,2,4,1,0,0,1,1,1,0
2.1309821697049265,1.679751643865218,1.2014260790034217,115.55,2,0,4,8,2,1,1,0,2,1,62
1.4773756713142605,1.1206091435614158,0.9571916699718578,98.7,2,1,2,5,2,1,0,1,1,1,0
-0.8756603782442935,-1.5125040551986266,-0.6303319887333076,0.0,1,0,0,1,1,0,0,0,0,1,0
0.23400728902444826,0.5017362871420736,0.1023712383613841,80.05,1,0,1,3,1,1,0,0,1,0,0
-0.9345246740108726,0.473530285643069,-1.2409180113122174,79.2,0,1,1,3,0,1,0,0,0,1,0
-0.9950125098023218,-0.9931817923051841,-1.2816237461508113,0.0,0,1,0,1,0,0,0,0,0,1,0
1.2000794230124372,1.27159421040903,0.631545791263106,103.25,1,0,2,6,1,1,0,1,1,1,0
0.8291224670596534,0.8086839505135972,0.5094285867473239,89.3,1,0,1,4,1,1,0,1,0,0,0
1.7264135472913158,0.8368899520126024,1.5270719577121736,0.0,2,0,4,8,2,0,1,1,2,1,70
0.05816035254694884,0.44864263726159415,-0.06045170099299184,78.45,1,1,2,3,1,1,1,1,1,0,0
-0.34757107556014993,-1.3250171040581826,1.0793088744876398,0.0,2,0,0,2,2,0,1,0,0,0,59
0.7527283269704893,0.6643355899010431,0.590840056424512,84.95,1,0,1,3,1,1,1,1,0,1,0
-0.7409723753702612,-1.5257774676687466,-0.019745966154397852,0.0,1,0,0,1,1,0,1,0,0,1,32
0.1779732184363591,0.18815191753549007,0.22448844287716607,0.0,1,0,3,5,1,0,1,0,2,0,0
1.1612680405260123,0.6079235869030333,1.0793088744876398,83.25,2,1,2,4,2,1,0,1,0,0,0
0.16272510604061835,1.1803394996769556,-0.22327464034736777,100.5,1,0,1,5,1,1,1,1,0,0,0
1.4513332117261393,0.9746016063900964,1.0386031396490458,94.3,2,1,2,5,2,1,0,1,0,1,0
2.4937994858032924,1.5387216363701939,1.5677776925507676,111.3,2,0,4,8,2,1,0,0,2,0,71
0.04319745664206372,0.7141108866639929,-0.22327464034736777,86.45,1,0,2,4,1,1,0,1,0,0,0
1.970120068862378,1.2682758572915003,1.3235432835192036,103.15,2,0,2,6,2,1,1,1,0,1,0
0.5821030462486535,0.1997661534468453,0.631545791263106,0.0,1,0,2,5,1,0,1,1,2,0,0
-0.025298380623407828,0.5199872292884885,-0.1825689055087738,80.6,1,1,0,2,1,1,0,1,0,0,0
-0.8059578558252024,-1.3349721634107725,-0.5489205190561197,0.0,1,0,0,2,1,0,0,0,0,0,0
0.9272369399139739,0.3607062796470494,1.0386031396490458,0.0,2,0,3,6,2,0,0,0,2,1,58
1.2717126416773201,1.1737027934418955,0.8350744654560759,100.3,2,0,2,5,2,1,0,1,0,0,0
0.5870394855134616,0.9828974891839214,0.30589991255435406,94.55,1,0,0,4,1,1,0,1,0,1,0
-1.0019235247730531,-1.5158224083161567,-1.2816237461508113,0.0,0,0,0,1,0,0,1,0,0,0,0
0.7609776654752353,1.313073624378155,0.30589991255435406,104.5,1,0,2,6,1,1,1,1,0,0,0
-0.3352409472631625,-1.3100845150292975,1.1607203441648277,0.0,2,0,0,2,2,0,1,0,0,1,61
2.2769691335628526,1.5237890473413087,1.3642490183577978,110.85,2,1,3,7,2,1,1,1,1,1,0
-0.32407362465966316,-0.8189682536348599,0.30589991255435406,0.0,1,0,3,3,1,0,1,0,2,0,0
-0.3228888792361092,1.1537926747367158,-0.7117434584104956,99.7,1,1,1,5,1,1,1,1,1,0,0
-0.27049680383894525,-1.3001294556767078,1.4456604880349857,0.0,2,0,0,2,2,0,1,0,0,1,68
-0.5934276906776619,0.5150096996121938,-0.8338606629262776,80.45,0,1,0,2,0,1,1,1,0,1,0
-1.0018577055828557,-1.5108448786398618,-1.2816237461508113,0.0,0,0,0,1,0,0,0,0,0,0,0
-0.9392197762449567,-1.5075265255223318,-0.9966836022806536,0.0,0,0,0,1,0,0,0,0,0,1,8
0.293595595883199,0.3275227484717495,0.30589991255435406,74.8,1,0,1,2,1,1,0,0,0,0,0
2.3026605574699213,1.2516840917038503,1.6084834273893616,102.65,2,0,3,6,2,1,1,1,1,1,72
-0.7245395175509665,0.26447403923868007,-0.9559778674420595,0.0,0,0,2,5,0,0,0,1,1,0,0
-0.5912556574011463,-0.19843622065675282,-0.7117434584104956,0.0,1,1,3,4,1,0,0,0,2,0,0
-1.00183576585279,-1.5091857020810966,-1.2816237461508113,0.0,0,1,0,1,0,0,1,0,0,0,0
0.1997593703917125,0.6112419400205631,0.020959768684196134,83.35,1,1,0,3,1,1,0,1,0,0,0
-0.678466084412757,-1.4925939364934466,0.22448844287716607,0.0,1,0,0,1,1,0,0,1,0,1,38
0.5767936315727265,-0.005971739840013817,0.9164859351332638,0.0,2,0,2,4,2,0,0,1,0,0,55
1.2151520175676513,0.48016699187812906,1.3235432835192036,0.0,2,0,2,6,2,0,0,1,1,1,65
-0.9072316498089998,-0.3394662281517771,-1.1595065416350294,0.0,0,0,2,3,0,0,0,0,1,1,0
0.9783784506973865,1.3628489211411048,0.428017117070136,106.0,1,0,3,6,1,1,0,1,2,0,0
-0.7438903594690145,-0.986545086070124,-0.5896262538947137,0.0,1,1,2,2,1,0,0,1,1,0,0
-0.9693210858952536,0.9497139580086216,-1.2816237461508113,93.55,0,1,0,4,0,1,1,1,0,0,0
-1.0020771028835138,-1.5274366442275116,-1.2816237461508113,0.0,0,0,0,1,0,0,1,0,0,0,0
-0.9187280683634865,0.1781968581829002,-1.2002122764736234,70.3,0,1,0,1,0,1,1,1,0,1,0
-0.6261837076659222,-1.469365464670737,0.346605647392948,0.0,1,0,0,1,1,0,0,0,0,1,41
-0.3863605183165092,0.7804779490145926,-0.6710377235719016,88.45,1,1,1,4,1,1,0,1,0,0,0
-0.8417634952926109,0.5067138168183688,-1.1188008067964355,80.2,0,1,0,2,0,1,0,0,0,0,0
1.5322030567487297,1.3412796258771595,0.9571916699718578,105.35,2,0,2,6,2,1,1,1,2,0,0
-0.688031806721452,-1.3017886322354726,-0.1825689055087738,0.0,1,0,0,2,1,0,0,0,0,1,0
-0.526643152357324,-1.4892755833759168,0.8757802002946699,0.0,2,0,0,1,2,0,0,0,0,1,54
-1.001813826122724,-1.5075265255223318,-1.2816237461508113,0.0,0,0,0,1,0,0,1,1,0,0,0
1.002007539978268,1.4391710428442943,0.387311382231542,108.3,1,1,2,6,1,1,1,1,1,1,0
1.99295932786089,1.3512346852297499,1.3642490183577978,105.65,2,0,3,6,2,1,1,1,2,0,66
-0.7412137124009851,0.6328112352845081,-0.9966836022806536,84.0,0,1,0,3,0,1,0,1,0,1,0
-0.8469412715881429,-1.3067661619117676,-0.7524491932490895,0.0,1,0,0,2,1,0,0,0,0,1,0
-0.09934496959553016,-0.5269531792922214,0.428017117070136,0.0,1,0,1,3,1,0,0,1,0,0,0
0.4684552445077368,-0.5004063543519814,1.5270719577121736,0.0,2,0,3,4,2,0,0,1,2,1,70
0.2283468386674682,0.8086839505135972,-0.06045170099299184,89.3,1,1,3,5,1,1,1,0,2,1,0
2.5311628461053743,1.5586317550753739,1.6084834273893616,111.9,2,0,3,7,2,1,1,1,2,1,72
0.016101890010783396,0.09026050056835591,0.06166550352279012,0.0,1,0,3,5,1,0,0,0,2,0,34
-0.859205580694933,-1.497571466169742,-0.5489205190561197,0.0,1,0,0,1,1,0,1,0,0,1,0
1.5213648300962177,1.3661672742586346,0.8350744654560759,106.1,2,0,3,6,2,1,0,1,1,1,0
-0.9697818202266357,-0.817309077076095,-1.2002122764736234,0.0,0,0,1,2,0,0,0,0,0,1,0
-0.5832257161970584,0.4934404043482487,-0.7931549280876836,79.8,1,1,2,3,1,1,1,1,0,0,0
-0.25875904825373475,0.31424933600162985,-0.3453918448631497,0.0,1,0,2,5,1,0,1,0,2,1,0
-0.8469412715881429,0.7937513614847123,-1.1595065416350294,88.85,0,1,1,4,0,1,0,1,0,0,0
0.15901729165949588,0.48348534499565887,-0.019745966154397852,79.5,1,1,0,2,1,1,0,1,0,0,0
-0.29495960286232786,-0.817309077076095,0.26519417771576004,0.0,1,0,3,3,1,0,0,1,2,0,0
2.3941931113044967,1.4872871630484792,1.6084834273893616,109.75,2,0,3,7,2,1,1,1,1,1,72
1.7963574067411305,1.359530568023575,1.1200146093262338,105.9,2,1,2,6,2,1,0,1,0,0,0
-0.973423815417561,-1.3100845150292975,-1.1595065416350294,0.0,0,0,0,2,0,0,0,1,0,0,0
-0.23036903754857146,-1.3333129868520075,1.6084834273893616,0.0,2,0,0,2,2,0,1,0,0,0,72
-0.8163353481463324,-0.5369082386448113,-0.9559778674420595,0.0,0,1,1,3,0,0,0,1,0,1,0
-0.5352654662731889,-0.8438559020163349,-0.1418631706701798,0.0,1,0,3,3,1,0,0,0,2,0,0
-0.8241020125896306,-1.3664965180273074,-0.5896262538947137,0.0,1,0,0,2,1,0,1,0,0,0,0
1.8193502438501037,0.8169798333074222,1.6084834273893616,0.0,2,0,4,8,2,0,0,1,2,1,72
-0.9916337913721865,-1.4892755833759168,-1.2409180113122174,0.0,0,0,0,1,0,0,1,0,0,0,0
2.4359882970798723,1.482309633372184,1.5677776925507676,109.6,2,1,3,7,2,1,1,1,1,1,0
-0.939658570846273,-1.5058673489635668,-0.9966836022806536,0.0,0,0,0,1,0,0,1,1,0,1,0
1.8091702090995658,0.7672045365444724,1.6084834273893616,0.0,2,0,4,8,2,0,0,1,2,1,72
1.1719307493379976,0.19644780032931503,1.5677776925507676,0.0,2,0,3,5,2,0,1,1,2,1,71
0.9689443667690865,1.3645080976998696,0.46872285190873,106.05,1,1,3,6,1,1,1,1,1,0,0
-0.5011711257509139,-1.3399496930870676,0.590840056424512,0.0,1,0,0,2,1,0,1,0,0,1,47
0.24352913187301145,1.512174811429954,-0.22327464034736777,110.5,1,0,3,7,1,1,0,1,1,0,0
-0.9885402894329067,-0.5037247074695115,-1.2816237461508113,0.0,0,1,1,2,0,0,1,0,1,0,0
-0.49877969517374016,-1.3266762806169474,0.5501343215859179,0.0,1,0,0,2,1,0,0,0,0,1,0
-0.8420706515135323,-1.003136851657774,-0.8745663977648716,0.0,0,0,2,2,0,0,1,0,0,0,0
0.858587524538042,1.1571110278542456,0.346605647392948,99.8,1,1,1,5,1,1,1,1,0,1,0
0.8023779361094262,-0.1154773927185032,1.4863662228735797,0.0,2,0,1,3,2,0,0,1,0,1,69
-0.8990042510343196,-1.4925939364934466,-0.7931549280876836,0.0,1,1,0,1,1,0,1,1,0,0,0
-0.6214227862416406,-1.4909347599346818,0.5094285867473239,0.0,1,0,0,1,1,0,0,1,0,1,45
-0.750318700378298,-1.3382905165283026,-0.3453918448631497,0.0,1,1,0,2,1,0,1,0,0,0,0
-0.2842749543202765,-1.3001294556767078,1.3235432835192036,0.0,2,0,0,2,2,0,1,0,0,0,65
-0.9886280483531699,-0.5103614137045716,-1.2816237461508113,0.0,0,1,1,2,0,0,0,1,1,1,0
0.7300207063523717,0.38061639835222955,0.7536629957788878,0.0,2,0,2,5,2,0,1,1,2,1,0
-0.9173678050994061,-1.4909347599346818,-0.8745663977648716,0.0,0,0,0,1,0,0,0,0,0,0,0
-0.7855100274038637,1.0393094921819312,-1.1188008067964355,96.25,0,1,1,4,0,1,0,1,0,0,0
-0.9362579126860718,-1.5008898192872717,-0.9966836022806536,0.0,0,0,0,1,0,0,1,1,0,0,0
1.502672180080144,0.5133505230534289,1.5677776925507676,0.0,2,0,4,7,2,0,1,0,2,1,71
-0.34978698829679716,0.9646465470375066,-0.7117434584104956,94.0,1,0,1,4,1,1,0,1,0,0,0
-0.76330702057726,-1.4743429943470319,-0.1825689055087738,0.0,1,0,0,1,1,0,0,0,0,1,0
-0.5148176378518503,0.3258635719129846,-0.6710377235719016,74.75,1,0,0,2,1,1,0,1,0,0,0
0.5217029693774676,-0.025881858545193533,0.8350744654560759,0.0,2,0,3,5,2,0,1,0,2,1,0
-0.6677375564105741,-0.18184445506910288,-0.7524491932490895,0.0,1,0,3,4,1,0,0,0,2,1,0
1.1475118297747469,1.1853170293532507,0.6722515261016999,100.65,2,0,2,5,2,1,0,0,1,0,49
0.4216797400074213,-0.5933202416428212,1.5677776925507676,0.0,2,1,2,3,2,0,0,1,1,1,71
-0.618899717284072,-1.462728758435677,0.5094285867473239,0.0,1,0,0,1,1,0,0,0,0,1,45
1.2492024786297948,1.1106540842088262,0.8350744654560759,98.4,2,0,1,5,2,1,0,1,0,1,0
-0.4909252718101788,-0.6795974226986006,-0.2639803751859618,0.0,1,0,2,3,1,0,0,1,1,0,0
1.5714312941064055,0.704155827311403,1.4049547531963917,0.0,2,0,3,7,2,0,0,0,1,1,67
-0.9515499045419442,0.634470411843273,-1.2409180113122174,84.05,0,1,0,3,0,1,0,1,0,1,0
-0.36532031718339353,0.5880134681978536,-0.6303319887333076,82.65,1,0,1,3,1,1,0,1,0,0,0
-0.5157610462446802,0.5664441729339085,-0.7931549280876836,82.0,1,1,0,3,1,1,0,1,0,0,0
2.22892112471872,1.3860773929638146,1.5677776925507676,106.7,2,0,2,6,2,1,1,0,1,0,71
0.7341453756047447,-0.2216646924794628,1.4456604880349857,0.0,2,0,2,4,2,0,0,0,2,1,0
-1.001726067202461,-1.5008898192872717,-1.2816237461508113,0.0,0,0,0,1,0,0,1,0,0,1,0
-0.914054905859468,-1.4925939364934466,-0.9152721326034655,0.0,0,0,0,1,0,0,1,1,0,0,0
0.36149906043689345,0.44864263726159415,0.346605647392948,0.0,1,1,3,6,1,0,0,0,2,1,41
-0.31703097130853686,-0.4821554122055666,-0.06045170099299184,0.0,1,0,3,4,1,0,0,1,1,1,0
-0.6978388660608709,0.14667250356636527,-0.8745663977648716,0.0,0,1,1,4,0,0,1,1,0,0,0
-0.9994004558154846,-1.3250171040581826,-1.2816237461508113,0.0,0,0,0,2,0,0,1,1,0,0,0
-0.8205916557791003,-1.4859572302583868,-0.4268033145403377,0.0,1,0,0,1,1,0,1,0,0,0,0
1.2844376851154922,0.8468450113651922,0.9978974048104517,90.45,2,0,1,4,2,1,1,1,1,0,57
-0.7417841453826964,-0.4539494107065617,-0.8338606629262776,0.0,0,1,1,2,0,0,0,1,0,1,0
-0.2247744063817889,-1.3051069853530026,1.4049547531963917,0.0,2,0,0,2,2,0,0,1,0,0,67
-0.5675168694699355,-1.034661206274309,-0.1418631706701798,0.0,1,0,0,1,1,0,1,0,0,1,0
-0.9763198597862484,-1.4743429943470319,-1.1595065416350294,0.0,0,0,0,1,0,0,1,1,0,1,0
-0.44265786566538795,-0.5535000042324613,-0.30468611002455576,0.0,1,1,1,3,1,0,0,1,0,0,0
0.6921746719888425,-0.30794187353524244,1.6084834273893616,0.0,2,0,4,5,2,0,0,0,2,1,72
1.7876253941749367,0.8120023036311275,1.6084834273893616,0.0,2,0,4,8,2,0,1,1,2,1,72
-0.8526675411353204,-0.8023764880472101,-0.9559778674420595,0.0,0,1,1,2,0,0,0,0,0,0,0
0.6070485193334841,0.1582867394777205,0.8350744654560759,0.0,2,0,2,5,2,0,1,0,1,1,53
2.304108579654265,1.522129870782544,1.4456604880349857,110.8,2,0,3,7,2,1,0,1,1,1,68
0.32172232982757276,-0.3792864655621371,0.9978974048104517,0.0,2,1,2,3,2,0,1,1,1,0,0
-0.8371122725186583,-1.3167212212643575,-0.7117434584104956,0.0,1,1,0,2,1,0,0,1,0,1,0
-0.8122326186240252,-1.5025489958460367,-0.38609757970174374,0.0,1,0,0,1,1,0,0,1,0,1,23
-0.8920493566034565,-1.3582006352334823,-0.8338606629262776,0.0,0,0,0,2,0,0,1,1,0,1,12
-0.1631018251667856,-0.39090070147349204,0.1023712383613841,0.0,1,0,2,4,1,0,1,0,1,1,0
-0.2376310882003559,0.8202981864249524,-0.5489205190561197,89.65,1,0,1,4,1,1,0,0,0,1,0
-0.7196030782861583,0.6494030008721581,-0.9966836022806536,84.5,0,0,0,3,0,1,1,0,0,0,0
-0.5812292007610693,-1.5025489958460367,0.8350744654560759,0.0,2,0,0,1,2,0,1,0,0,0,53
-0.8999476594271496,-1.477661347464562,-0.7931549280876836,0.0,1,1,0,1,1,0,1,1,0,0,0
-0.9773290873692756,0.3441145140593994,-1.2816237461508113,75.3,0,0,1,2,0,1,0,1,0,0,0
-0.19052648774905312,0.6859048851649877,-0.38609757970174374,85.6,1,1,0,3,1,1,0,0,0,1,0
-0.7151931925429297,-0.6165487134655309,-0.7524491932490895,0.0,1,1,0,2,1,0,0,1,0,0,0
-0.28466986946146117,-0.30794187353524244,-0.10115743583158582,0.0,1,0,2,3,1,0,1,1,1,0,30
-0.946043032295425,-1.4959122896109767,-0.9966836022806536,0.0,0,0,0,1,0,0,0,1,0,1,8
-0.4785073845929281,0.21469874247573031,-0.6710377235719016,0.0,1,0,2,5,1,0,1,1,0,0,0
1.526169630980631,1.127245849796476,1.0386031396490458,98.9,2,1,1,5,2,1,1,1,0,1,0
-0.7149518555122057,1.1571110278542456,-1.0373893371192475,99.8,0,1,1,5,0,1,1,1,0,0,0
-0.7643820673504849,1.1056765545325309,-1.0780950719578415,98.25,0,1,1,5,0,1,0,1,0,0,0
1.5892244151897803,0.5614666432576133,1.5677776925507676,0.0,2,0,3,6,2,0,0,0,2,1,71
-0.9906684432492906,-0.6646648336697157,-1.2816237461508113,0.0,0,0,0,1,0,0,1,1,0,0,0
1.5898167879015574,1.26495750417397,0.9978974048104517,103.05,2,1,4,7,2,1,1,1,2,1,0
-1.0019015850429873,-1.5141632317573919,-1.2816237461508113,0.0,0,1,0,1,0,0,0,0,0,0,0
-0.80387358146895,-1.480979700582092,-0.38609757970174374,0.0,1,0,0,1,1,0,0,1,0,0,0
-0.03427173022032568,-0.2100504565681078,0.26519417771576004,0.0,1,0,1,3,1,0,0,1,0,0,0
1.0384494316175852,1.1886353824707805,0.590840056424512,100.75,1,0,3,6,1,1,1,0,2,0,0
-0.9161391802157204,-1.4925939364934466,-0.8745663977648716,0.0,0,0,0,1,0,0,1,0,0,1,0
0.5890579406795167,0.7821371255733575,0.346605647392948,88.5,1,0,1,4,1,1,0,1,0,0,0
-0.9167534926575632,0.20474368312314,-1.2002122764736234,0.0,0,0,3,5,0,0,0,0,2,0,3
-0.025759114954789802,0.3457736906181643,-0.1418631706701798,0.0,1,0,2,5,1,0,1,1,1,0,0
2.164220860754635,1.3329837430833347,1.4863662228735797,105.1,2,0,4,7,2,1,0,1,2,1,0
-0.02279725139590491,-0.25816657677229266,0.22448844287716607,0.0,1,0,2,3,1,0,0,1,1,0,0
-0.44687029383802424,0.29599839385521454,-0.6710377235719016,73.85,1,0,0,2,1,1,1,1,0,1,0
0.5079906380863338,0.4602568731729489,0.428017117070136,0.0,1,1,3,6,1,0,0,1,2,1,43
-0.8982144207519503,-0.5203164730571613,-1.0780950719578415,0.0,0,0,1,3,0,0,0,1,1,0,0
-0.6884925410528341,-1.2652867479426428,-0.30468611002455576,0.0,1,0,0,2,1,0,0,1,0,1,0
-0.9795888795660546,0.1732193285066055,-1.2816237461508113,70.15,0,0,0,1,0,1,0,1,0,0,0
0.6796251463911968,0.9828974891839214,0.346605647392948,94.55,1,1,1,4,1,1,1,1,0,1,0
1.072960627011111,1.2848676228791502,0.5094285867473239,103.65,1,0,2,6,1,1,1,1,1,0,0
-0.8258791307249614,0.6759498258123978,-1.1188008067964355,85.3,0,0,1,3,0,1,0,1,0,0,0
1.197753811625461,1.6050886987207935,0.5094285867473239,113.3,1,0,4,8,1,1,0,0,2,1,0
0.9622966285591446,1.3014593884668002,0.46872285190873,104.15,1,1,2,6,1,1,0,0,1,1,0
1.015127498557625,0.2943392172964497,1.1607203441648277,0.0,2,0,2,5,2,0,0,1,1,1,61
1.0219946340682247,0.9397588986560317,0.7943687306174818,93.25,2,0,2,5,2,1,1,1,1,1,0
-0.8197140665764677,0.4685527559667738,-1.0780950719578415,79.05,0,1,1,3,0,1,0,1,1,0,0
-0.3308310615199338,-1.3449272227633626,1.2828375486806096,0.0,2,0,0,2,2,0,1,1,0,1,64
-0.8402496539180697,-1.4859572302583868,-0.5489205190561197,0.0,1,0,0,1,1,0,0,0,0,1,19
2.2291844014795097,1.3545530383472797,1.5677776925507676,105.75,2,0,2,6,2,1,1,0,1,0,0
0.646452274531686,0.5465340542287288,0.5094285867473239,81.4,1,0,1,3,1,1,1,0,0,1,0
1.3001026523824832,1.2267964433223755,0.7129572609402939,101.9,2,0,3,6,2,1,1,1,1,1,0
2.4956204833987554,1.7809614139498826,1.4456604880349857,118.6,2,0,4,8,2,1,0,0,2,1,68
-0.9798082768667127,0.1566275629189556,-1.2816237461508113,69.65,0,1,0,1,0,1,1,1,0,0,0
-0.5301096297077227,0.875051012864197,-0.8338606629262776,91.3,0,1,1,4,0,1,0,1,0,0,0
0.30145001924676046,0.8534817176002523,0.020959768684196134,90.65,1,1,1,4,1,1,0,1,1,0,0
0.2606201815942807,0.8767101894229619,-0.019745966154397852,91.35,1,0,1,4,1,1,0,1,0,1,0
-0.40156475125211827,-1.5042081724048018,1.5677776925507676,0.0,2,0,0,1,2,0,1,1,0,1,71
-0.3018486781029935,0.9165304268333218,-0.6303319887333076,92.55,1,1,0,4,1,1,0,1,0,1,0
-0.5910581998305541,-0.5302715324097512,-0.5489205190561197,0.0,1,0,1,2,1,0,1,1,1,1,0
0.7093315409003091,0.3009759235315097,0.8757802002946699,74.0,2,0,0,2,2,1,1,0,0,1,0
0.49796418144625665,-0.20507292689181286,0.9978974048104517,0.0,2,0,3,5,2,0,0,1,1,1,0
1.5243047539250367,0.5946501744329131,1.4456604880349857,0.0,2,0,3,6,2,0,1,0,2,1,68
0.08450996835599137,-0.5385674152035762,0.8350744654560759,0.0,2,0,3,4,2,0,0,1,1,1,0
1.2368284708726758,1.4093058647865246,0.631545791263106,107.4,1,0,2,6,1,1,0,1,0,0,0
-0.1593940107856631,-0.37430893588584213,0.14307697319997809,0.0,1,0,2,3,1,0,1,0,1,1,0
-0.12347867266792549,-0.12377327551232817,0.1023712383613841,0.0,1,0,3,4,1,0,1,0,1,0,0
0.8864729214516917,0.02389343821775623,1.4049547531963917,0.0,2,0,3,5,2,0,0,0,1,1,67
0.1071737095139773,-0.618207890024296,0.8350744654560759,0.0,2,0,2,3,2,0,1,1,1,0,0
-0.30167316026246704,0.3607062796470494,-0.4268033145403377,75.8,1,0,0,2,1,1,0,1,0,1,0
-0.08394327908932855,0.3258635719129846,-0.10115743583158582,0.0,1,1,2,5,1,0,1,1,1,0,0
1.2004743381536218,1.1703844403243657,0.7129572609402939,100.2,2,0,2,5,2,1,0,1,1,0,50
-0.6026423773053038,-1.4793205240233267,0.5094285867473239,0.0,1,0,0,1,1,0,1,0,0,1,45
-0.6975755893000811,-1.3216987509406526,-0.1418631706701798,0.0,1,0,0,0,1,0,0,1,0,0,0
-0.7826798022253737,-0.6480730680820658,-0.8338606629262776,0.0,0,0,0,1,0,0,1,1,0,0,0
-0.962673347685312,-0.9317922596308794,-1.2002122764736234,0.0,0,0,2,2,0,0,1,1,1,0,0
-0.9949028111519927,-0.9848859095113592,-1.2816237461508113,0.0,0,0,0,1,0,0,1,1,0,0,0
-0.9289519825741557,0.8169798333074222,-1.2409180113122174,89.55,0,0,0,3,0,1,1,1,0,1,0
-0.09179770245289001,0.3706613389996392,-0.22327464034736777,76.1,1,1,1,2,1,1,0,1,0,1,0
1.1286217221880808,0.680927355488693,0.9164859351332638,85.45,2,1,2,4,2,1,0,1,0,1,0
-1.0016383082821976,-1.4942531130522119,-1.2816237461508113,0.0,0,1,0,1,0,0,0,1,0,1,0
-0.8644930556407942,0.5266239355235486,-1.1595065416350294,80.8,0,0,1,3,0,1,1,0,1,0,0
-0.40132341422139434,-1.3034478087942378,0.9164859351332638,0.0,2,0,0,2,2,0,0,1,0,1,55
-0.8018990057630269,-0.34942128750436724,-0.9966836022806536,0.0,0,1,0,2,0,0,1,1,0,1,0
2.373284548551776,1.6598415251600385,1.5270719577121736,114.95,2,0,4,8,2,1,1,1,2,0,70
0.3707356867946012,-0.5667734167025811,1.2828375486806096,0.0,2,1,3,4,2,0,0,0,2,1,64
-0.6301986782679662,0.36402463276457964,-0.8745663977648716,75.9,0,0,1,2,0,1,1,1,0,0,0
-0.9890668429544861,-0.5435449448798714,-1.2816237461508113,0.0,0,0,1,2,0,0,1,1,1,0,0
-0.9797643974065811,0.1599459160364854,-1.2816237461508113,69.75,0,0,0,1,0,1,1,0,0,0,0
-0.9752886924731551,0.4984179340245439,-1.2816237461508113,79.95,0,1,0,2,0,1,1,1,0,0,0
-0.25803503716156295,-1.3017886322354726,1.3642490183577978,0.0,2,0,0,2,2,0,1,1,0,1,0
-0.7423765180944734,-0.4771778825292717,-0.7931549280876836,0.0,1,0,1,2,1,0,1,1,1,0,0
-0.20735426070953256,-1.3366313399695375,1.6084834273893616,0.0,2,0,0,2,2,0,0,0,0,1,72
0.9933852260624032,0.02223426165899086,1.6084834273893616,0.0,2,0,4,6,2,0,1,1,2,0,72
0.9349377851670747,0.6925415914000478,0.7943687306174818,85.8,2,0,3,4,2,1,0,0,1,1,0
-0.04657991878724743,0.695859944517578,-0.2639803751859618,85.9,1,0,1,3,1,1,0,0,1,1,0
-0.521575074712121,-1.0247061469217191,0.020959768684196134,0.0,1,0,2,2,1,0,1,0,2,0,0
-0.5210265814604756,0.6527213539896879,-0.7931549280876836,84.6,1,1,0,3,1,1,0,1,0,0,0
-0.8579988955413133,-1.1242567404476187,-0.7931549280876836,0.0,1,1,1,1,1,0,0,1,0,0,0
-0.749265593335139,-1.480979700582092,-0.22327464034736777,0.0,1,0,0,1,1,0,1,0,0,0,0
1.6557017972891968,0.888324425334317,1.3642490183577978,0.0,2,0,4,8,2,0,1,0,2,1,66
2.577170460053386,1.6283171705435033,1.5677776925507676,114.0,2,0,4,8,2,1,1,1,2,1,71
-0.9904929254087641,-0.6513914211995958,-1.2816237461508113,0.0,0,0,0,1,0,0,0,0,0,0,0
0.20680202374283885,-0.6795974226986006,1.1200146093262338,0.0,2,1,2,3,2,0,0,1,1,0,0
-0.7427494935055922,0.31756768911915967,-0.9966836022806536,74.5,0,1,1,2,0,1,1,1,1,1,0
1.215678571089231,0.9795791360663916,0.9164859351332638,94.45,2,0,2,5,2,1,0,1,0,1,0
2.36435507841499,1.4491261021968842,1.5677776925507676,108.6,2,0,3,7,2,1,1,1,1,1,71
0.017067238133679132,-0.168571042598983,0.26519417771576004,0.0,1,0,1,3,1,0,0,1,0,1,0
-0.10338187992763986,0.689223238282518,-0.2639803751859618,85.7,1,0,1,3,1,1,0,1,0,1,0
0.3868613883929745,-0.14866092389380306,0.8350744654560759,0.0,2,1,3,5,2,0,1,1,1,1,0
-0.8063088915062554,1.135541732590301,-1.1188008067964355,99.15,0,0,2,5,0,1,0,1,1,1,0
2.3000277898620234,1.32800621340704,1.6084834273893616,104.95,2,1,2,6,2,1,1,1,0,0,0
-0.14491378894222584,0.31424933600162985,-0.22327464034736777,74.4,1,0,1,2,1,1,0,0,1,1,0
-0.710563909499043,-0.17520774883404305,-0.8745663977648716,0.0,0,0,1,3,0,0,1,1,0,1,0
2.3584313512972197,1.3910549226401094,1.6084834273893616,106.85,2,0,2,6,2,1,0,1,1,1,0
0.8159147495600336,1.31141444781939,0.346605647392948,104.45,1,0,3,6,1,1,0,1,1,1,0
0.09185977792803907,0.19147027065302033,0.14307697319997809,0.0,1,0,2,5,1,0,0,1,1,0,0
-0.624209131959999,0.5963093509916785,-0.8745663977648716,82.9,0,1,1,3,0,1,0,1,1,1,0
-0.46183318974290943,-1.4909347599346818,1.2014260790034217,0.0,2,0,0,1,2,0,1,0,0,0,62
-0.7883621923124196,-1.3283354571757127,-0.5082147842175256,0.0,1,0,0,0,1,0,0,0,0,0,0
0.07020526435308067,-0.6596873039934208,0.9164859351332638,0.0,2,0,0,1,2,0,0,0,0,0,0
-0.016719946167674464,-0.4622452935003867,0.5094285867473239,0.0,1,0,3,4,1,0,0,0,1,1,0
2.3515861555166864,1.4623995146670041,1.5677776925507676,109.0,2,0,3,7,2,1,0,1,1,1,71
-0.9943762576304133,-0.9450656721009992,-1.2816237461508113,0.0,0,1,0,1,0,0,0,1,0,0,0
-0.7064831197068016,-1.2885152197653527,-0.1418631706701798,0.0,1,0,0,2,1,0,0,0,0,1,29
-0.79443949754065,-0.6281629493768859,-0.9152721326034655,0.0,0,0,0,1,0,0,1,0,0,0,0
-0.9191010437746053,-1.4826388771408567,-0.8745663977648716,0.0,0,0,0,1,0,0,1,0,0,0,0
-0.29105433091061306,0.7771595958970623,-0.5896262538947137,88.35,1,1,1,4,1,1,0,1,1,0,0
2.400840849514439,1.4325343366092342,1.6084834273893616,108.1,2,0,3,7,2,1,0,1,1,0,72
-0.9911511173107385,-0.7011667179625456,-1.2816237461508113,0.0,0,1,0,1,0,0,0,0,0,0,0
1.4935233126426999,1.1604293809717758,0.9571916699718578,99.9,2,0,3,6,2,1,0,1,1,0,56
-0.04813763962192011,1.0077851375653963,-0.38609757970174374,95.3,1,0,1,4,1,1,1,0,0,0,0
-0.26970697355657597,0.9878750188602166,-0.5896262538947137,94.7,1,1,0,4,1,1,1,1,0,1,0
0.19989100877210744,0.888324425334317,-0.10115743583158582,91.7,1,0,3,5,1,1,0,0,1,0,0
-0.46099948000040847,-1.472683817788267,1.1607203441648277,0.0,2,0,0,1,2,0,1,1,0,1,0
-0.5935812687881227,-1.3233579274994176,0.387311382231542,0.0,1,1,0,2,1,0,1,0,0,0,0
0.7957740773596161,0.6460846477546283,0.7129572609402939,84.4,2,0,0,3,2,1,0,1,0,1,0
-0.013077950976749256,0.5432157011111984,-0.22327464034736777,81.3,1,1,1,3,1,1,1,1,0,0,0
-0.9792817233451332,0.19644780032931503,-1.2816237461508113,70.85,0,1,0,1,0,1,0,1,0,0,0
0.3334162059526515,0.16990097538907525,0.5094285867473239,0.0,1,1,2,5,1,0,0,1,2,0,0
2.2858108447793755,1.3412796258771595,1.5270719577121736,105.35,2,0,3,6,2,1,1,0,1,1,70
-0.7470935600586234,-1.042957089068134,-0.5896262538947137,0.0,1,0,2,2,1,0,1,1,0,0,0
-0.9058933262749853,0.3258635719129846,-1.2002122764736234,74.75,0,0,1,2,0,1,0,1,0,0,0
0.3530961438216868,0.5498524073462585,0.26519417771576004,81.5,1,0,2,3,1,1,0,1,1,1,0
-0.5576659306703851,-1.5125040551986266,0.7943687306174818,0.0,2,0,0,1,2,0,0,0,0,1,52
-0.8404690512187278,0.9779199595076267,-1.1595065416350294,94.4,0,0,3,5,0,1,0,1,2,0,0
2.329668365180938,1.495583045842304,1.4456604880349857,110.0,2,0,3,7,2,1,1,1,1,1,68
-0.8087003220834291,-1.5174815848749215,-0.2639803751859618,0.0,1,0,0,1,1,0,0,0,0,1,0
-0.988145374291722,-0.47385952941174164,-1.2816237461508113,0.0,0,0,1,2,0,0,1,0,0,0,0
-0.5615053834319025,-1.469365464670737,0.7943687306174818,0.0,2,0,0,1,2,0,0,0,0,0,0
-0.7994856354557873,-0.6762790695810708,-0.8338606629262776,0.0,0,1,0,1,0,0,0,1,0,0,0
-0.09763367065039663,0.2014253300056102,-0.1418631706701798,0.0,1,0,0,4,1,0,0,1,0,0,0
-0.9753983911234841,0.49012205123071895,-1.2816237461508113,79.7,0,1,0,2,0,1,0,1,0,0,0
-0.4792533354151657,-0.5103614137045716,-0.3453918448631497,0.0,1,0,1,2,1,0,1,1,1,0,0
1.6039240343338756,0.8468450113651922,1.3235432835192036,0.0,2,0,4,8,2,0,0,1,2,1,65
-0.8761211125756756,-0.4622452935003867,-1.1188008067964355,0.0,0,0,1,3,0,0,1,1,0,0,0
-0.6898747440469803,-1.5008898192872717,0.1023712383613841,0.0,1,0,0,1,1,0,0,0,0,1,35
0.4633871668625339,0.8518225410414869,0.18378270803857208,0.0,1,0,4,8,1,0,1,1,2,0,0
-0.17611208509581336,-0.39255987803225695,0.14307697319997809,0.0,1,0,4,5,1,0,0,1,2,0,36
-0.8608071809897375,0.5332606417586087,-1.1595065416350294,81.0,0,1,0,2,0,1,1,1,0,0,0
-0.2706065024892743,-1.3349721634107725,1.5270719577121736,0.0,2,0,0,2,2,0,0,0,0,1,70
-0.9870483877884313,-1.5324141739038066,-1.2409180113122174,0.0,0,0,0,1,0,0,0,0,0,0,0
-0.8904038768485205,0.3457736906181643,-1.1595065416350294,75.35,0,1,1,2,0,1,1,0,1,0,0
1.9161483329004754,0.9397588986560317,1.5677776925507676,93.25,2,0,2,5,2,1,1,1,0,1,0
1.9283907022771996,0.8269348926600121,1.6084834273893616,0.0,2,0,4,8,2,0,0,1,2,1,72
0.41658972263215255,0.08362379433329585,0.590840056424512,0.0,1,0,3,5,1,0,0,1,1,1,0
0.3361147927507466,-0.2100504565681078,0.9164859351332638,0.0,2,1,3,4,2,0,1,0,1,1,55
1.1014383966365373,0.9862158423014517,0.7536629957788878,94.65,2,1,0,4,2,1,1,1,0,1,0
2.740072955792055,1.767688001479763,1.6084834273893616,118.2,2,1,4,8,2,1,1,1,2,0,72
2.5441072868442047,1.6432497595723885,1.6084834273893616,114.45,2,0,4,8,2,1,1,0,2,1,72
0.21926379042022126,0.3026351000902746,0.22448844287716607,0.0,1,1,4,6,1,0,1,0,2,1,0
-0.7269967673183377,0.37232051555840456,-0.9966836022806536,0.0,0,0,3,6,0,0,1,1,2,1,8
0.07246505654985955,0.7755004193382974,-0.22327464034736777,88.3,1,0,1,4,1,1,0,0,0,0,0
-0.8286654764433199,-0.13372833486491825,-1.0780950719578415,0.0,0,0,1,3,0,0,1,0,0,0,0
-0.8596663150263151,-1.5191407614336867,-0.6303319887333076,0.0,1,0,0,1,1,0,1,0,0,0,17
-0.397703358760535,-1.497571466169742,1.5677776925507676,0.0,2,0,0,1,2,0,1,0,0,1,71
0.8040453555944282,1.1305642029140057,0.387311382231542,99.0,1,0,2,5,1,1,0,1,1,1,42
-1.0014408507116053,-1.4793205240233267,-1.2816237461508113,0.0,0,0,0,1,0,0,0,0,0,0,0
2.357180786683469,1.478991280254654,1.5270719577121736,109.5,2,1,3,7,2,1,0,1,1,1,0
-0.7200857523476063,0.3540695734119893,-0.9559778674420595,75.6,0,1,1,2,0,1,1,0,1,0,0
-1.0016602480122636,-1.4959122896109767,-1.2816237461508113,0.0,0,0,0,1,0,0,1,0,0,0,0
-0.8132199064769868,-0.804035664605975,-0.9152721326034655,0.0,0,0,3,3,0,0,0,0,1,0,0
1.0478615758158194,0.9911933719777464,0.6722515261016999,94.8,2,1,1,4,2,1,1,1,0,1,49
-0.12933658059549788,-0.6961891882862504,0.5501343215859179,0.0,1,1,0,2,1,0,0,1,0,1,0
1.0057372940894564,1.2682758572915003,0.5501343215859179,103.15,1,1,2,6,1,1,0,1,1,1,0
-0.8578233777007866,1.1504743216191855,-1.1595065416350294,99.6,0,1,1,5,0,1,0,1,1,1,0
2.3787475413381642,1.3628489211411048,1.5677776925507676,106.0,2,0,2,6,2,1,1,1,0,1,71
-0.6525113837448991,-0.11713656927726834,-0.7524491932490895,0.0,1,0,2,4,1,0,1,1,1,1,14
0.673811117923756,-0.3560579937394271,1.4049547531963917,0.0,2,0,2,3,2,0,1,1,1,1,67
-0.7631095630066675,-0.15695680668762801,-0.9152721326034655,0.0,0,0,1,3,0,0,1,0,0,1,0
-0.48309278817668316,-1.4892755833759168,1.2014260790034217,0.0,2,0,0,1,2,0,1,1,0,0,62
1.5212990109060205,0.8236165395424823,1.3235432835192036,89.75,2,1,3,5,2,1,1,0,1,1,0
0.4067826632927337,-0.16193433636392318,0.8350744654560759,0.0,2,1,2,4,2,0,1,1,2,1,0
-0.969386905085451,-1.5108448786398618,-1.1595065416350294,0.0,0,0,0,1,0,0,1,0,0,0,0
0.5276486362253031,-0.1669118660402181,1.0386031396490458,0.0,2,0,2,4,2,0,0,1,1,1,58
-0.9756836076143396,0.4685527559667738,-1.2816237461508113,79.05,0,1,0,2,0,1,1,1,0,0,0
2.4357908395092807,1.4126242179040545,1.6084834273893616,107.5,2,0,2,6,2,1,0,1,1,0,72
2.1717242484371426,1.376122333611225,1.4863662228735797,106.4,2,0,3,6,2,1,0,1,2,1,0
-0.9379692116312054,0.49012205123071895,-1.2409180113122174,79.7,0,0,2,3,0,1,0,0,0,1,0
0.9474653710346547,0.6709722961361032,0.7943687306174818,0.0,2,0,3,7,2,0,1,1,2,0,52
-0.7122971481742423,0.5033954637008385,-0.9966836022806536,80.1,0,0,0,2,0,1,0,1,0,0,0
2.475172654977417,1.550335872281549,1.6084834273893616,111.65,2,1,3,7,2,1,0,0,1,0,72
-0.8728301530658035,-0.6862341289336606,-1.0373893371192475,0.0,0,0,0,1,0,0,0,1,0,1,0
1.3204407821534931,1.1172907904438856,0.8350744654560759,98.6,2,0,3,6,2,1,0,0,1,0,0
-0.6464779579768003,0.18483356441796028,-0.8745663977648716,0.0,0,0,1,4,0,0,0,0,1,0,0
-0.7688797120139768,-1.0396387359506039,-0.5896262538947137,0.0,1,0,2,2,1,0,1,0,1,0,0
-1.001594428822066,-1.4909347599346818,-1.2816237461508113,0.0,0,0,0,1,0,0,1,0,0,0,0
-0.3201244732478166,-1.3167212212643575,1.2421318138420157,0.0,2,0,0,2,2,0,1,0,0,1,63
0.1111448006558897,0.6709722961361032,-0.10115743583158582,85.15,1,1,1,3,1,1,0,0,1,0,0
-1.0015724890920001,-1.4892755833759168,-1.2816237461508113,0.0,0,0,0,1,0,0,1,0,0,0,0
0.06921797650011903,-0.027541035103958902,0.30589991255435406,0.0,1,0,2,4,1,0,0,1,2,0,0
-0.5066999377274991,-1.5075265255223318,1.0793088744876398,0.0,2,0,0,1,2,0,1,0,0,1,59
-0.4040439407495553,-0.045791977250373726,-0.4268033145403377,0.0,1,0,3,5,1,0,0,1,2,1,0
0.8234400769726077,-0.31457857977030224,1.6084834273893616,0.0,2,0,4,5,2,0,1,1,2,1,72
-0.5178672603309984,0.4370284013502389,-0.7524491932490895,78.1,1,1,0,2,1,1,0,1,0,1,0
2.492307584158817,1.510515634871189,1.6084834273893616,110.45,2,0,3,7,2,1,0,1,1,1,72
2.6776983032149455,1.6631598782775683,1.6084834273893616,115.05,2,0,4,8,2,1,0,0,2,0,72
0.6220991741586325,0.32088604223668943,0.6722515261016999,74.6,2,0,0,2,2,1,1,1,0,0,0
-0.654639537561283,-0.5501816511149312,-0.5896262538947137,0.0,1,1,1,3,1,0,0,1,0,1,0
-0.9228527376158596,-1.4942531130522119,-0.9152721326034655,0.0,0,0,0,1,0,0,0,1,0,0,0
-0.7350705879825572,0.6726314726948681,-0.9966836022806536,85.2,0,0,0,3,0,1,0,1,0,1,0
-0.8816718642823266,-0.8239457833111549,-1.0373893371192475,0.0,0,0,1,2,0,0,0,1,0,0,0
-0.9823971650144787,-1.1508035653878583,-1.2409180113122174,0.0,0,0,1,1,0,0,0,1,0,1,0
0.2665000292519187,0.634470411843273,0.06166550352279012,84.05,1,0,1,3,1,1,1,1,0,1,0
1.1359934714901945,0.03550767412911099,1.5270719577121736,0.0,2,1,3,5,2,0,0,0,2,0,70
-0.24217261232397935,-1.3399496930870676,1.6084834273893616,0.0,2,1,0,2,2,0,0,0,0,1,72
-0.9130017988163089,-1.1790095668868632,-0.9966836022806536,0.0,0,1,1,1,0,0,1,1,0,0,0
-0.319839256756961,0.9380997220972668,-0.6710377235719016,93.2,1,0,2,4,1,1,0,1,0,0,0
1.9916210043268756,1.1471559685016557,1.4863662228735797,99.5,2,0,1,5,2,1,1,0,0,1,0
0.22494618050726703,0.5531707604637883,0.1023712383613841,81.6,1,0,1,3,1,1,1,1,0,1,0
-0.5332908905672656,-1.4909347599346818,0.9164859351332638,0.0,2,0,0,1,2,0,0,0,0,1,0
-0.45360579096822917,-1.5207999379924515,1.4863662228735797,0.0,2,0,0,1,2,0,1,1,0,0,69
-0.942006121963315,0.5199872292884885,-1.2409180113122174,80.6,0,0,1,3,0,1,0,0,0,0,0
-0.1913821372216199,-1.3100845150292975,1.6084834273893616,0.0,2,0,0,2,2,0,0,0,0,0,72
-0.9622784325441274,-1.4925939364934466,-1.1188008067964355,0.0,0,0,0,1,0,0,0,0,0,0,0
-0.6876368915802673,0.1732193285066055,-0.9152721326034655,70.15,0,0,0,1,0,1,1,0,0,0,0
-0.5301754488979201,-1.5307549973450416,0.9978974048104517,0.0,2,0,0,1,2,0,1,0,0,0,57
-0.35101561318048274,-0.2100504565681078,-0.30468611002455576,0.0,1,0,3,5,1,0,0,1,1,1,0
2.004894541016693,1.4541036318731793,1.2421318138420157,108.75,2,1,3,7,2,1,0,1,1,1,0
1.5727476779103544,0.5150096996121938,1.6084834273893616,0.0,2,0,3,6,2,0,0,1,2,1,72
0.9525553884099233,1.0608787874458763,0.631545791263106,96.9,1,0,3,6,1,1,1,1,1,1,48
0.9618578339578283,0.8451858348064274,0.6722515261016999,90.4,2,0,2,4,2,1,1,1,0,1,0
-0.8119474021331696,-1.466047111553207,-0.4675090493789317,0.0,1,0,0,1,1,0,0,0,0,0,0
0.11862624860833218,-0.6663240102284806,0.9978974048104517,0.0,2,1,0,2,2,0,1,1,0,1,0
-0.3853512907334817,0.0139383788651659,-0.4675090493789317,0.0,1,0,2,4,1,0,1,0,1,0,0
-0.7891959020549205,-0.027541035103958902,-0.9966836022806536,0.0,0,0,2,4,0,0,0,0,1,0,0
-0.6629766349862923,0.6825865320474579,-0.9559778674420595,85.5,0,1,0,3,0,1,1,1,0,0,0
-0.9322210023539621,0.9961709016540415,-1.2409180113122174,94.95,0,1,1,4,0,1,1,0,0,0,0
-0.6195798489161123,0.9928525485365113,-0.9559778674420595,94.85,0,0,3,5,0,1,1,1,1,1,0
-0.1627288497556668,1.1620885575305409,-0.5489205190561197,99.95,1,1,1,5,1,1,1,1,0,0,0
-0.7170800093285897,0.6643355899010431,-0.9966836022806536,84.95,0,1,1,3,0,1,0,0,1,0,0
1.585955395409974,1.3445979789946898,0.9571916699718578,105.45,2,0,2,6,2,1,0,1,1,0,0
-0.5026630273953893,-0.2979868141826523,-0.4675090493789317,0.0,1,1,2,4,1,0,0,1,1,1,0
1.160214933482853,0.5199872292884885,1.1200146093262338,0.0,2,0,3,6,2,0,0,1,1,1,60
0.255508224488946,-0.4290617623250868,0.9571916699718578,0.0,2,0,3,4,2,0,1,1,2,1,0
-0.5368890062980592,-1.480979700582092,0.9164859351332638,0.0,2,0,0,1,2,0,0,0,0,1,55
-0.5709175276301367,-1.5207999379924515,0.9164859351332638,0.0,2,0,0,1,2,0,1,0,0,0,0
-0.5293417391554192,0.3109309828840996,-0.7524491932490895,74.3,1,1,0,2,1,1,0,1,0,0,0
1.324565451405866,0.7871146552496526,1.1607203441648277,0.0,2,0,3,7,2,0,0,0,1,0,61
-0.407378779719559,-1.4909347599346818,1.3642490183577978,0.0,2,0,0,1,2,0,1,0,0,1,66
0.36511911589775276,-0.34112540471054226,0.9978974048104517,0.0,2,0,2,3,2,0,1,1,1,0,0
0.6287249726385082,-0.009290092957543614,1.0793088744876398,0.0,2,1,2,4,2,0,1,1,1,0,0
1.2573640582142778,1.3844182164050498,0.6722515261016999,106.65,2,0,2,6,2,1,1,1,1,0,0
1.7947777461763923,0.904916190921967,1.4456604880349857,0.0,2,0,4,8,2,0,1,1,2,1,68
0.15658198162219045,0.33084110158927976,0.14307697319997809,74.9,1,0,0,2,1,1,0,1,0,0,0
-0.9798521563268443,0.15330920980142534,-1.2816237461508113,69.55,0,1,0,1,0,1,0,1,0,1,0
0.34853267996799747,1.1786803231181906,-0.10115743583158582,100.45,1,1,1,5,1,1,0,0,0,0,0
-0.25327411573728126,-1.3449272227633626,1.5677776925507676,0.0,2,0,0,2,2,0,0,1,0,1,71
-0.6405103513988988,1.2019087949409006,-0.9966836022806536,101.15,0,1,2,5,0,1,0,0,0,1,0
-0.6805503587690094,0.5282831120823135,-0.9559778674420595,80.85,0,1,0,2,0,1,0,1,0,0,0
2.2142434453046906,1.3794406867287545,1.4863662228735797,106.5,2,0,2,6,2,1,1,1,1,0,69
2.1685649273076657,1.3827590398462843,1.4049547531963917,106.6,2,0,2,6,2,1,0,1,1,0,0
-0.4186558009733874,-0.3311703453579522,-0.3453918448631497,0.0,1,1,2,3,1,0,1,0,2,0,0
-0.4979459854312393,0.22797215494585,-0.6710377235719016,71.8,1,0,0,1,1,1,1,1,0,1,0
-0.551171770570904,0.17487850506537042,-0.7524491932490895,70.2,1,1,0,1,1,1,0,0,0,1,0
0.5803478678433883,1.4590811615494745,0.06166550352279012,108.9,1,1,3,7,1,1,1,1,1,1,0
-0.5681092421817124,-1.5058673489635668,0.8350744654560759,0.0,2,0,0,1,2,0,0,0,0,1,0
-0.027623992010383996,1.3578713914648095,-0.5082147842175256,105.85,1,0,2,6,1,1,0,1,0,1,0
-0.21123759293118158,0.3275227484717495,-0.3453918448631497,0.0,1,0,1,5,1,0,1,0,1,1,0
1.240338827683206,0.5432157011111984,1.2828375486806096,0.0,2,0,4,7,2,0,0,1,2,1,64
-0.23975924201673982,-1.3598598117922474,1.5677776925507676,0.0,2,0,0,2,2,0,1,0,0,1,71
-0.9393075351652201,-1.5174815848749215,-0.9966836022806536,0.0,0,0,0,1,0,0,0,1,0,0,0
0.9462806256111004,0.15330920980142534,1.3235432835192036,0.0,2,0,2,5,2,0,1,1,1,1,65
-0.4295379070860311,-0.5302715324097512,-0.1418631706701798,0.0,1,0,1,2,1,0,1,0,0,0,0
1.3804459438834944,1.1936129121470758,0.9164859351332638,100.9,2,0,1,5,2,1,0,0,1,1,0
0.4302142950030231,-0.13040998174738822,0.8757802002946699,0.0,2,1,3,4,2,0,1,1,1,0,0
0.8296709603112988,-0.11879574583603324,1.3642490183577978,0.0,2,0,3,5,2,0,0,1,2,0,66
-0.2093507761455216,-0.17354857227527792,-0.06045170099299184,0.0,1,0,0,3,1,0,1,0,0,1,0
-0.8443304437103111,0.46523440284924406,-1.1188008067964355,78.95,0,1,0,2,0,1,0,0,0,0,0
-0.3988661644540232,-0.10884068648344337,-0.4675090493789317,0.0,1,0,1,3,1,0,1,0,0,0,0
-0.9269554671381668,-1.3382905165283026,-0.9559778674420595,0.0,0,0,0,0,0,0,1,1,0,0,0
0.23806613908662386,0.8551408941590172,-0.06045170099299184,90.7,1,1,1,4,1,1,1,1,0,0,0
1.1488501533087614,1.1388600857078308,0.6722515261016999,99.25,2,0,2,5,2,1,1,1,1,1,0
-0.5369548254882566,0.9646465470375066,-0.8745663977648716,94.0,0,1,0,4,0,1,0,1,0,1,0
-0.7750008967023387,0.9497139580086216,-1.0780950719578415,93.55,0,0,0,4,0,1,0,1,0,0,0
0.0,-1.4909347599346818,-1.3223294809894055,0.0,0,0,0,1,0,0,0,0,0,1,0
-0.5208510636199492,-1.4942531130522119,0.9978974048104517,0.0,2,0,0,1,2,0,0,0,0,1,57
-0.9602819171081381,-0.1967770440979879,-1.2409180113122174,0.0,0,1,1,3,0,0,0,1,0,0,0
-0.6792339749650605,0.6776090023711627,-0.9559778674420595,85.35,0,0,0,3,0,1,0,1,0,1,0
-0.6843239923403295,-1.480979700582092,0.22448844287716607,0.0,1,0,0,1,1,0,0,0,0,0,38
-0.04866419314349976,-0.33448869847548224,0.26519417771576004,0.0,1,0,2,4,1,0,1,0,1,0,0
-0.3455526203940951,0.9165304268333218,-0.6303319887333076,92.55,1,1,0,4,1,1,1,1,0,1,0
-0.17749428808995968,-1.3067661619117676,1.5677776925507676,0.0,2,0,0,2,2,0,1,0,0,0,71
0.9390843941495135,1.0559012577695812,0.5094285867473239,96.75,1,0,2,5,1,1,0,0,1,0,0
-0.7162243598560231,-1.4876164068171518,0.020959768684196134,0.0,1,0,0,1,1,0,0,0,0,1,33
-0.3599450833172691,-1.4677062881119718,1.6084834273893616,0.0,2,0,0,1,2,0,0,1,0,1,72
-0.29943530779575395,-0.3212152860053623,-0.1418631706701798,0.0,1,1,1,3,1,0,0,1,0,0,0
1.9951094214073397,1.0227177265942813,1.5677776925507676,95.75,2,0,2,5,2,1,0,1,0,1,71
-0.21775369276072842,1.283208446320385,-0.5896262538947137,103.6,1,0,2,6,1,1,0,1,1,0,0
-0.6443498041604162,-0.36601305309201715,-0.6710377235719016,0.0,1,0,2,3,1,0,0,1,1,0,0
0.19826746874723708,1.2052271480584305,-0.22327464034736777,101.25,1,1,2,5,1,1,0,1,1,1,0
-0.9693649653553853,-1.5042081724048018,-1.1595065416350294,0.0,0,0,0,1,0,0,0,0,0,1,0
-0.17029805662837263,-1.2769009838539978,1.6084834273893616,0.0,2,0,0,2,2,0,0,0,0,1,72
0.9662019005108597,0.9994892547715714,0.590840056424512,95.05,1,1,2,5,1,1,0,1,1,0,0
0.3998058291318048,0.5465340542287288,0.26519417771576004,81.4,1,0,1,3,1,1,1,0,0,0,0
2.3199929442219145,1.3296653899658049,1.6084834273893616,105.0,2,0,2,6,2,1,0,1,1,1,72
-0.9711859629508477,0.8086839505135972,-1.2816237461508113,89.3,0,1,0,3,0,1,0,1,0,0,0
2.314837107656448,1.3296653899658049,1.6084834273893616,105.0,2,0,2,6,2,1,0,0,0,1,0
-0.40465825319139803,0.34743286717692967,-0.5896262538947137,75.4,1,1,1,2,1,1,0,1,1,0,0
1.188912100408938,0.2014253300056102,1.5677776925507676,0.0,2,0,3,5,2,0,1,1,2,1,0
0.18657359262215836,0.04878108659923111,0.387311382231542,0.0,1,0,3,5,1,0,0,1,2,1,0
1.784509952505591,0.8402083051301322,1.6084834273893616,0.0,2,0,4,8,2,0,1,1,2,1,72
-0.38947595998585477,1.1687252637656007,-0.7117434584104956,100.15,1,1,1,5,1,1,0,1,0,0,0
2.3067194075320967,1.326347036848275,1.6084834273893616,104.9,2,0,3,6,2,1,1,1,2,1,72
-0.32253784355505616,-0.2896909313888274,-0.22327464034736777,0.0,1,0,2,3,1,0,1,0,1,0,0
0.04999877296246606,0.1781968581829002,0.1023712383613841,70.3,1,1,0,1,1,1,0,1,0,1,0
-0.6124494366447227,1.2135230308522553,-0.9559778674420595,101.5,0,1,2,5,0,1,1,1,1,1,0
-1.0017918863926583,-1.5058673489635668,-1.2816237461508113,0.0,0,0,0,1,0,0,0,0,0,0,0
-0.6035419062380022,-0.6829157758161306,-0.5082147842175256,0.0,1,1,0,1,1,0,0,1,0,0,0
-0.4311833868409672,-1.5125040551986266,1.3235432835192036,0.0,2,0,0,1,2,0,0,0,0,1,65
-1.0011995136808813,-1.461069581876912,-1.2816237461508113,0.0,0,0,0,1,0,0,0,0,0,0,0
-0.9380350308214028,-1.4892755833759168,-1.0373893371192475,0.0,0,0,0,1,0,0,0,0,0,0,0
-0.10891069190422496,0.3524103968532244,-0.1418631706701798,0.0,1,0,2,5,1,0,1,0,1,1,29
-0.40478989157179296,-1.1491443888290935,0.5501343215859179,0.0,1,0,1,1,1,0,1,0,0,0,0
-0.9886499880832358,-0.5120205902633365,-1.2816237461508113,0.0,0,1,1,2,0,0,0,0,0,0,0
-0.9054764714037347,0.32088604223668943,-1.2002122764736234,74.6,0,0,1,2,0,1,0,1,0,1,0
-0.5120312921334919,0.8684143066291369,-0.7931549280876836,91.1,1,1,0,3,1,1,1,1,0,0,0
-0.9678950034409756,-1.4892755833759168,-1.0373893371192475,0.0,0,0,0,1,0,0,0,0,0,0,0
-1.0016602480122636,-1.4959122896109767,-1.2816237461508113,0.0,0,1,0,1,0,0,1,1,0,0,0
-0.8605877836890793,-1.4859572302583868,-0.6710377235719016,0.0,1,1,0,1,1,0,1,0,0,1,0
-0.7627365875955487,0.018915908541461066,-0.9966836022806536,0.0,0,0,2,4,0,0,0,0,2,1,8
-0.5358358992549,1.309755271260625,-0.9152721326034655,104.4,0,1,3,6,0,1,1,1,1,0,0
0.2316158584472744,1.1819986762357204,-0.1418631706701798,100.55,1,0,3,6,1,1,1,0,1,0,0
-0.3672071339690535,0.6211969993731534,-0.5489205190561197,83.65,1,1,0,3,1,1,1,1,0,1,0
2.609026948108948,1.5984519924857334,1.6084834273893616,113.1,2,0,4,8,2,1,0,1,2,1,72
-0.8842607524300926,1.1305642029140057,-1.2002122764736234,99.0,0,0,2,5,0,1,0,1,1,0,0
-0.5656081129542098,-1.3299946337344775,0.46872285190873,0.0,1,1,0,2,1,0,1,0,0,1,0
0.9206550208942298,1.336302096200865,0.387311382231542,105.2,1,1,2,6,1,1,0,1,1,0,0
0.1174195634547124,0.6178786462556232,-0.10115743583158582,83.55,1,0,2,4,1,1,1,1,1,1,0
0.7824347214796014,0.5332606417586087,0.7536629957788878,81.0,2,0,1,3,2,1,1,0,0,0,0
-1.0017480069325266,-1.5025489958460367,-1.2816237461508113,0.0,0,0,0,1,0,0,0,0,0,0,0
-0.814975084882252,-1.4909347599346818,-0.38609757970174374,0.0,1,0,0,1,1,0,1,1,0,1,0
1.550215575132763,1.512174811429954,0.8350744654560759,110.5,2,1,4,7,2,1,0,0,2,1,0
0.04593992290029047,1.1222683201201809,-0.3453918448631497,98.75,1,1,1,5,1,1,0,1,0,0,0
-1.0015286096318685,-1.4859572302583868,-1.2816237461508113,0.0,0,0,0,1,0,0,0,0,0,0,0
1.65159906776689,1.107335731091296,1.1607203441648277,98.3,2,0,3,6,2,1,1,1,1,1,0
-0.06375872742877965,0.9380997220972668,-0.4268033145403377,93.2,1,0,1,4,1,1,1,1,0,0,0
-0.8130224489063945,0.8783693659817272,-1.1188008067964355,91.4,0,1,0,3,0,1,1,1,0,0,0
-0.1454403424638053,-0.5020655309107466,0.26519417771576004,0.0,1,0,1,2,1,0,1,1,1,0,39
-0.12341285347772811,-0.8455150785750998,0.7129572609402939,0.0,2,0,1,2,2,0,1,1,1,1,0
-0.5445459720910283,-1.5108448786398618,0.9978974048104517,0.0,2,0,0,1,2,0,1,0,0,1,0
-0.5898076352168026,-1.3100845150292975,0.26519417771576004,0.0,1,0,0,2,1,0,1,0,0,0,0
-0.4741413783098311,1.0376503156231662,-0.8745663977648716,96.2,0,0,2,5,0,1,0,1,2,1,0
-0.9904929254087641,-0.6513914211995958,-1.2816237461508113,0.0,0,1,0,1,0,0,1,0,0,0,0
1.601773940787426,1.482309633372184,0.9571916699718578,109.6,2,0,3,7,2,1,0,1,2,1,0
-0.18126792166127964,-0.2648032830073525,0.06166550352279012,0.0,1,0,2,3,1,0,1,0,1,0,0
-0.5962140363960203,0.473530285643069,-0.8338606629262776,0.0,0,1,3,6,0,0,0,1,2,1,0
-0.9705497107789391,0.8568000707177821,-1.2816237461508113,90.75,0,1,0,3,0,1,1,1,0,1,0
-0.8407762074396492,-1.5008898192872717,-0.5489205190561197,0.0,1,0,0,1,1,0,1,1,0,0,0
-0.26797373488137666,0.9895341954189815,-0.5896262538947137,94.75,1,1,0,4,1,1,1,1,0,1,0
-0.1359184996152421,-0.3593763468569571,0.14307697319997809,0.0,1,0,2,3,1,0,1,0,1,1,0
-0.7194714399057635,-0.1552976301288631,-0.8745663977648716,0.0,0,0,2,4,0,0,1,0,1,0,0
0.785550163148947,0.29599839385521454,0.9571916699718578,73.85,2,1,1,2,2,1,0,1,0,0,0
0.6602743044731488,0.4171182826450592,0.7536629957788878,77.5,2,1,1,3,2,1,0,1,1,1,0
0.05300451598148254,0.8368899520126024,-0.22327464034736777,90.15,1,0,1,4,1,1,0,0,0,1,0
-0.9792597836150673,0.1981069768880804,-1.2816237461508113,70.9,0,0,0,1,0,1,0,0,0,0,0
-0.9306852212493552,-0.6281629493768859,-1.1595065416350294,0.0,0,1,0,1,0,0,0,0,0,1,0
1.026119303320598,-0.015926799192603674,1.6084834273893616,0.0,2,0,4,6,2,0,1,1,2,1,72
0.11570826450957906,-0.4788370590880366,0.7943687306174818,0.0,2,1,3,4,2,0,0,1,1,0,0
-0.835027998162406,-1.3117436915880627,-0.7117434584104956,0.0,1,0,0,2,1,0,0,1,0,0,0
-0.986148858855733,-0.3228744625641272,-1.2816237461508113,0.0,0,0,0,2,0,0,0,0,0,1,0
1.1228076937206402,0.4950995809070136,1.2421318138420157,0.0,2,0,4,7,2,0,0,1,2,0,63
-0.4579279177911945,0.8617776003940772,-0.7524491932490895,90.9,1,0,1,4,1,1,0,1,0,1,0
-0.07549648301399016,0.7804779490145926,-0.38609757970174374,88.45,1,0,2,4,1,1,0,1,0,1,0
1.072675410520255,1.1537926747367158,0.590840056424512,99.7,1,1,1,5,1,1,0,0,0,1,0
2.3733723074720396,1.4690362209020642,1.6084834273893616,109.2,2,0,3,7,2,1,0,1,1,1,72
0.6955972698791094,0.6145602931380933,0.631545791263106,0.0,1,0,3,7,1,0,0,1,1,0,0
-0.8510220613803844,-0.9666349673649444,-0.8745663977648716,0.0,0,0,0,1,0,0,0,1,0,0,0
-0.5997024534764847,-1.4909347599346818,0.631545791263106,0.0,1,0,0,1,1,0,0,0,0,1,48
-0.3514105283216674,-1.3250171040581826,1.1607203441648277,0.0,2,0,0,2,2,0,1,0,0,1,61
-0.01206872339372193,0.14003579733130567,0.06166550352279012,69.15,1,0,0,1,1,1,1,0,0,0,0
-0.7966554102772972,-1.466047111553207,-0.3453918448631497,0.0,1,0,0,1,1,0,1,0,0,0,24
-0.5332031316470024,-0.1138182161597383,-0.5896262538947137,0.0,1,0,3,4,1,0,0,1,2,1,0
1.3271982190137637,0.7257251225753476,1.2828375486806096,86.8,2,0,2,4,2,1,0,1,2,1,0
1.3365884234819319,0.7904330083671824,1.0793088744876398,88.75,2,0,1,4,2,1,0,1,0,1,0
-0.6469606320382482,-1.018069440686659,-0.3453918448631497,0.0,1,0,2,2,1,0,1,0,1,1,0
0.0,-1.3134028681468275,-1.3223294809894055,0.0,0,0,0,2,0,0,1,0,0,1,0
-0.3499625061373237,-1.3250171040581826,1.1200146093262338,0.0,2,0,0,2,2,0,0,0,0,0,60
0.3457902137097707,0.32254521879545484,0.346605647392948,0.0,1,0,3,6,1,0,0,1,2,0,0
-0.907824022520777,0.5448748776699633,-1.2002122764736234,81.35,0,1,1,3,0,1,1,1,0,0,0
2.3769046040126356,1.4424893959618246,1.6084834273893616,108.4,2,1,3,7,2,1,1,1,1,1,72
1.3046222367760412,1.5237890473413087,0.590840056424512,110.85,1,0,3,7,1,1,1,1,2,1,0
-0.32115564056090984,0.3441145140593994,-0.4675090493789317,75.3,1,0,0,2,1,1,1,0,0,0,0
0.7406834151643572,1.0990398482974708,0.346605647392948,98.05,1,0,1,5,1,1,0,0,0,0,0
-0.8084151055925736,0.5946501744329131,-1.0780950719578415,82.85,0,1,0,3,0,1,1,1,0,1,0
-0.8411930623108997,-1.4544328756418519,-0.6303319887333076,0.0,1,0,0,1,1,0,1,0,0,0,0
-0.3693572275155033,-1.4876164068171518,1.6084834273893616,0.0,2,0,0,1,2,0,0,0,0,1,72
-0.7160927214756281,-0.42574340920755677,-0.7931549280876836,0.0,1,0,1,2,1,0,1,1,1,0,0
1.097928039826007,-0.005971739840013817,1.6084834273893616,0.0,2,0,3,5,2,0,0,0,2,1,72
-0.33471439374158296,1.2782309166440902,-0.7117434584104956,103.45,1,1,2,6,1,1,1,1,1,1,0
-0.9603696760284015,-0.9998184985402442,-1.2002122764736234,0.0,0,0,0,1,0,0,0,1,0,0,0
0.5466045630021665,0.3275227484717495,0.5501343215859179,74.8,1,0,1,2,1,1,0,1,0,0,0
-0.25391036790918986,-1.3731332242623675,1.6084834273893616,0.0,2,0,0,2,2,0,1,1,0,1,72
-0.6014576318817498,-0.29135010794759253,-0.7117434584104956,0.0,1,0,0,2,1,0,0,0,0,0,0
2.040744059944233,1.533744106693899,1.2828375486806096,111.15,2,1,3,7,2,1,0,1,1,1,0
1.4461334957005416,0.659358060224748,1.4049547531963917,84.8,2,0,3,4,2,1,0,0,1,1,0
-1.0013969712514739,-1.4760021709057967,-1.2816237461508113,0.0,0,0,0,1,0,0,1,0,0,0,0
0.7014771175367477,0.34079616094186965,0.7536629957788878,0.0,2,0,1,5,2,0,1,1,1,1,51
0.3398006674018034,-0.15861598324639314,0.7536629957788878,0.0,2,0,3,5,2,0,0,0,2,0,0
-0.9142743031601263,-0.7194176601089605,-1.1188008067964355,0.0,0,0,4,4,0,0,1,1,2,0,0
-0.9590532922244527,-1.3150620447055927,-1.1595065416350294,0.0,0,0,0,2,0,0,0,1,0,0,4
0.08229405561934428,0.14003579733130567,0.1023712383613841,0.0,1,0,4,6,1,0,1,1,2,1,35
-0.24996121649734335,-1.3499047524396575,1.5677776925507676,0.0,2,0,0,2,2,0,0,1,0,1,71
-0.5588945555540706,0.5631258198163787,-0.7931549280876836,81.9,1,0,0,2,1,1,0,1,0,0,0
-0.981431816891583,-1.4842980536996218,-1.2002122764736234,0.0,0,1,0,1,0,0,0,0,0,0,0
-0.730616822779197,-1.5224591145512167,-0.10115743583158582,0.0,1,0,0,1,1,0,1,0,0,1,30
-0.3681944218220151,0.28936168762015496,-0.5082147842175256,73.65,1,1,1,2,1,1,1,1,0,1,0
1.3775718392448726,0.712451710105228,1.2828375486806096,0.0,2,0,4,8,2,0,0,1,2,0,64
-0.5461914518459644,-1.5440284098151615,1.0793088744876398,0.0,2,0,0,1,2,0,0,0,0,1,59
-0.9858855820949431,-0.3029643438589475,-1.2816237461508113,0.0,0,1,2,3,0,0,0,1,1,0,0
1.4580906485864102,0.9563506642436816,0.9978974048104517,93.75,2,1,2,5,2,1,1,0,2,0,57
0.4659760550103,-0.4771778825292717,1.3642490183577978,0.0,2,0,1,3,2,0,1,0,1,1,66
-0.5844982205408756,-0.8056948411647401,-0.30468611002455576,0.0,1,0,1,2,1,0,1,1,1,0,0
-0.898367998862411,-1.1756912137693334,-0.9152721326034655,0.0,0,0,1,1,0,0,1,0,0,0,0
-0.9763637392463799,-1.4793205240233267,-1.1595065416350294,0.0,0,0,0,1,0,0,0,0,0,0,0
1.8305614459137345,0.8982794846869069,1.6084834273893616,0.0,2,0,4,8,2,0,0,0,2,1,72
2.5072704800637027,1.6631598782775683,1.5677776925507676,115.05,2,0,4,8,2,1,1,1,2,1,71
-0.6562850173162191,-1.4992306427285067,0.346605647392948,0.0,1,0,0,1,1,0,0,1,0,0,0
-0.9237522665485578,-1.5042081724048018,-0.9559778674420595,0.0,0,0,0,1,0,0,1,0,0,1,9
-0.9880356756413929,-0.4655636466179167,-1.2816237461508113,0.0,0,0,1,2,0,0,1,0,0,0,0
-0.9780750381915134,0.2877025110613896,-1.2816237461508113,73.6,0,0,1,2,0,1,0,1,1,0,0
2.2093070060398827,1.472354574019594,1.3235432835192036,109.3,2,1,3,7,2,1,0,0,2,1,65
-0.8620138661433573,0.3457736906181643,-1.1595065416350294,75.35,0,1,0,2,0,1,0,0,0,0,0
-0.9777459422405262,0.3125901594428645,-1.2816237461508113,74.35,0,1,1,2,0,1,0,0,0,0,0
-0.9915460324519232,-0.7310318960203155,-1.2816237461508113,0.0,0,1,0,1,0,0,1,1,0,0,0
-0.9419622425031835,-1.469365464670737,-1.0373893371192475,0.0,0,0,0,1,0,0,0,0,0,0,0
-0.9696721215763067,-1.4793205240233267,-1.1188008067964355,0.0,0,0,0,1,0,0,1,0,0,0,0
-0.7048157002217997,-0.37430893588584213,-0.8338606629262776,0.0,0,0,0,2,0,0,1,0,0,1,0
1.4070807761833926,1.1637477340893057,0.9164859351332638,100.0,2,1,1,5,2,1,0,1,0,0,0
0.0693057354203824,-0.6547097743171256,0.8757802002946699,0.0,2,0,2,3,2,0,1,0,2,0,54
-0.9428837111659476,0.14501332700760036,-1.2409180113122174,69.3,0,1,0,1,0,1,0,1,0,1,0
-0.8231586041968005,-1.5042081724048018,-0.38609757970174374,0.0,1,0,0,1,1,0,1,0,0,1,23
-0.37363547487833704,1.0210585500355165,-0.7117434584104956,95.7,1,1,2,5,1,1,1,0,1,0,0
-0.9600405800774143,-0.5087022371458064,-1.2409180113122174,0.0,0,0,1,2,0,0,0,1,0,0,0
1.4385642888278356,1.1172907904438856,0.9571916699718578,98.6,2,1,1,5,2,1,1,0,0,0,0
2.0238724075236223,1.3313245665245697,1.3235432835192036,105.05,2,1,2,6,2,1,0,1,1,1,0
0.20436671370553341,0.928144662744677,-0.1825689055087738,92.9,1,0,3,5,1,1,1,0,1,1,0
-0.9993126968952214,-1.3183803978231226,-1.2816237461508113,0.0,0,0,0,0,0,0,0,0,0,0,0
-0.8652170667329661,-0.8770394331916347,-0.9966836022806536,0.0,0,1,1,2,0,0,0,1,1,0,0
-0.26904878165460155,0.12676238486118555,-0.38609757970174374,0.0,1,0,3,5,1,0,0,1,2,1,0
-0.5227817598657407,0.027211791335286027,-0.6303319887333076,0.0,1,0,1,4,1,0,1,0,1,0,0
-0.1131450598069271,0.1815152113004305,-0.10115743583158582,0.0,1,1,3,5,1,0,1,0,2,0,0
2.110402702903192,1.3495755086709846,1.4049547531963917,105.6,2,1,2,6,2,1,0,1,1,1,0
-0.974806018411707,0.5349198183173736,-1.2816237461508113,81.05,0,1,0,2,0,1,1,1,0,1,0
-0.6548589348619411,-0.4970880012344514,-0.6710377235719016,0.0,1,1,1,3,1,0,0,1,1,1,0
-1.0016602480122636,-1.4959122896109767,-1.2816237461508113,0.0,0,0,0,1,0,0,0,0,0,0,0
1.689225704829761,1.3960324523164045,1.0793088744876398,107.0,2,0,4,7,2,1,0,1,2,1,0
-0.1542820536803284,0.858459247276547,-0.5082147842175256,90.8,1,1,1,4,1,1,0,0,0,1,0
-0.604989928422346,0.23294968462214516,-0.7931549280876836,0.0,1,1,1,4,1,0,0,1,1,0,0
0.1417068446375687,0.8302532457775423,-0.1825689055087738,89.95,1,1,1,4,1,1,0,1,0,0,0
1.1232684280520222,0.8700734831879022,0.8350744654560759,91.15,2,1,1,4,2,1,0,1,1,1,0
-0.9499921837072715,-1.4909347599346818,-1.0373893371192475,0.0,0,0,0,1,0,0,0,0,0,0,0
-0.560737492879599,-1.3316538102932427,0.30589991255435406,0.0,1,0,0,2,1,0,0,1,0,1,40
-0.3526830326654847,-1.3532231055571875,1.4456604880349857,0.0,2,0,0,2,2,0,1,1,0,0,68
-0.9793694822653963,0.18981109409425545,-1.2816237461508113,70.65,0,0,0,1,0,1,1,1,0,1,0
1.9310892890752944,1.3645080976998696,1.2014260790034217,106.05,2,0,2,6,2,1,0,1,1,1,0
0.07944189071078844,0.873391836305432,-0.1825689055087738,91.25,1,0,2,4,1,1,1,1,1,0,0
1.454909387726867,0.8020472442785371,1.2014260790034217,89.1,2,1,3,5,2,1,1,1,1,1,0
-0.5781356988217896,-0.6397771852882409,-0.4675090493789317,0.0,1,0,0,1,1,0,1,0,0,0,0
0.751916556958054,1.2002496183821352,0.346605647392948,101.1,1,0,2,5,1,1,0,1,1,0,0
-0.8445717807410351,0.1616050925952503,-1.0780950719578415,69.8,0,1,0,1,0,1,1,1,0,1,0
0.9849384299870648,0.8335715988950722,0.6722515261016999,90.05,2,0,1,4,2,1,1,0,0,1,0
2.1847564480962363,1.4756729271371243,1.4049547531963917,109.4,2,1,3,7,2,1,0,1,2,1,0
0.9571627317237442,1.1737027934418955,0.5094285867473239,100.3,1,1,2,5,1,1,0,1,1,0,0
-0.4870199998584639,-1.5141632317573919,1.0793088744876398,0.0,2,0,0,1,2,0,1,0,0,1,59
-0.9701328559076888,0.888324425334317,-1.2816237461508113,91.7,0,1,2,4,0,1,0,0,1,0,0
2.2970439865730725,1.326347036848275,1.6084834273893616,104.9,2,0,4,7,2,1,1,1,2,1,0
-0.39083622324993517,-1.464387934994442,1.4049547531963917,0.0,2,0,0,1,2,0,1,1,0,1,67
-0.6680008331713638,-1.5042081724048018,0.46872285190873,0.0,1,0,0,1,1,0,0,0,0,1,0
-0.9910633583904753,-0.6945300117274855,-1.2816237461508113,0.0,0,0,0,1,0,0,0,1,0,0,0
2.2902207305226043,1.359530568023575,1.5677776925507676,105.9,2,1,2,6,2,1,0,1,0,0,0
-0.8473142469992618,0.21635791903449522,-1.1188008067964355,71.45,0,0,0,1,0,1,1,1,0,0,0
2.1537117300531095,1.5154931645474838,1.3642490183577978,110.6,2,0,3,7,2,1,0,1,2,1,0
0.29320068074201455,0.9480547814498567,-0.019745966154397852,93.5,1,1,2,5,1,1,1,1,0,1,0
0.45627869432121,-0.05574703660296358,0.7943687306174818,0.0,2,0,2,4,2,0,1,1,1,0,52
-0.9908878405499487,-0.6812565992573657,-1.2816237461508113,0.0,0,0,0,1,0,0,1,0,0,0,0
-0.8530624562765051,-1.4892755833759168,-0.5896262538947137,0.0,1,0,0,1,1,0,1,0,0,0,0
0.5103601289334416,-0.33614787503424737,1.3642490183577978,0.0,2,0,2,3,2,0,1,1,1,0,0
0.3117397526476274,0.48182616843689396,0.22448844287716607,79.45,1,1,2,3,1,1,1,1,1,1,0
-0.278790021803823,1.2267964433223755,-0.7117434584104956,101.9,1,1,2,5,1,1,1,0,2,1,0
1.0213364421662503,1.152133498177951,0.5501343215859179,99.65,1,0,3,6,1,1,0,0,2,1,46
1.9047616129963176,1.1687252637656007,1.3235432835192036,100.15,2,0,3,6,2,1,0,1,2,1,0
-0.1716144404323215,-1.2984702791179428,1.4456604880349857,0.0,2,0,0,2,2,0,0,0,0,1,68
-0.4248208651218811,1.064197140563406,-0.7931549280876836,97.0,1,1,1,4,1,1,1,0,0,1,0
-0.5460159340054378,1.113972437326356,-0.9152721326034655,98.5,0,1,1,5,0,1,0,1,1,0,0
-0.783820668188796,-1.5075265255223318,-0.30468611002455576,0.0,1,0,0,1,1,0,1,1,0,0,0
-0.8999695991572155,-1.3017886322354726,-0.9152721326034655,0.0,0,0,0,2,0,0,1,0,0,0,10
-0.18885906826405127,-1.2968111025591778,1.6084834273893616,0.0,2,0,0,2,2,0,1,0,0,1,72
-0.9435419030679221,-0.4871329418818615,-1.2002122764736234,0.0,0,0,1,2,0,0,1,1,1,0,0
-0.9603038568382041,-0.34942128750436724,-1.2409180113122174,0.0,0,0,1,3,0,0,1,1,0,0,0
0.3432671447522021,0.5332606417586087,0.22448844287716607,0.0,1,0,3,6,1,0,1,0,2,1,38
2.0228851196706605,1.4159425710215843,1.2014260790034217,107.6,2,0,2,6,2,1,1,1,1,1,62
-0.6701728664478794,0.34079616094186965,-0.8745663977648716,75.2,0,0,0,2,0,1,1,1,0,1,0
-0.9149105553320347,0.5033954637008385,-1.2002122764736234,80.1,0,0,2,3,0,1,0,0,1,0,0
0.10471645974660616,-0.4356984685601469,0.6722515261016999,0.0,2,0,1,3,2,0,1,1,0,1,0
-0.8484331732326184,-1.5091857020810966,-0.6303319887333076,0.0,1,0,0,1,1,0,1,0,0,0,17
-0.9499921837072715,-1.4677062881119718,-0.9966836022806536,0.0,0,0,0,1,0,0,0,1,0,0,0
-0.9624320106545879,-0.4887921184406264,-1.2409180113122174,0.0,0,0,1,2,0,0,1,1,1,0,0
-0.8953841955734604,0.7771595958970623,-1.2002122764736234,88.35,0,0,2,4,0,1,1,1,1,0,0
-0.6757894373447277,0.6477438243133932,-0.9559778674420595,84.45,0,1,0,3,0,1,0,1,0,0,0
-0.2538226089889266,-1.3499047524396575,1.5270719577121736,0.0,2,0,0,2,2,0,1,0,0,1,70
0.3637369129036066,0.9911933719777464,-0.019745966154397852,94.8,1,0,3,5,1,1,1,0,1,1,0
-0.31972955810663195,0.3341594547068096,-0.4268033145403377,75.0,1,0,1,2,1,1,1,0,1,1,0
-0.8910181892903634,-1.5075265255223318,-0.7524491932490895,0.0,1,0,0,1,1,0,0,1,0,1,0
-0.9269774068682325,0.8319124223363072,-1.2409180113122174,90.0,0,0,2,4,0,1,1,0,1,1,0
-0.2520454908535957,-1.3167212212643575,1.4456604880349857,0.0,2,0,0,2,2,0,1,0,0,1,68
-0.889394649265493,-1.477661347464562,-0.7524491932490895,0.0,1,0,0,1,1,0,1,0,0,0,0
-0.9364334305265983,0.8700734831879022,-1.2409180113122174,91.15,0,1,2,4,0,1,0,1,1,0,0
-0.9381886089318635,0.4917812277894838,-1.2409180113122174,79.75,0,1,0,2,0,1,0,1,0,0,0
1.0488708033988468,1.065856317122171,0.631545791263106,97.05,1,1,2,5,1,1,0,1,0,1,0
-0.891544742811943,-0.5236348261746914,-1.0780950719578415,0.0,0,1,1,2,0,0,0,1,1,1,0
0.9266006877420654,1.2632983276152052,0.428017117070136,103.0,1,1,2,6,1,1,1,1,0,1,0
0.16566502986943757,0.3524103968532244,0.14307697319997809,0.0,1,0,4,6,1,0,0,1,2,0,0
1.9341608512845083,1.1471559685016557,1.3642490183577978,99.5,2,1,2,5,2,1,1,0,0,0,0
1.3174569788645423,0.9264854861859115,1.0386031396490458,92.85,2,1,1,4,2,1,1,1,0,1,0
-0.05827379491232615,0.8335715988950722,-0.38609757970174374,90.05,1,0,1,4,1,1,0,1,1,0,0
-0.965854608544855,1.2118638542934905,-1.2816237461508113,101.45,0,1,1,5,0,1,1,1,0,0,0
-0.8776568936802825,-1.4876164068171518,-0.7117434584104956,0.0,1,0,0,1,1,0,0,0,0,0,0
2.152899960040674,1.1703844403243657,1.5677776925507676,100.2,2,0,4,6,2,1,1,0,2,1,71
-0.5463230902263593,0.8037064208373025,-0.8338606629262776,89.15,0,1,1,4,0,1,0,1,0,0,0
-0.9906026240590932,-0.6596873039934208,-1.2816237461508113,0.0,0,0,0,1,0,0,1,0,0,0,0
-0.8138342189188296,-0.5219756496159262,-0.9559778674420595,0.0,0,0,1,2,0,0,1,0,1,0,0
-0.6979924441713315,-1.449455345965557,-0.10115743583158582,0.0,1,0,0,1,1,0,1,0,0,1,30
0.5237872437337199,1.2102046777347255,0.1023712383613841,101.4,1,1,1,5,1,1,1,1,0,0,0
0.12336523030254809,-0.42408423264879186,0.6722515261016999,0.0,2,0,0,2,2,0,0,1,0,1,0
0.635614047879174,-0.1154773927185032,1.1607203441648277,0.0,2,0,3,5,2,0,0,1,1,1,61
0.9663554786213202,-0.01260844607507388,1.5270719577121736,0.0,2,0,4,6,2,0,0,0,2,1,70
-0.545160284532871,1.1836578527944854,-0.9152721326034655,100.6,0,1,1,5,0,1,0,1,0,0,0
-0.1979640562413641,-1.2885152197653527,1.6084834273893616,0.0,2,0,0,2,2,0,1,0,0,1,72
0.4926547667703297,-0.3378070515930122,1.2014260790034217,0.0,2,0,2,3,2,0,0,0,1,1,0
-0.8296966437564132,-0.6464138915233006,-0.9966836022806536,0.0,0,1,0,1,0,0,0,1,0,1,0
-0.9338226026487666,0.4984179340245439,-1.2409180113122174,79.95,0,1,0,2,0,1,1,1,0,0,0
1.199530929760792,1.2865267994379153,0.6722515261016999,103.7,2,0,2,6,2,1,1,1,0,0,0
-1.00183576585279,-1.5091857020810966,-1.2816237461508113,0.0,0,0,0,1,0,0,1,0,0,0,0
0.01568503513953281,1.0210585500355165,-0.30468611002455576,95.7,1,0,1,4,1,1,1,1,1,1,0
1.331191249885742,0.3374778078243394,1.6084834273893616,0.0,2,0,4,6,2,0,1,1,2,0,72
-0.17429108750035074,-0.47385952941174164,0.26519417771576004,0.0,1,0,1,3,1,0,0,1,0,0,0
-0.9072535895390658,0.14003579733130567,-1.2002122764736234,0.0,0,0,2,5,0,0,0,1,0,1,0
2.2572891956938173,1.2948226822317401,1.4863662228735797,103.95,2,1,2,6,2,1,0,1,0,1,0
-0.8809697929202205,-1.4992306427285067,-0.6710377235719016,0.0,1,0,0,1,1,0,1,0,0,0,0
-0.8192972117052173,-1.0396387359506039,-0.8338606629262776,0.0,0,0,2,2,0,0,0,1,2,0,0
1.0733336024222295,0.06371367562811567,1.5677776925507676,0.0,2,0,3,5,2,0,1,1,2,1,0
-0.9234451103276365,-1.5108448786398618,-0.8338606629262776,0.0,0,0,0,1,0,0,0,0,0,1,0
2.3346486839058778,1.3893957460813444,1.5677776925507676,106.8,2,1,2,6,2,1,1,1,1,0,71
0.11298773798141801,-0.26646245956611764,0.5501343215859179,0.0,1,0,3,4,1,0,1,0,2,1,0
1.9440337298141248,0.919848779950852,1.6084834273893616,0.0,2,0,4,8,2,0,0,0,2,1,72
-0.22773626994067378,0.3673429858821094,-0.4268033145403377,76.0,1,0,0,2,1,1,0,1,0,0,0
-0.9859294615550749,-0.3062826969764773,-1.2816237461508113,0.0,0,0,2,3,0,0,1,0,1,1,0
2.7383616568469216,1.7079576453642233,1.6084834273893616,116.4,2,0,4,8,2,1,0,1,2,1,72
-0.5731334403667839,-1.3167212212643575,0.346605647392948,0.0,1,0,0,2,1,0,1,1,0,0,0
1.183690444653274,0.9928525485365113,0.8350744654560759,94.85,2,0,1,4,2,1,0,1,0,1,0
1.902501820799539,1.2019087949409006,1.2014260790034217,101.15,2,0,1,5,2,1,0,1,1,1,62
-0.9336690245383057,1.0310136093881064,-1.2409180113122174,96.0,0,1,0,4,0,1,0,1,0,0,0
1.7970594781032367,0.9414180752147966,1.4863662228735797,93.3,2,0,2,5,2,1,0,1,1,1,69
-0.9239497241191503,-0.6513914211995958,-1.1595065416350294,0.0,0,0,0,1,0,0,0,1,0,0,0
-0.7777872424206972,-0.180185278510338,-0.9559778674420595,0.0,0,0,1,3,0,0,0,1,1,0,0
0.9976854131553029,0.21801709559326013,1.2421318138420157,0.0,2,1,4,6,2,0,1,0,2,0,0
-0.9124533055646636,-0.5900018885252911,-1.1188008067964355,0.0,0,1,0,2,0,0,1,0,0,0,0
-0.6439110095591,-1.469365464670737,0.346605647392948,0.0,1,0,0,1,1,0,0,0,0,0,41
-0.7967431691975605,0.9613281939199768,-1.1188008067964355,93.9,0,0,0,4,0,1,0,1,0,0,0
-0.9306632815192892,1.0144218438004564,-1.2409180113122174,95.5,0,0,1,4,0,1,1,1,0,1,0
-0.12470729755161106,-0.12875080518862334,0.020959768684196134,0.0,1,0,3,4,1,0,1,1,2,1,33
-1.0019454645031192,-1.5174815848749215,-1.2816237461508113,0.0,0,0,0,1,0,0,1,0,0,0,0
-0.44816473791190725,-1.3084253384705327,0.7536629957788878,0.0,2,0,0,2,2,0,0,0,0,1,51
-0.6678911345210348,1.2085455011759603,-0.9966836022806536,101.35,0,1,1,5,0,1,0,0,0,0,0
-0.7711614439408213,0.2926800407376848,-1.0373893371192475,73.75,0,0,0,2,0,1,1,0,0,0,0
-0.7725875263950992,1.2998002119080347,-1.1188008067964355,104.1,0,0,2,6,0,1,1,0,0,0,0
-0.9752009335528917,0.505054640259604,-1.2816237461508113,80.15,0,0,0,2,0,1,0,0,0,0,0
-0.6182854048422293,-0.6663240102284806,-0.5489205190561197,0.0,1,0,0,2,1,0,0,1,0,0,0
0.5761354396707521,1.135541732590301,0.14307697319997809,99.15,1,1,1,5,1,1,0,1,0,0,0
0.6021778992588733,-0.3477621109456021,1.4456604880349857,0.0,2,0,2,3,2,0,0,1,1,0,0
0.7606046900641165,1.1554518512954808,0.26519417771576004,99.75,1,1,1,5,1,1,0,1,0,0,0
-0.4762475923961492,0.5067138168183688,-0.7117434584104956,80.2,1,1,1,3,1,1,1,1,0,0,0
-0.35492088513219766,-1.457751228759382,1.6084834273893616,0.0,2,0,0,1,2,0,1,0,0,1,72
-0.8977756261506341,-1.0197286172454239,-1.0373893371192475,0.0,0,0,2,2,0,0,1,0,1,1,0
-0.2509704440803708,-1.3432680462045974,1.5677776925507676,0.0,2,0,0,2,2,0,1,0,0,1,71
-0.598956502654247,0.01725673198269617,-0.7524491932490895,0.0,1,1,2,4,1,0,1,1,1,1,0
-0.8034567265976996,-1.4760021709057967,-0.4268033145403377,0.0,1,0,0,1,1,0,1,1,0,1,0
2.6914106345060795,1.7394819999807578,1.6084834273893616,117.35,2,0,4,8,2,1,0,1,2,0,72
1.0202833351230913,0.8850060722167867,0.7943687306174818,91.6,2,0,3,5,2,1,1,1,2,1,52
-0.09061295702933614,-0.09390809745455836,0.1023712383613841,0.0,1,1,1,3,1,0,0,1,0,0,0
-0.6018964264830661,-1.4859572302583868,0.7129572609402939,0.0,2,0,0,1,2,0,0,0,0,1,50
1.4017055423172682,1.152133498177951,0.9978974048104517,99.65,2,1,1,5,2,1,0,1,1,1,0
2.231641651246881,1.5735643441042586,1.4049547531963917,112.35,2,0,3,7,2,1,0,1,1,1,0
-0.6612433963110931,0.48348534499565887,-0.8745663977648716,79.5,0,0,2,3,0,1,1,1,1,0,0
0.06103445718557036,0.13505826765501053,0.1023712383613841,0.0,1,1,2,5,1,0,1,1,1,1,0
-0.9780969779215791,0.2860433345026247,-1.2816237461508113,73.55,0,1,0,2,0,1,1,1,0,1,0
-0.13574298177471555,0.3076126297665698,-0.1418631706701798,74.2,1,1,0,2,1,1,0,1,0,0,0
-0.7231573145568203,-1.472683817788267,-0.019745966154397852,0.0,1,0,0,1,1,0,0,0,0,0,0
-0.5611104682907179,-0.4356984685601469,-0.5082147842175256,0.0,1,0,1,2,1,0,1,1,0,0,0
-0.8111356321207345,-1.5224591145512167,-0.4268033145403377,0.0,1,0,0,1,1,0,0,0,0,1,0
-0.20520416716308273,0.33250027814804467,-0.2639803751859618,74.95,1,0,0,2,1,1,0,1,0,0,0
-0.43780918532084306,-0.2714399892424126,-0.4268033145403377,0.0,1,0,2,4,1,0,1,0,1,0,22
-0.15873581888368868,-1.3200395743818876,1.5270719577121736,0.0,2,0,0,2,2,0,1,0,0,1,70
1.4293276624701279,0.6759498258123978,1.4456604880349857,0.0,2,0,3,7,2,0,0,0,1,1,68
-0.3029456646062842,0.8634367769528422,-0.6303319887333076,90.95,1,0,2,4,1,1,1,1,0,0,0
-0.9844594996406651,-1.1292342701239135,-1.2409180113122174,0.0,0,1,1,1,0,0,0,1,1,0,0
-0.5101225356177661,-1.5008898192872717,0.9164859351332638,0.0,2,1,0,1,2,0,0,0,0,1,0
0.6953339931183197,1.3246878602895098,0.22448844287716607,104.85,1,1,2,6,1,1,1,1,1,0,0
-0.902163572163797,-1.0047960282165391,-1.0373893371192475,0.0,0,0,2,2,0,0,0,0,2,1,0
-0.8037200033584894,0.6908824148412829,-1.1188008067964355,85.75,0,1,1,3,0,1,0,1,1,1,0
0.7268833249529603,1.1239274966789456,0.346605647392948,98.8,1,0,2,5,1,1,0,1,1,0,41
-0.6961495068458032,-0.0009942101637186523,-0.8745663977648716,0.0,0,1,0,3,0,0,0,1,0,0,0
1.5761044566104236,0.6095827634617982,1.5677776925507676,0.0,2,0,3,7,2,0,0,1,1,1,71
-0.09124920920124467,0.2860433345026247,-0.06045170099299184,73.55,1,0,1,2,1,1,0,1,1,0,0
1.755286232057927,0.858459247276547,1.4456604880349857,0.0,2,0,4,8,2,0,1,1,2,1,68
2.0681687225265004,1.104017377973766,1.6084834273893616,98.2,2,0,3,6,2,1,0,1,2,1,72
-0.326443115506771,-0.019245152310133944,-0.3453918448631497,0.0,1,1,3,5,1,0,0,0,1,1,24
-0.5146421200113237,1.1886353824707805,-0.8745663977648716,100.75,0,1,1,5,0,1,0,1,0,0,0
-0.9607426514395203,-0.09224892089579345,-1.2409180113122174,0.0,0,0,1,3,0,0,0,1,1,1,0
2.397857046225488,1.4424893959618246,1.6084834273893616,108.4,2,0,3,7,2,1,1,1,1,1,72
-0.9136819304483492,-1.5008898192872717,-0.8338606629262776,0.0,0,0,0,1,0,0,0,0,0,0,0
0.14510750279776985,0.6228561759319183,-0.019745966154397852,0.0,1,0,3,7,1,0,1,0,1,0,0
-0.9783383149523032,0.2677923923562099,-1.2816237461508113,73.0,0,1,1,2,0,1,0,1,0,0,0
-0.876077233115544,-1.452773699083087,-0.8338606629262776,0.0,0,1,0,1,0,0,1,1,0,1,0
0.9764916339117264,1.2102046777347255,0.428017117070136,101.4,1,1,1,5,1,1,1,1,0,0,0
-0.8953841955734604,-1.456092052200617,-0.8338606629262776,0.0,0,0,0,1,0,0,1,0,0,1,12
-0.4123590984444988,-0.3444437578280723,-0.2639803751859618,0.0,1,0,2,4,1,0,1,0,2,0,0
-0.9795450001059229,0.17653768162413533,-1.2816237461508113,70.25,0,1,0,1,0,1,0,1,0,0,0
-0.9027778846056398,-1.3864066367324874,-0.8745663977648716,0.0,0,0,0,2,0,0,1,0,0,0,0
-0.6545737183710857,-1.1557810950641534,-0.1825689055087738,0.0,1,0,1,1,1,0,1,1,1,0,0
1.299927134541957,0.5183280527297236,1.3642490183577978,0.0,2,0,2,6,2,0,0,1,0,1,66
-0.20882422262394204,1.057560434328346,-0.5082147842175256,96.8,1,0,2,5,1,1,1,0,1,1,0
1.8916635941470266,1.3064369181430948,1.2014260790034217,104.3,2,1,3,6,2,1,0,1,2,1,0
-0.9778117614307237,0.3076126297665698,-1.2816237461508113,74.2,0,1,0,2,0,1,0,1,0,0,0
-0.24370839342858636,0.5116913464946635,-0.4675090493789317,80.35,1,1,1,3,1,1,1,0,1,0,0
-0.9996417928462087,-1.3432680462045974,-1.2816237461508113,0.0,0,0,0,0,0,0,1,1,0,0,0
0.5764206561616076,0.9945117250952766,0.22448844287716607,94.9,1,0,2,5,1,1,1,1,1,1,38
-0.3034063989376663,0.6079235869030333,-0.5896262538947137,0.0,1,1,3,6,1,0,1,0,2,1,0
-0.4843433527904346,-1.4743429943470319,1.1200146093262338,0.0,2,0,0,1,2,0,1,1,0,1,60
1.7917500634273098,0.8402083051301322,1.5270719577121736,90.25,2,0,3,5,2,1,0,1,1,0,0
1.0150616793674274,0.16492344571278056,1.4049547531963917,0.0,2,0,2,5,2,0,0,1,1,1,67
-0.9511330496706938,-1.2951519260004127,-1.1188008067964355,0.0,0,0,0,2,0,0,1,1,0,1,0
2.474602221995705,1.6880475266590431,1.3642490183577978,115.8,2,0,4,8,2,1,1,0,2,1,0
-0.221812542822904,-1.3117436915880627,1.6084834273893616,0.0,2,0,0,2,2,0,1,0,0,1,72
1.6792870071099468,0.6361295884020379,1.6084834273893616,0.0,2,0,3,7,2,0,0,1,1,1,72
-0.9772632681790784,-1.4892755833759168,-1.2002122764736234,0.0,0,0,0,1,0,0,1,1,0,0,0
-0.555779113884725,-1.4892755833759168,0.631545791263106,0.0,1,0,0,1,1,0,1,1,0,1,48
-0.7729166223460864,0.33084110158927976,-1.0373893371192475,74.9,0,1,0,2,0,1,0,1,0,0,0
-0.9267799492976402,0.8435266582476619,-1.2409180113122174,90.35,0,1,2,4,0,1,0,0,1,1,0
1.34367495629319,1.26495750417397,0.7943687306174818,103.05,2,1,2,6,2,1,1,1,0,0,0
-0.6830076085363807,-1.4842980536996218,0.22448844287716607,0.0,1,0,0,1,1,0,0,1,0,1,38
-0.4160669128256213,-1.4793205240233267,1.6084834273893616,0.0,2,1,0,1,2,0,1,0,0,1,72
-0.7370451636884805,0.3192268656779245,-0.9559778674420595,74.55,0,1,0,2,0,1,0,1,0,0,0
-0.49803374435150255,-1.5075265255223318,0.9978974048104517,0.0,2,0,0,1,2,0,0,0,0,1,57
-0.7210511004705021,-0.6945300117274855,-0.7931549280876836,0.0,1,0,0,1,1,0,1,0,0,0,0
0.8231987399418836,1.3628489211411048,0.30589991255435406,106.0,1,0,2,6,1,1,1,1,0,1,0
-0.6352886956432351,-1.4959122896109767,0.26519417771576004,0.0,1,0,0,1,1,0,0,1,0,1,39
0.5936214045332058,1.510515634871189,0.020959768684196134,110.45,1,1,3,7,1,1,0,1,1,0,0
-0.49125436776116604,-1.3582006352334823,0.631545791263106,0.0,1,0,0,2,1,0,0,0,0,0,48
-0.8825055740248274,-1.1707136840930383,-0.9152721326034655,0.0,0,1,1,1,0,0,0,1,1,0,0
-0.6423532887244272,0.38061639835222955,-0.8745663977648716,76.4,0,1,1,2,0,1,0,0,1,0,0
-0.4615040937919222,-1.261968394825113,0.590840056424512,0.0,1,1,0,2,1,0,0,0,0,1,0
-0.9757274870744713,0.46523440284924406,-1.2816237461508113,78.95,0,1,0,2,0,1,1,1,0,0,0
1.0310776823154715,0.8070247739548323,0.7943687306174818,0.0,2,0,4,8,2,0,1,1,2,0,52
1.4198277593516306,0.6742906492536329,1.3642490183577978,0.0,2,1,3,7,2,0,1,0,2,1,66
-0.6308788099000064,0.4370284013502389,-0.8745663977648716,78.1,0,0,1,3,0,1,0,1,0,1,0
0.6437536877335909,0.5000771105833088,0.5501343215859179,80.0,1,0,1,3,1,1,1,1,0,1,0
0.9045731987559882,1.034331962505636,0.46872285190873,96.1,1,1,0,4,1,1,0,1,0,1,0
2.301695209347025,1.3329837430833347,1.5677776925507676,105.1,2,0,2,6,2,1,1,1,1,1,0
-0.48116209193089154,-0.32453363912289235,-0.4268033145403377,0.0,1,1,2,3,1,0,0,0,1,1,0
-0.2383550992925277,0.40550404673370444,-0.38609757970174374,0.0,1,0,3,6,1,0,0,1,2,1,23
1.432991597391119,1.303118565025565,0.7943687306174818,104.2,2,1,2,6,2,1,1,1,1,1,0
-0.41218358060397225,-1.5108448786398618,1.6084834273893616,0.0,2,0,0,1,2,0,1,0,0,1,72
0.4389901870293487,0.6610172367835129,0.30589991255435406,84.85,1,1,2,4,1,1,0,1,1,1,0
1.9489482293488674,1.0193993734767515,1.4863662228735797,95.65,2,0,1,4,2,1,0,1,0,1,0
0.24578892406979033,1.118949967002651,-0.1418631706701798,98.65,1,1,1,5,1,1,0,0,1,0,0
2.432324362158882,1.6216804643084435,1.6084834273893616,113.8,2,0,4,8,2,1,1,0,2,0,72
0.8136110779031231,0.9812383126251565,0.428017117070136,94.5,1,1,2,5,1,1,0,1,1,1,0
-0.2692901186853255,-1.2818785135302928,1.4049547531963917,0.0,2,0,0,2,2,0,1,0,0,1,67
-0.47929721487529736,-1.457751228759382,0.9164859351332638,0.0,2,0,0,1,2,0,0,0,0,1,55
-0.213431565937763,-1.3416088696458326,1.5677776925507676,0.0,2,1,0,2,2,0,1,1,0,1,71
-0.8033909074075021,-1.4892755833759168,-0.30468611002455576,0.0,1,0,0,1,1,0,0,0,0,0,0
-1.0011775739508157,-1.459410405318147,-1.2816237461508113,0.0,0,0,0,1,0,0,0,0,0,0,0
2.446585186701661,1.4690362209020642,1.6084834273893616,109.2,2,0,3,7,2,1,1,0,1,0,72
0.6857682708096247,0.34743286717692967,0.7943687306174818,0.0,2,0,2,5,2,0,1,1,1,1,0
-0.8293456080753602,-1.5158224083161567,-0.4268033145403377,0.0,1,0,0,1,1,0,0,1,0,0,0
1.2859515264900332,0.3922306342635843,1.4456604880349857,0.0,2,0,3,6,2,0,1,0,1,0,0
-0.7209194620901072,0.17156015194784016,-0.9152721326034655,70.1,0,1,0,1,0,1,1,1,0,1,0
-0.5432076485570135,1.1720436168831305,-0.9152721326034655,100.25,0,1,1,5,0,1,0,1,1,1,0
1.471781040147478,1.2865267994379153,0.9164859351332638,103.7,2,0,3,6,2,1,0,1,1,1,0
-0.42501832269247347,-1.3283354571757127,0.9571916699718578,0.0,2,1,0,2,2,0,1,0,0,0,0
1.1713603163562867,1.5022197520773641,0.5501343215859179,110.2,1,1,3,7,1,1,0,1,2,1,0
-0.9732482975770343,0.6527213539896879,-1.2816237461508113,84.6,0,0,1,3,0,1,1,1,1,0,0
0.37683493175289756,0.3457736906181643,0.428017117070136,75.35,1,0,0,2,1,1,1,1,0,0,0
0.8697767868716071,1.3512346852297499,0.26519417771576004,105.65,1,1,2,6,1,1,1,1,0,1,0
-0.05009027559777768,-0.6795974226986006,0.7129572609402939,0.0,2,0,2,3,2,0,1,1,2,1,0
-0.9535244802478674,-1.5008898192872717,-1.0780950719578415,0.0,0,0,0,1,0,0,0,0,0,0,0
-0.5328520959659494,-1.3432680462045974,0.5094285867473239,0.0,1,0,0,2,1,0,1,0,0,1,45
-0.5394120752556278,-0.47551870597050655,-0.4268033145403377,0.0,1,1,1,3,1,0,0,1,0,0,0
-0.19515577079293997,-1.3216987509406526,1.6084834273893616,0.0,2,0,0,2,2,0,0,0,0,1,72
-0.6966321809072511,1.1770211465594258,-1.0373893371192475,100.4,0,1,2,5,0,1,0,1,1,0,0
-1.001704127472395,-1.4992306427285067,-1.2816237461508113,0.0,0,0,0,1,0,0,1,1,0,0,0
2.5059321565296884,1.7096168219229881,1.6084834273893616,116.45,2,0,4,8,2,1,0,1,2,0,72
-0.6004922837588541,0.9148712502745568,-0.9152721326034655,92.5,0,0,3,5,0,1,1,1,1,1,0
-0.9927307778754773,-0.8206274301936248,-1.2816237461508113,0.0,0,1,1,2,0,0,1,0,0,1,0
0.4971524114338216,0.15330920980142534,0.631545791263106,0.0,1,0,2,5,1,0,0,1,1,1,0
-0.8033250882173048,-1.5042081724048018,-0.2639803751859618,0.0,1,0,0,1,1,0,1,1,0,0,0
1.753004500131082,0.8385491285713673,1.4456604880349857,90.2,2,0,3,5,2,1,0,0,1,1,68
0.6904853127737747,0.35738792652951956,0.7129572609402939,0.0,2,0,1,5,2,0,0,0,0,1,0
2.6370659231330578,1.679751643865218,1.6084834273893616,115.55,2,0,4,8,2,1,0,1,2,1,72
-0.8653048256532293,-1.469365464670737,-0.6303319887333076,0.0,1,0,0,1,1,0,0,0,0,0,0
2.083987267903953,1.4076466882277594,1.3642490183577978,107.35,2,0,3,7,2,1,1,1,1,1,0
-0.37229715134432234,0.8385491285713673,-0.6303319887333076,90.2,1,0,3,5,1,1,1,0,1,1,0
-0.45114854120085796,-0.025881858545193533,-0.5082147842175256,0.0,1,0,2,4,1,0,1,1,2,1,0
0.2580312934465146,1.273253386967795,-0.1825689055087738,103.3,1,1,2,6,1,1,0,1,1,0,0
-0.0017789899928550336,-0.4655636466179167,0.5094285867473239,0.0,1,0,1,2,1,0,1,1,1,0,0
-0.0006381240294327441,-0.3461029343868372,0.387311382231542,0.0,1,0,2,3,1,0,1,0,1,1,0
-0.9904929254087641,-0.6513914211995958,-1.2816237461508113,0.0,0,1,0,1,0,0,0,1,0,0,0
-0.24342317693773083,0.34743286717692967,-0.3453918448631497,75.4,1,0,0,2,1,1,0,1,0,1,0
-0.8587667860936168,-0.7127809538739004,-0.9966836022806536,0.0,0,0,0,1,0,0,1,1,0,1,0
-0.8152164219129759,-1.0545713249794888,-0.8338606629262776,0.0,0,0,2,2,0,0,0,0,2,1,0
-0.9310801363905399,-1.5008898192872717,-0.9559778674420595,0.0,0,0,0,1,0,0,1,0,0,0,0
0.4810486495655142,0.5150096996121938,0.428017117070136,80.45,1,1,1,3,1,1,0,0,0,1,0
-0.5317989889227903,-1.477661347464562,0.7943687306174818,0.0,2,1,0,1,2,0,0,1,0,1,0
0.009695488831565542,0.3507512202944595,-0.019745966154397852,75.5,1,0,1,2,1,1,0,1,1,1,0
-0.9800496138974367,0.13837662077254032,-1.2816237461508113,69.1,0,1,0,1,0,1,1,0,0,0,0
2.635530142028451,1.7477778827745827,1.6084834273893616,117.6,2,0,4,8,2,1,0,1,2,1,72
-0.7956023032341382,0.6776090023711627,-1.0780950719578415,85.35,0,1,1,3,0,1,1,1,0,0,0
0.30976517694170413,-0.5385674152035762,1.2014260790034217,0.0,2,0,3,4,2,0,0,0,2,1,62
-0.820043162527455,-1.5125040551986266,-0.5082147842175256,0.0,1,0,0,1,1,0,0,1,0,0,0
0.34857655942812904,0.8335715988950722,0.06166550352279012,90.05,1,0,1,4,1,1,1,1,0,1,0
-0.3649254020422088,0.18317438785919538,-0.5082147842175256,70.45,1,1,0,1,1,1,1,1,0,1,0
0.11002587442253312,-0.5070430605870415,0.7536629957788878,0.0,2,1,1,3,2,0,0,1,0,1,0
-0.3228230600459117,-1.4826388771408567,1.6084834273893616,0.0,2,0,0,1,2,0,0,0,0,0,72
-0.7809026840900427,0.4519609903791239,-1.0373893371192475,78.55,0,0,1,3,0,1,0,1,0,0,0
-1.001506669901803,-1.4842980536996218,-1.2816237461508113,0.0,0,0,0,1,0,0,1,0,0,0,0
-0.7987616243636154,-0.34112540471054226,-0.9966836022806536,0.0,0,0,2,3,0,0,0,0,1,1,0
-0.9361920934958743,-0.5236348261746914,-1.2002122764736234,0.0,0,1,1,2,0,0,1,1,0,0,0
0.055505645208985266,0.5150096996121938,-0.06045170099299184,80.45,1,1,1,3,1,1,1,1,0,0,0
-0.7003180555583078,0.3258635719129846,-0.9559778674420595,74.75,0,1,0,2,0,1,0,1,0,0,0
-0.37690449465814324,0.6643355899010431,-0.5896262538947137,84.95,1,1,1,3,1,1,0,1,0,0,0
0.8933839364224231,0.6776090023711627,0.7943687306174818,85.35,2,1,1,3,2,1,1,1,0,0,0
-0.9300050896173149,-1.4959122896109767,-0.9559778674420595,0.0,0,0,0,1,0,0,1,0,0,1,0
-0.37503961760254906,-1.5141632317573919,1.4863662228735797,0.0,2,0,0,1,2,0,1,1,0,0,69
-0.9883647715923801,-0.49045129499939155,-1.2816237461508113,0.0,0,1,1,2,0,0,0,0,1,0,0
-0.6855306774939492,-1.3416088696458326,0.020959768684196134,0.0,1,0,0,2,1,0,0,1,0,1,33
-0.86545840376369,-1.4710246412295018,-0.6710377235719016,0.0,1,0,0,1,1,0,1,1,0,0,0
0.6013880689765041,-0.32453363912289235,1.3235432835192036,0.0,2,0,2,3,2,0,0,1,1,1,0
-0.9951222084526509,-1.4842980536996218,-1.2409180113122174,0.0,0,0,0,1,0,0,1,0,0,1,0
-0.4682176511920613,1.059219610887111,-0.7931549280876836,96.85,1,1,1,4,1,1,0,1,0,0,0
2.1667878091723343,1.3412796258771595,1.4863662228735797,105.35,2,0,2,6,2,1,0,0,1,1,69
-0.6849163650521064,0.49675875746577897,-0.9559778674420595,79.9,0,1,2,3,0,1,1,1,0,1,0
0.15612124729080845,0.23792721429843983,0.18378270803857208,0.0,1,0,2,5,1,0,0,0,1,1,0
-0.11928818422535503,-0.3278519922404224,0.18378270803857208,0.0,1,0,1,3,1,0,1,1,1,1,0
0.9036736698232898,0.4984179340245439,0.8757802002946699,79.95,2,0,2,3,2,1,1,1,1,1,54
-0.28401167755948675,-0.49045129499939155,0.1023712383613841,0.0,1,0,0,2,1,0,0,0,0,0,0
-0.935884937274953,-1.5025489958460367,-0.9966836022806536,0.0,0,0,0,1,0,0,1,0,0,1,0
-0.5559107522651199,-1.4743429943470319,0.8757802002946699,0.0,2,0,0,1,2,0,0,1,0,0,54
-0.4568967504781013,0.31590851256039476,-0.6710377235719016,74.45,1,0,0,2,1,1,1,1,0,0,0
-0.7044207850806151,-0.0009942101637186523,-0.8745663977648716,0.0,0,0,2,4,0,0,0,0,1,0,0
-0.5984957683228649,-1.1458260357115635,0.06166550352279012,0.0,1,0,1,1,1,0,1,0,1,1,0
-0.8212498476810748,-0.6630056571109506,-0.9559778674420595,0.0,0,0,0,1,0,0,1,0,0,0,0
-0.19895134409432574,-1.3250171040581826,1.6084834273893616,0.0,2,0,0,2,2,0,0,0,0,1,72
-0.6152357823630811,-0.4456535279127367,-0.6303319887333076,0.0,1,0,1,2,1,0,1,0,1,0,0
-0.9616421803722186,-0.6646648336697157,-1.2409180113122174,0.0,0,0,0,1,0,0,1,0,0,0,0
0.5893650969004379,0.8053655973960674,0.346605647392948,89.2,1,1,1,4,1,1,1,1,0,0,0
0.018690778158549293,-0.005971739840013817,0.18378270803857208,0.0,1,1,0,3,1,0,0,1,0,0,0
0.8708298939147661,0.8269348926600121,0.6722515261016999,89.85,2,0,2,4,2,1,0,1,0,0,0
0.6719462408681619,0.3042942766490395,0.8350744654560759,0.0,2,0,3,6,2,0,0,0,1,1,0
-0.990734262439488,-1.1906238027982183,-1.2409180113122174,0.0,0,0,1,1,0,0,0,0,1,1,0
0.9072717855540832,0.48348534499565887,0.8757802002946699,79.5,2,1,1,3,2,1,0,1,0,0,0
-0.9884744702427092,-0.49874717779321653,-1.2816237461508113,0.0,0,0,1,2,0,0,0,0,1,0,0
-0.7677607857806201,-1.4892755833759168,-0.22327464034736777,0.0,1,0,0,1,1,0,1,0,0,0,0
-0.8933876801374713,-1.477661347464562,-0.8338606629262776,0.0,0,0,0,1,0,0,0,0,0,0,0
-0.6441084671296923,0.17487850506537042,-0.8745663977648716,70.2,0,1,0,1,0,1,1,1,0,1,0
-0.6398302197668586,-0.9915226157464192,-0.30468611002455576,0.0,1,0,2,2,1,0,0,0,2,0,25
-0.9799837947072392,-1.5091857020810966,-1.2002122764736234,0.0,0,0,0,1,0,0,1,1,0,0,0
-0.9309046185500133,0.5067138168183688,-1.2409180113122174,80.2,0,1,0,2,0,1,1,1,0,0,0
-0.8939581131191825,-1.5058673489635668,-0.7931549280876836,0.0,1,0,0,1,1,0,0,0,0,1,13
0.09297870416139566,1.113972437326356,-0.30468611002455576,98.5,1,1,2,5,1,1,0,1,0,1,0
-0.6642491393301097,0.5233055824060188,-0.9152721326034655,80.7,0,0,1,3,0,1,1,1,0,0,0
2.207047213843103,1.4922646927247742,1.4049547531963917,109.9,2,0,3,7,2,1,1,0,1,1,0
1.9086888246780986,0.8634367769528422,1.6084834273893616,0.0,2,0,4,8,2,0,0,0,2,1,72
-0.9058713865449194,-1.4859572302583868,-0.9559778674420595,0.0,0,0,0,1,0,0,0,0,0,0,0
0.5054895088588309,0.17985603474166512,0.7129572609402939,0.0,2,0,2,5,2,0,1,1,1,0,0
-0.33693030647823013,1.1637477340893057,-0.6710377235719016,100.0,1,1,1,5,1,1,0,1,0,1,0
-0.5807684664296873,0.6709722961361032,-0.8338606629262776,85.15,0,0,1,3,0,1,0,1,1,0,0
-0.7322403628040672,0.34079616094186965,-0.9559778674420595,75.2,0,0,0,2,0,1,0,1,0,0,0
-0.712911460616085,-1.5158224083161567,0.1023712383613841,0.0,1,0,0,1,1,0,1,0,0,0,35
-0.313235398007151,0.3673429858821094,-0.5082147842175256,0.0,1,0,1,5,1,0,0,0,1,1,0
-0.7002083569079788,-0.3477621109456021,-0.7931549280876836,0.0,1,1,2,4,1,0,1,1,2,1,0
-0.5845421000010073,1.266616680732735,-0.9559778674420595,103.1,0,1,2,5,0,1,1,0,1,1,0
-0.4431844191869675,-1.4942531130522119,1.3235432835192036,0.0,2,0,0,1,2,0,1,0,0,1,65
-0.5881402157318008,-1.3299946337344775,0.346605647392948,0.0,1,0,0,2,1,0,0,1,0,0,0
1.5721114257384454,1.233433149557435,1.0386031396490458,102.1,2,0,2,6,2,1,0,1,1,1,0
-0.6474652458297618,0.3258635719129846,-0.8338606629262776,0.0,0,0,1,5,0,0,1,0,0,0,0
-0.6039368213791868,-0.6630056571109506,-0.4675090493789317,0.0,1,1,0,1,1,0,0,1,0,1,0
-0.975178993822826,0.5067138168183688,-1.2816237461508113,80.2,0,0,1,3,0,1,0,1,0,0,0
-1.0015724890920001,-1.4892755833759168,-1.2816237461508113,0.0,0,0,0,1,0,0,1,1,0,0,0
-0.8925759101250361,-1.4909347599346818,-0.7931549280876836,0.0,1,0,0,1,1,0,1,0,0,0,13
-0.9910414186604094,-0.6928708351687206,-1.2816237461508113,0.0,0,0,0,1,0,0,1,1,0,0,0
-0.6929682459862602,0.007301672630106309,-0.8745663977648716,0.0,0,0,1,4,0,0,1,1,1,1,0
2.074926159386772,1.2682758572915003,1.3642490183577978,103.15,2,0,3,6,2,1,1,1,1,1,0
1.85348846383251,1.517152341106249,1.0386031396490458,110.65,2,0,3,7,2,1,0,1,1,1,0
-0.9705058313188076,0.8601184238353119,-1.2816237461508113,90.85,0,1,0,3,0,1,1,1,0,0,0
-0.7042233275100227,-1.457751228759382,-0.06045170099299184,0.0,1,0,0,1,1,0,0,0,0,1,31
-1.0016383082821976,-1.4942531130522119,-1.2816237461508113,0.0,0,0,0,1,0,0,0,0,0,0,0
-0.8856210156941731,-1.4892755833759168,-0.7117434584104956,0.0,1,0,0,1,1,0,0,0,0,1,0
-0.8798947461469957,-0.5352490620860464,-1.0780950719578415,0.0,0,0,1,2,0,0,0,1,1,1,0
-0.32615789901591546,-1.3167212212643575,1.2421318138420157,0.0,2,0,0,2,2,0,1,0,0,0,63
1.175923780209976,0.14169497389007057,1.5677776925507676,0.0,2,1,2,5,2,0,0,0,1,1,0
-0.9906026240590932,-0.6596873039934208,-1.2816237461508113,0.0,0,0,0,1,0,0,1,1,0,0,0
-0.47765173512036135,0.1815152113004305,-0.6303319887333076,70.4,1,0,0,1,1,1,1,1,0,1,0
-0.9481931258418748,-0.6464138915233006,-1.2002122764736234,0.0,0,0,0,1,0,0,1,0,0,0,0
-1.001484730171737,-1.4826388771408567,-1.2816237461508113,0.0,0,0,0,1,0,0,1,1,0,0,0
-0.3903535491884873,-1.3449272227633626,1.2014260790034217,0.0,2,0,0,2,2,0,1,1,0,0,62
1.3697612953414429,1.1471559685016557,0.8350744654560759,99.5,2,0,4,6,2,1,0,0,2,0,53
-0.48568167632444925,0.27608827515003487,-0.6710377235719016,73.25,1,0,1,2,1,1,0,0,0,1,0
0.9843899367354195,0.0006649663950462456,1.6084834273893616,0.0,2,0,4,6,2,0,1,1,2,1,72
-0.8462611399561027,-0.9517023783360593,-0.9152721326034655,0.0,0,1,2,2,0,0,0,0,1,0,0
-0.8403812922984646,-1.4842980536996218,-0.5489205190561197,0.0,1,0,0,1,1,0,1,0,0,1,19
-0.6859475323651997,-1.4959122896109767,0.1023712383613841,0.0,1,0,0,1,1,0,0,1,0,1,35
-0.4443252851503898,0.9994892547715714,-0.7931549280876836,95.05,1,1,0,4,1,1,0,1,0,0,0
-0.9920067667833053,-1.3465863993221274,-1.2409180113122174,0.0,0,1,0,0,0,0,0,0,0,0,0
-0.4450712359726275,0.7987288911610074,-0.7117434584104956,89.0,1,0,1,4,1,1,0,0,0,0,0
-0.8994649853657017,-1.472683817788267,-0.9152721326034655,0.0,0,0,0,1,0,0,0,1,0,1,0
-0.7883621923124196,-0.6314813024944159,-0.8338606629262776,0.0,0,0,0,1,0,0,0,0,0,1,0
0.2338317711839217,0.8551408941590172,-0.06045170099299184,90.7,1,1,1,4,1,1,0,1,0,1,0
0.7065890746420823,0.7788187724558276,0.46872285190873,88.4,1,0,1,4,1,1,1,0,0,1,0
-0.3285273898630233,0.6726314726948681,-0.5896262538947137,85.2,1,1,0,3,1,1,0,1,0,0,0
0.41762088994524577,0.34079616094186965,0.428017117070136,0.0,1,0,2,5,1,0,0,0,1,1,43
-0.3709368880802419,1.2052271480584305,-0.7117434584104956,101.25,1,1,2,5,1,1,0,1,0,0,0
-0.5213117979513312,0.3457736906181643,-0.7117434584104956,75.35,1,0,1,2,1,1,0,0,0,1,0
-0.9994882147357478,-1.3316538102932427,-1.2816237461508113,0.0,0,1,0,0,0,0,0,1,0,1,0
-0.47653280888700483,-1.2951519260004127,0.5094285867473239,0.0,1,0,0,2,1,0,0,1,0,1,0
-0.5833792943075191,-1.5025489958460367,0.590840056424512,0.0,1,0,0,1,1,0,1,0,0,1,47
-0.26608691809571666,-0.20507292689181286,-0.1418631706701798,0.0,1,1,3,4,1,0,1,1,2,0,0
0.6878964246260089,0.48846287467195404,0.631545791263106,0.0,1,1,2,6,1,0,0,0,1,1,48
-0.9482370053020064,-1.4909347599346818,-0.9966836022806536,0.0,0,0,0,1,0,0,0,0,0,0,8
1.8361780168105832,1.3462571555534548,1.2014260790034217,105.5,2,1,2,6,2,1,1,1,1,1,0
-0.27591591716520136,-1.3150620447055927,1.3642490183577978,0.0,2,0,0,2,2,0,1,1,0,0,66
-0.9824629842046763,-1.4909347599346818,-1.2002122764736234,0.0,0,0,0,1,0,0,0,0,0,0,0
0.5728006007007483,1.4806504568134191,-0.019745966154397852,109.55,1,0,3,7,1,1,0,1,2,0,0
-0.7120558111435183,-0.8604476676039847,-0.6710377235719016,0.0,1,0,1,2,1,0,1,1,0,0,0
0.8918920347779474,1.3611897445823398,0.30589991255435406,105.95,1,0,2,6,1,1,0,1,1,0,0
-0.9337348437285032,-1.4826388771408567,-0.9966836022806536,0.0,0,0,0,1,0,0,0,0,0,0,8
-0.911707354742426,-0.21336880968563784,-1.1595065416350294,0.0,0,0,2,4,0,0,0,1,1,1,0
1.504734514706331,0.4751894622018339,1.5270719577121736,0.0,2,0,4,7,2,0,1,1,2,1,70
-0.9992688174350897,-1.3150620447055927,-1.2816237461508113,0.0,0,1,0,0,0,0,1,1,0,0,0
2.202001075927966,1.4192609241391145,1.4456604880349857,107.7,2,1,3,7,2,1,1,1,2,1,0
0.00636064986156185,-0.3527396406218973,0.46872285190873,0.0,1,1,2,4,1,0,1,1,1,1,0
-0.8268225391177916,-0.07067962563184861,-1.0373893371192475,0.0,0,0,2,4,0,0,0,0,1,0,0
1.7511615628055537,0.8269348926600121,1.5677776925507676,0.0,2,0,4,8,2,0,0,0,2,0,71
0.46654648799201104,0.4287325185564139,0.428017117070136,77.85,1,1,1,3,1,1,1,1,0,0,0
-0.4403322542784117,1.3014593884668002,-0.7931549280876836,104.15,1,0,2,6,1,1,0,1,0,0,0
-0.2993256091454249,-1.3366313399695375,1.4049547531963917,0.0,2,0,0,2,2,0,1,0,0,1,67
-1.001704127472395,-1.4992306427285067,-1.2816237461508113,0.0,0,0,0,1,0,0,1,0,0,0,0
-0.6393256059753449,-1.4842980536996218,0.5501343215859179,0.0,1,0,0,1,1,0,1,1,0,1,0
1.892321786049001,1.2450473854687905,1.3642490183577978,102.45,2,0,2,6,2,1,0,1,0,1,0
0.3129244980711813,0.3192268656779245,0.30589991255435406,0.0,1,1,1,5,1,0,1,1,0,1,0
1.7722237036687352,0.9762607829488613,1.4049547531963917,94.35,2,0,2,5,2,1,0,1,2,1,0
-0.6231121454567083,-1.3001294556767078,0.1023712383613841,0.0,1,1,0,2,1,0,0,1,0,1,0
0.3862909554112633,0.5000771105833088,0.26519417771576004,0.0,1,0,3,6,1,0,1,0,2,1,0
-0.9794791809157255,0.1815152113004305,-1.2816237461508113,70.4,0,1,0,1,0,1,1,0,0,0,0
-0.4938871353690637,-1.5191407614336867,1.2421318138420157,0.0,2,0,0,1,2,0,1,1,0,1,63
-0.9888913251139598,-0.5302715324097512,-1.2816237461508113,0.0,0,1,1,2,0,0,1,0,0,0,0
-0.9730727797365079,0.665994766459808,-1.2816237461508113,85.0,0,1,0,3,0,1,0,1,0,0,0
-0.9290178017643532,-1.4909347599346818,-0.9152721326034655,0.0,0,1,0,1,0,0,1,0,0,0,0
-0.9774826654797365,0.33250027814804467,-1.2816237461508113,74.95,0,1,0,2,0,1,1,1,0,0,0
1.6139504909739528,0.9264854861859115,1.2828375486806096,92.85,2,1,2,5,2,1,0,1,0,1,0
-0.8705703608690247,-1.4876164068171518,-0.6710377235719016,0.0,1,0,0,1,1,0,0,0,0,0,0
1.4741944104547176,0.5150096996121938,1.5677776925507676,0.0,2,0,2,6,2,0,0,1,1,1,71
-0.6021158237837242,1.0044667844478665,-0.9152721326034655,95.2,0,1,0,4,0,1,1,0,0,0,0
-0.05166993616251624,1.31141444781939,-0.38609757970174374,104.45,1,1,2,6,1,1,1,1,0,1,0
-0.9728753221659155,0.680927355488693,-1.2816237461508113,85.45,0,0,0,3,0,1,0,1,0,0,0
-0.44195579430328186,-0.44399435135397186,-0.2639803751859618,0.0,1,0,0,2,1,0,1,1,0,0,0
0.957206611183876,0.6460846477546283,0.8757802002946699,84.4,2,1,3,4,2,1,1,0,2,0,0
-0.7450312254324368,0.48846287467195404,-1.0373893371192475,79.65,0,0,1,3,0,1,0,1,1,0,0
-0.9726120454051256,-1.5158224083161567,-1.1188008067964355,0.0,0,0,0,1,0,0,1,1,0,0,0
0.5069375310431747,1.0758113764747608,0.14307697319997809,97.35,1,0,2,5,1,1,0,1,0,1,0
-0.64579782634476,0.7141108866639929,-0.9152721326034655,86.45,0,1,0,3,0,1,0,0,0,0,0
-0.9712956616011768,-1.3714740477036023,-1.2002122764736234,0.0,0,0,0,2,0,0,1,1,0,1,0
-0.8566605720072986,0.10021555992094577,-1.1188008067964355,0.0,0,0,2,5,0,0,0,0,1,1,0
1.074320890275191,0.9580098408024466,0.7536629957788878,93.8,2,0,2,5,2,1,1,1,1,1,0
-0.9023171502742575,-1.5091857020810966,-0.8338606629262776,0.0,0,0,0,1,0,0,0,0,0,0,0
0.167727364495624,0.4984179340245439,0.020959768684196134,79.95,1,0,2,3,1,1,0,1,1,0,0
-0.3360527172755976,-0.5352490620860464,-0.10115743583158582,0.0,1,0,1,2,1,0,0,1,1,0,0
2.5342563480446536,1.6664782313950985,1.5677776925507676,115.15,2,0,4,8,2,1,0,1,2,1,71
-0.9799837947072392,0.14335415044883548,-1.2816237461508113,69.25,0,1,0,1,0,1,0,1,0,0,0
-0.9458016952647009,0.1815152113004305,-1.2409180113122174,70.4,0,1,0,1,0,1,0,0,0,1,0
-0.9034580162376799,-1.4925939364934466,-0.7931549280876836,0.0,1,0,0,1,1,0,1,0,0,0,13
-0.30764076684036845,0.6859048851649877,-0.5896262538947137,85.6,1,1,1,3,1,1,1,1,1,1,0
0.3179706359863185,-0.6430955384057709,1.3642490183577978,0.0,2,0,2,3,2,0,0,0,0,1,0
-0.24987345757708007,-1.3167212212643575,1.4049547531963917,0.0,2,0,0,2,2,0,0,1,0,1,67
-0.9286228866231685,-1.3167212212643575,-0.9966836022806536,0.0,0,0,0,0,0,0,1,1,0,0,0
-0.9006497307892556,0.5100321699358986,-1.2002122764736234,80.3,0,1,0,2,0,1,0,1,0,1,0
-0.6321951937039554,-1.3548822821159523,0.18378270803857208,0.0,1,0,0,2,1,0,0,1,0,1,37
2.3394973642504224,1.4939238692835393,1.4863662228735797,109.95,2,1,3,7,2,1,1,1,1,1,69
-0.4766425075373339,-1.3598598117922474,0.7536629957788878,0.0,2,0,0,2,2,0,1,1,0,1,0
-0.9620370955134033,-1.5257774676687466,-1.0780950719578415,0.0,0,0,0,1,0,0,1,0,0,0,0
-0.7527540104156034,-1.4677062881119718,-0.10115743583158582,0.0,1,0,0,1,1,0,1,0,0,1,0
-0.23600754817548564,-1.3565414586747175,1.5270719577121736,0.0,2,0,0,2,2,0,0,0,0,1,70
1.265218481577839,0.7240659460165827,1.0793088744876398,0.0,2,1,4,7,2,0,1,1,2,1,59
0.4570027054133819,0.4785078153193637,0.387311382231542,79.35,1,0,1,3,1,1,1,1,0,0,0
-1.0017480069325266,-1.5025489958460367,-1.2816237461508113,0.0,0,0,0,1,0,0,0,0,0,0,0
-0.9857978231746799,-1.5307549973450416,-1.2002122764736234,0.0,0,0,0,1,0,0,0,0,0,0,0
-0.9369599840481778,1.0193993734767515,-1.2409180113122174,95.65,0,1,1,4,0,1,1,0,0,0,0
-0.9021196927036653,-1.4992306427285067,-0.7931549280876836,0.0,1,0,0,1,1,0,0,1,0,1,13
-0.5500528443375476,-0.5020655309107466,-0.4268033145403377,0.0,1,1,1,2,1,0,0,1,1,0,0
1.538916614148869,1.5553134019578436,0.8350744654560759,111.8,2,0,3,7,2,1,0,1,1,1,0
0.874406069915494,0.9779199595076267,0.46872285190873,94.4,1,1,2,5,1,1,0,0,0,1,0
2.6864303157811396,1.6880475266590431,1.6084834273893616,115.8,2,0,4,8,2,1,1,1,2,1,72
2.607184010783419,1.6382722298960932,1.5270719577121736,114.3,2,0,4,8,2,1,1,0,2,1,70
-1.001704127472395,-1.4992306427285067,-1.2816237461508113,0.0,0,0,0,1,0,0,1,0,0,0,0
-0.817783370330676,-0.11713656927726834,-1.0373893371192475,0.0,0,1,3,4,0,0,0,0,1,0,0
2.52054401675352,1.5752235206630238,1.6084834273893616,112.4,2,1,3,7,2,1,0,1,1,1,72
-0.8788416391038366,0.46357522629047915,-1.1595065416350294,78.9,0,0,0,2,0,1,0,1,0,1,0
-0.5140058678394152,1.1488151450604207,-0.8745663977648716,99.55,0,1,1,5,0,1,0,1,0,1,0
-0.20039936627866944,0.6095827634617982,-0.4268033145403377,83.3,1,1,1,3,1,1,0,0,0,1,0
1.6351223304874634,1.1803394996769556,1.1200146093262338,100.5,2,0,1,5,2,1,0,1,0,1,0
-0.01250751799503821,0.7373393584867028,-0.2639803751859618,87.15,1,0,3,4,1,1,0,1,2,0,0
0.5146822557564071,1.1239274966789456,0.18378270803857208,98.8,1,0,1,5,1,1,1,0,1,0,0
-0.7166192749972077,1.4922646927247742,-1.0780950719578415,109.9,0,0,3,7,0,1,0,1,1,0,0
0.32801903235646135,0.6576988836659831,0.14307697319997809,84.75,1,1,0,3,1,1,1,1,0,0,0
1.1433432810622421,0.1566275629189556,1.6084834273893616,0.0,2,0,4,6,2,0,1,0,2,0,72
1.9320546371981906,1.4989013989598339,1.2421318138420157,110.1,2,0,4,7,2,1,1,1,2,1,63
-0.78689223039801,-1.5008898192872717,-0.22327464034736777,0.0,1,0,0,1,1,0,1,0,0,0,27
-0.9652841755631438,-0.3278519922404224,-1.2409180113122174,0.0,0,0,2,3,0,0,0,1,1,0,0
-0.49441368889064324,-1.044616265626899,0.1023712383613841,0.0,1,0,2,2,1,0,0,1,1,0,0
-0.8916325017322062,-1.5025489958460367,-0.7117434584104956,0.0,1,0,0,1,1,0,0,0,0,0,0
-0.5977498175006273,0.3109309828840996,-0.7931549280876836,74.3,1,1,1,2,1,1,0,1,0,0,0
1.67775122600534,0.9779199595076267,1.3235432835192036,94.4,2,1,3,5,2,1,0,0,1,1,0
-0.7016563790923225,0.32254521879545484,-0.9559778674420595,0.0,0,1,2,5,0,0,0,1,1,0,0
-0.9232695924871099,1.1703844403243657,-1.2409180113122174,100.2,0,1,2,5,0,1,1,0,1,0,0
-0.6514143972416084,0.5332606417586087,-0.9152721326034655,81.0,0,0,1,3,0,1,0,1,0,0,0
-0.9113124396012413,-1.5025489958460367,-0.8745663977648716,0.0,0,0,0,1,0,0,1,0,0,1,11
-0.7120777508735842,-1.5158224083161567,0.14307697319997809,0.0,1,0,0,1,1,0,0,1,0,0,0
0.0033329671124794746,0.6278337056082129,-0.22327464034736777,0.0,1,1,3,7,1,0,0,0,1,1,0
1.6045383467757188,0.6195378228143881,1.6084834273893616,0.0,2,0,3,7,2,0,0,1,1,1,72
0.844282820535131,0.16492344571278056,1.1607203441648277,0.0,2,0,2,5,2,0,1,1,1,1,61
1.712569577619787,1.3462571555534548,1.0386031396490458,105.5,2,0,3,6,2,1,0,1,2,1,0
-0.1983150919224171,0.7323618288104077,-0.4268033145403377,87.0,1,0,1,3,1,1,1,1,0,1,0
-0.8104993799488259,0.858459247276547,-1.1188008067964355,90.8,0,1,1,4,0,1,0,1,0,0,0
0.08538755755862393,0.9978300782128064,-0.2639803751859618,95.0,1,1,2,5,1,1,0,1,1,0,0
1.6089262927888817,1.1305642029140057,1.1607203441648277,99.0,2,1,1,5,2,1,1,0,0,1,0
0.7826760585103254,1.2251372667636102,0.30589991255435406,101.85,1,1,1,5,1,1,1,0,1,1,0
1.8401052284923636,1.1338825560315355,1.3235432835192036,99.1,2,0,2,5,2,1,1,1,0,0,0
-0.8705703608690247,1.4275568069329394,-1.2002122764736234,107.95,0,1,3,6,0,1,1,1,1,0,0
-0.3865140964269698,-0.5385674152035762,-0.22327464034736777,0.0,1,0,1,2,1,0,1,0,1,1,0
1.4041189126245077,0.48182616843689396,1.4863662228735797,0.0,2,0,4,7,2,0,1,1,2,0,69
0.4141544125948471,-0.17023021915774814,0.8757802002946699,0.0,2,0,2,4,2,0,0,1,0,1,54
-0.22005736441763887,0.08362379433329585,-0.1418631706701798,0.0,1,0,3,5,1,0,0,0,2,0,0
-0.7612227462210076,0.8103431270723621,-1.0780950719578415,89.35,0,1,0,3,0,1,0,1,0,0,0
-0.8649757297022421,-1.5158224083161567,-0.5896262538947137,0.0,1,0,0,1,1,0,1,0,0,0,0
-0.9512646880510888,0.1616050925952503,-1.2409180113122174,69.8,0,0,0,1,0,1,1,1,0,0,0
-0.8040490993094765,-1.4892755833759168,-0.4268033145403377,0.0,1,0,0,1,1,0,0,1,0,0,0
-0.7932108726569644,-1.5025489958460367,-0.2639803751859618,0.0,1,0,0,1,1,0,0,0,0,1,26
-0.6184389829526898,0.7058150038701679,-0.8745663977648716,86.2,0,1,0,3,0,1,1,0,0,0,0
0.7528599653508841,0.3109309828840996,0.9978974048104517,74.3,2,1,0,2,2,1,1,1,0,1,0
-0.9807297455294768,-1.5025489958460367,-1.1595065416350294,0.0,0,0,0,1,0,0,1,1,0,0,0
0.3355004803089038,0.6626764133422782,0.14307697319997809,84.9,1,1,0,3,1,1,1,1,0,0,0
-0.48559391740418595,-1.5091857020810966,1.4049547531963917,0.0,2,0,0,1,2,0,1,1,0,0,0
0.23262508603030194,-0.4771778825292717,0.9164859351332638,0.0,2,0,1,2,2,0,0,1,1,0,0
0.07018332462301496,0.9978300782128064,-0.22327464034736777,95.0,1,0,0,4,1,1,0,0,0,1,0
-0.9903174075682377,-0.6381180087294758,-1.2816237461508113,0.0,0,0,0,1,0,0,1,1,0,0,0
-0.5843665821604808,-1.4859572302583868,0.7129572609402939,0.0,2,0,0,1,2,0,0,0,0,0,50
1.924704827626143,0.9397588986560317,1.6084834273893616,0.0,2,0,4,8,2,0,0,1,2,1,72
-0.9243007598002032,-0.3195561094465974,-1.2002122764736234,0.0,0,1,0,2,0,0,0,1,0,0,0
0.8388198277487434,-0.21834633936193276,1.5270719577121736,0.0,2,0,3,5,2,0,0,1,2,0,70
2.4930315952509887,1.5370624598114289,1.5677776925507676,111.25,2,1,3,7,2,1,0,1,1,0,71
-0.9768683530378937,-1.4793205240233267,-1.1595065416350294,0.0,0,0,0,1,0,0,0,0,0,1,0
-0.7695159641858852,0.32088604223668943,-0.9966836022806536,74.6,0,0,0,2,0,1,0,1,0,0,0
-0.7464134284265831,-1.4942531130522119,-0.019745966154397852,0.0,1,0,0,1,1,0,0,0,0,0,0
-0.6354422737536958,0.36236545620581423,-0.8338606629262776,0.0,0,0,1,5,0,0,0,1,1,0,0
-0.6336212761582333,0.697519121076343,-0.9152721326034655,85.95,0,1,0,3,0,1,0,0,0,1,0
0.7579499827261529,0.5681033494926734,0.631545791263106,82.05,1,0,0,3,1,1,0,1,0,1,0
1.3874885972346205,1.0061259610066313,0.9978974048104517,95.25,2,1,1,4,2,1,0,1,0,0,57
-0.7234425310476758,0.5183280527297236,-0.9559778674420595,80.55,0,1,2,3,0,1,0,0,0,0,0
-0.5585215801429518,0.6261745290494481,-0.8338606629262776,83.8,0,0,3,4,0,1,1,1,1,0,0
-0.9902515883780402,-0.6331404790531808,-1.2816237461508113,0.0,0,0,0,1,0,0,1,1,0,1,0
-0.11860805259331482,0.6062644103442684,-0.38609757970174374,83.2,1,0,3,4,1,1,0,0,1,0,0
1.575841179849634,0.6560397071072182,1.6084834273893616,0.0,2,0,3,7,2,0,0,0,2,1,72
-0.9903393472983034,-0.6397771852882409,-1.2816237461508113,0.0,0,1,0,1,0,0,0,1,0,0,0
-0.9319577255931724,-1.4793205240233267,-0.9966836022806536,0.0,0,0,0,1,0,0,1,0,0,0,0
-0.9852712696531005,-1.4959122896109767,-1.2002122764736234,0.0,0,0,0,1,0,0,0,0,0,0,0
-0.8299160410570713,-1.5025489958460367,-0.5896262538947137,0.0,1,0,0,1,1,0,1,0,0,0,0
-0.091095631090784,1.1886353824707805,-0.4268033145403377,100.75,1,1,1,5,1,1,1,1,1,0,0
-0.7689894106643058,-1.4942531130522119,-0.22327464034736777,0.0,1,0,0,1,1,0,0,0,0,1,27
0.6281984191169288,1.1488151450604207,0.22448844287716607,99.55,1,1,1,5,1,1,0,1,1,0,0
2.485462388378283,1.505538105194894,1.6084834273893616,110.3,2,0,3,7,2,1,1,1,1,1,72
0.7754798270487384,-0.17188939571651304,1.4863662228735797,0.0,2,0,3,4,2,0,1,1,1,1,69
-0.6025984978451722,0.46689357940800896,-0.8745663977648716,79.0,0,0,1,3,0,1,0,1,1,0,0
-0.8925978498551019,-1.4925939364934466,-0.7524491932490895,0.0,1,0,0,1,1,0,1,0,0,0,0
1.1157650403695136,0.6494030008721581,0.9978974048104517,0.0,2,1,3,7,2,0,0,1,2,1,57
-0.7275672003000488,-1.4876164068171518,0.1023712383613841,0.0,1,0,0,1,1,0,0,1,0,0,0
-0.9513085675112203,-0.13206915830615312,-1.2409180113122174,0.0,0,0,2,4,0,0,1,0,1,0,0
0.07937607152059097,1.376122333611225,-0.38609757970174374,106.4,1,1,2,6,1,1,1,1,0,0,0
-0.6145775904611066,-1.4892755833759168,0.5501343215859179,0.0,1,0,0,1,1,0,1,0,0,0,46
-0.9105664887790037,-1.5091857020810966,-0.8338606629262776,0.0,0,0,0,1,0,0,0,0,0,0,0
-0.8263618047864094,-0.4522902341477968,-1.0373893371192475,0.0,0,0,1,2,0,0,0,1,0,0,0
-0.9431031084666057,-1.3117436915880627,-1.0780950719578415,0.0,0,0,0,2,0,0,1,0,0,1,6
-0.9774387860196047,0.3358186312655745,-1.2816237461508113,75.05,0,0,0,2,0,1,0,1,0,0,0
1.9915990645968094,1.4706953974608292,1.2421318138420157,109.25,2,0,3,7,2,1,0,1,1,1,63
0.5875002198448438,-0.17023021915774814,1.1607203441648277,0.0,2,1,2,4,2,0,0,0,1,1,0
0.1850158717874855,0.7522719475155875,-0.06045170099299184,87.6,1,1,3,4,1,1,0,0,2,0,0
-0.09381615761894486,0.5166688761709587,-0.2639803751859618,80.5,1,1,1,3,1,1,1,1,1,0,0
-0.27968955073652135,-0.34112540471054226,0.020959768684196134,0.0,1,0,1,3,1,0,1,1,0,0,0
1.0363870969913986,0.02389343821775623,1.6084834273893616,0.0,2,0,4,6,2,0,1,1,2,1,72
0.3883532900374499,0.3242043953542197,0.346605647392948,0.0,1,0,2,5,1,0,0,1,2,1,0
1.299663857781167,0.6626764133422782,1.1607203441648277,0.0,2,0,4,7,2,0,1,0,2,1,0
-0.8809478531901547,-1.5307549973450416,-0.7117434584104956,0.0,1,0,0,1,1,0,1,0,0,1,0
0.193440728132758,-0.4937696481169216,0.9164859351332638,0.0,2,0,1,3,2,0,1,1,0,0,0
1.2357973035595824,1.4076466882277594,0.590840056424512,107.35,1,0,2,6,1,1,1,1,1,1,0
1.3473169514841152,1.2135230308522553,0.8757802002946699,101.5,2,0,1,5,2,1,0,1,0,1,0
-1.001462790441671,-1.480979700582092,-1.2816237461508113,0.0,0,0,0,1,0,0,1,0,0,0,0
1.1173885803943842,1.3744631570524595,0.590840056424512,106.35,1,1,2,6,1,1,0,1,0,0,0
2.1197490279112294,1.6631598782775683,1.2014260790034217,115.05,2,0,4,8,2,1,0,1,2,0,0
-0.42791436706116087,-1.462728758435677,1.4049547531963917,0.0,2,0,0,1,2,0,0,1,0,1,0
0.004912627677218244,0.02223426165899086,0.18378270803857208,0.0,1,0,4,5,1,0,1,0,2,0,37
0.7464974436317979,0.2943392172964497,0.8350744654560759,73.8,2,0,1,2,2,1,0,1,0,0,0
1.177415681854451,0.5332606417586087,1.2014260790034217,0.0,2,0,3,6,2,0,0,0,2,1,62
-0.8790390966744289,-1.4892755833759168,-0.7524491932490895,0.0,1,1,0,1,1,0,1,1,0,0,0
-0.9613789036114289,-1.5008898192872717,-1.0780950719578415,0.0,0,0,0,1,0,0,1,0,0,0,0
0.16610382447075384,1.2267964433223755,-0.22327464034736777,101.9,1,0,2,5,1,1,0,1,2,1,0
-0.5138742294590203,-1.480979700582092,1.0386031396490458,0.0,2,0,0,1,2,0,1,0,0,0,58
1.119428975290505,1.1322233794727707,0.6722515261016999,99.05,2,0,1,5,2,1,1,1,0,1,0
1.1335142819927575,0.29102086417891987,1.4863662228735797,0.0,2,0,3,6,2,0,0,0,2,1,0
1.498591390287903,0.5133505230534289,1.5270719577121736,0.0,2,0,3,6,2,0,0,1,1,1,70
-1.0011995136808813,-1.461069581876912,-1.2816237461508113,0.0,0,0,0,1,0,0,0,0,0,0,0
-0.6843898115305268,-0.32453363912289235,-0.7931549280876836,0.0,1,0,2,3,1,0,0,0,2,0,0
-0.9994443352756163,-1.3283354571757127,-1.2816237461508113,0.0,0,0,0,0,0,0,0,1,0,0,0
-0.7306826419693944,0.3507512202944595,-0.9559778674420595,75.5,0,0,1,2,0,1,0,0,0,0,0
1.3104362652434818,0.642766294637098,1.2828375486806096,84.3,2,0,2,4,2,1,1,1,1,0,0
-0.9182673340321044,0.010620025747636104,-1.2002122764736234,0.0,0,0,1,4,0,0,1,1,1,0,0
-0.746545066806978,-0.3444437578280723,-0.8745663977648716,0.0,0,1,2,3,0,0,1,1,1,0,0
-0.05311795834685985,-0.6795974226986006,0.7536629957788878,0.0,2,0,2,3,2,0,1,1,2,0,0
0.9170349654333704,0.04048520380540615,1.2828375486806096,0.0,2,0,1,4,2,0,1,1,1,1,0
-0.8895262876458879,-1.480979700582092,-0.7931549280876836,0.0,1,0,0,1,1,0,0,1,0,0,0
-0.5081698996419086,0.16824179883031035,-0.6303319887333076,70.0,1,1,0,1,1,1,0,1,0,0,0
-0.48309278817668316,0.17985603474166512,-0.6303319887333076,0.0,1,0,2,5,1,0,1,1,1,1,0
-0.603322508937344,-1.1541219185053884,-0.019745966154397852,0.0,1,0,1,1,1,0,0,0,1,0,0
1.036233518880938,0.10021555992094577,1.5270719577121736,0.0,2,0,3,5,2,0,1,0,2,1,70
-0.9754642103136815,0.4851445215544238,-1.2816237461508113,79.55,0,1,0,2,0,1,1,1,0,0,0
0.9066574731122405,0.9978300782128064,0.5094285867473239,95.0,1,0,2,5,1,1,1,1,0,1,0
0.6844957664658077,0.659358060224748,0.46872285190873,84.8,1,0,2,4,1,1,0,1,0,0,0
-0.8898334438668094,-1.3167212212643575,-0.8338606629262776,0.0,0,0,0,2,0,0,0,0,0,1,12
-0.40500928887245113,-1.4959122896109767,1.5677776925507676,0.0,2,0,0,1,2,0,0,0,0,1,71
-0.9437613003685802,0.38061639835222955,-1.2409180113122174,76.4,0,1,1,2,0,1,1,0,0,1,0
-0.7194275604456318,0.0023241429538111433,-0.9559778674420595,0.0,0,0,4,5,0,0,0,0,2,1,0
-0.9270212863283642,-1.3233579274994176,-1.0373893371192475,0.0,0,0,0,0,0,0,0,0,0,0,0
-0.4078833935110727,0.36402463276457964,-0.5896262538947137,75.9,1,0,1,2,1,1,1,1,1,0,0
-0.8762966304162022,0.2412455674159701,-1.1595065416350294,72.2,0,0,0,2,0,1,1,1,0,0,0
-0.8789952172142972,-1.5042081724048018,-0.7117434584104956,0.0,1,0,0,1,1,0,0,0,0,0,0
2.0064961413114974,1.135541732590301,1.4863662228735797,99.15,2,0,1,5,2,1,0,0,1,1,69
-0.990865900819883,-0.6795974226986006,-1.2816237461508113,0.0,0,0,0,1,0,0,0,1,0,0,0
-0.9732263578469684,0.6543805305484532,-1.2816237461508113,84.65,0,0,0,3,0,1,1,1,0,0,0
-0.9441781552398307,-1.3465863993221274,-1.0373893371192475,0.0,0,0,0,0,0,0,1,1,0,0,0
0.5799748924322695,-0.17188939571651304,1.0386031396490458,0.0,2,0,3,5,2,0,0,0,2,1,58
1.238671408198204,1.6830699969827483,0.5094285867473239,115.65,1,1,4,8,1,1,0,1,2,0,0
0.13328198829229598,0.3789572217934642,0.14307697319997809,0.0,1,0,4,6,1,0,0,1,2,0,0
0.003047750621624052,0.659358060224748,-0.22327464034736777,0.0,1,0,3,7,1,0,1,1,1,1,0
1.8762619036408257,1.3080960947018598,1.3235432835192036,104.35,2,1,2,6,2,1,1,1,0,1,0
2.677654423754814,1.696343409452868,1.6084834273893616,116.05,2,0,4,8,2,1,1,1,2,1,72
-0.8401618949978064,-1.3183803978231226,-0.7117434584104956,0.0,1,0,0,2,1,0,0,0,0,1,15
-0.9522739156341161,0.1781968581829002,-1.2409180113122174,0.0,0,1,1,4,0,0,1,0,1,0,0
1.7339388747038897,1.1654069106480704,1.2828375486806096,100.05,2,0,1,5,2,1,0,1,0,0,0
-0.41411427684976393,1.1753619700006603,-0.7931549280876836,100.35,1,1,1,5,1,1,0,1,1,0,0
1.4469452657129764,0.505054640259604,1.5270719577121736,0.0,2,0,3,6,2,0,1,1,1,1,70
-0.9865218342668518,-0.35108046406313215,-1.2816237461508113,0.0,0,1,1,3,0,0,1,0,0,0,0
-0.22872355779363543,0.8551408941590172,-0.5082147842175256,90.7,1,0,1,4,1,1,1,1,0,0,0
-0.35520610162305327,-1.3432680462045974,1.0793088744876398,0.0,2,1,0,2,2,0,0,0,0,0,59
0.22161134153726333,0.8136614801898924,-0.06045170099299184,89.45,1,1,1,4,1,1,1,0,1,1,0
0.08591411108020358,0.01559755542393127,0.14307697319997809,0.0,1,0,2,4,1,0,1,1,1,0,0
-0.971273721871111,0.8020472442785371,-1.2816237461508113,89.1,0,1,0,3,0,1,1,1,0,0,0
-1.0015505493619346,-1.4876164068171518,-1.2816237461508113,0.0,0,0,0,1,0,0,1,0,0,0,0
-0.94119435195088,-1.5224591145512167,-0.9559778674420595,0.0,0,0,0,1,0,0,0,0,0,0,0
-0.42144214669174573,-1.3333129868520075,0.8757802002946699,0.0,2,0,0,2,2,0,0,1,0,1,0
-0.49147376506182416,-1.5108448786398618,1.1607203441648277,0.0,2,0,0,1,2,0,0,1,0,1,0
-0.8533915522274923,0.36402463276457964,-1.1188008067964355,75.9,0,0,0,2,0,1,1,1,0,0,0
0.31634709596144833,0.3192268656779245,0.346605647392948,0.0,1,0,3,6,1,0,1,1,1,1,0
1.6369213883528604,0.6477438243133932,1.6084834273893616,0.0,2,0,4,7,2,0,1,0,2,1,72
-0.22350190203797166,0.1367174442137754,-0.22327464034736777,69.05,1,0,0,1,1,1,1,1,0,0,0
-0.12815183517194392,-0.3295111687991873,0.1023712383613841,0.0,1,0,0,2,1,0,1,0,0,0,0
-0.3393656165155355,1.0359911390644014,-0.6710377235719016,96.15,1,1,0,4,1,1,0,1,0,0,0
-0.874080717679555,-1.4925939364934466,-0.6303319887333076,0.0,1,0,0,1,1,0,1,0,0,0,0
-0.36259979065523257,-1.3316538102932427,1.2014260790034217,0.0,2,0,0,2,2,0,1,0,0,1,0
-0.9787332300934879,0.23792721429843983,-1.2816237461508113,72.1,0,1,0,2,0,1,0,1,0,0,0
-0.5863850373265356,0.32254521879545484,-0.7931549280876836,74.65,1,0,1,2,1,1,0,1,0,0,0
-0.6594882179058279,0.3258635719129846,-0.9152721326034655,74.75,0,1,0,2,0,1,0,1,0,0,0
-0.9052570741030765,-0.46722282317668157,-1.1595065416350294,0.0,0,0,0,2,0,0,0,0,0,1,0
-0.9330108326363313,-1.4793205240233267,-0.9152721326034655,0.0,0,0,0,1,0,0,1,0,0,0,0
0.8265555186419534,0.9712832532725666,0.387311382231542,94.2,1,1,0,4,1,1,0,1,0,1,0
-1.001616368552132,-1.4925939364934466,-1.2816237461508113,0.0,0,0,0,1,0,0,0,0,0,0,0
1.5867671654224094,0.7456352412805278,1.4049547531963917,87.4,2,1,2,4,2,1,1,0,0,1,0
-0.45577782424474467,-1.4892755833759168,1.2014260790034217,0.0,2,0,0,1,2,0,1,0,0,1,62
-0.24515641561293006,0.9613281939199768,-0.5896262538947137,93.9,1,0,2,5,1,1,1,0,1,0,0
-0.5639626331992738,0.6527213539896879,-0.8338606629262776,84.6,0,1,1,3,0,1,0,1,0,0,0
-0.7979717940812461,-0.49211047155815646,-0.9559778674420595,0.0,0,1,1,2,0,0,1,1,0,0,0
-0.19236942507458152,-1.3001294556767078,1.6084834273893616,0.0,2,0,0,2,2,0,1,0,0,1,72
-0.48719551769899044,-1.4842980536996218,1.0793088744876398,0.0,2,0,0,1,2,0,1,1,0,0,59
0.054628056006352704,0.4768486387605988,-0.10115743583158582,0.0,1,0,2,6,1,0,0,1,1,0,0
1.990370439713124,1.127245849796476,1.5270719577121736,98.9,2,1,1,5,2,1,0,0,0,0,0
-0.42348254158786647,-1.4859572302583868,1.4863662228735797,0.0,2,0,0,1,2,0,0,0,0,1,69
-0.5642478496901292,-1.4892755833759168,0.590840056424512,0.0,1,0,0,1,1,0,0,0,0,1,47
-0.6910156100104027,-0.17023021915774814,-0.8338606629262776,0.0,0,1,1,3,0,0,1,1,1,0,0
0.5642002265149493,0.642766294637098,0.387311382231542,84.3,1,1,2,4,1,1,0,1,1,1,0
1.605328177058088,1.1471559685016557,1.0793088744876398,99.5,2,0,1,5,2,1,1,1,0,1,0
1.0674756944946573,1.2350923261162006,0.5094285867473239,102.15,1,0,1,5,1,1,0,1,0,0,0
-0.6864521461567133,0.1781968581829002,-0.9152721326034655,70.3,0,1,0,1,0,1,1,1,0,1,0
0.6676679935053281,0.4337100482327091,0.6722515261016999,0.0,2,0,2,5,2,0,0,0,0,1,0
-0.3478343523209397,-1.3200395743818876,1.0386031396490458,0.0,2,0,0,2,2,0,0,0,0,1,58
-0.46795437443127147,-0.16193433636392318,-0.4675090493789317,0.0,1,0,1,3,1,0,1,1,0,0,0
-0.7626049492151539,0.3457736906181643,-1.0373893371192475,75.35,0,1,0,2,0,1,0,1,0,0,0
-0.3448944284921207,-0.34942128750436724,-0.1825689055087738,0.0,1,0,2,3,1,0,1,1,1,0,0
0.4602717251931883,1.326347036848275,-0.019745966154397852,104.9,1,1,2,6,1,1,1,1,1,1,0
1.0407311635444296,1.2002496183821352,0.5501343215859179,101.1,1,1,1,5,1,1,0,1,0,0,0
-0.50659023907717,1.0326727859468712,-0.8338606629262776,96.05,0,1,0,4,0,1,1,1,0,0,0
-0.6360346464654728,0.8136614801898924,-0.9559778674420595,89.45,0,1,0,3,0,1,0,0,0,1,0
-0.6039368213791868,0.29599839385521454,-0.8745663977648716,73.85,0,1,1,2,0,1,1,1,1,0,0
-0.9958023400846913,-1.4793205240233267,-1.2409180113122174,0.0,0,0,0,1,0,0,1,0,0,0,0
-0.9369599840481778,0.6942007679588127,-1.2409180113122174,85.85,0,1,1,3,0,1,1,1,0,0,0
1.5755120838986465,1.5071972817536587,0.8757802002946699,110.35,2,1,3,7,2,1,0,0,1,1,0
-0.008536426853125794,0.9845566657426863,-0.3453918448631497,94.6,1,1,1,4,1,1,0,1,1,0,0
-0.922677219775333,0.16326426915401518,-1.2002122764736234,69.85,0,1,0,1,0,1,0,1,0,0,0
-0.9902954678381718,-0.6364588321707109,-1.2816237461508113,0.0,0,1,0,1,0,0,1,0,0,0,0
0.23578440715977905,0.11846650206736059,0.346605647392948,0.0,1,0,2,5,1,0,1,0,0,1,0
-0.051889333463174384,-0.29964599074141746,0.26519417771576004,0.0,1,1,2,4,1,0,0,0,1,1,0
-0.9605671335989938,-1.5091857020810966,-1.0780950719578415,0.0,0,0,0,1,0,0,1,0,0,1,0
-0.5653228964633541,-1.393043342967547,0.387311382231542,0.0,1,1,0,2,1,0,0,0,0,1,42
0.40151712807693835,1.1770211465594258,-0.019745966154397852,100.4,1,1,1,5,1,1,0,1,0,1,0
-0.9637703341886027,-0.44399435135397186,-1.2409180113122174,0.0,0,0,1,2,0,0,0,0,0,0,0
0.6951584752777932,-0.029200211662723803,1.0793088744876398,0.0,2,0,3,5,2,0,1,1,2,1,59
-0.9749157170620361,0.5266239355235486,-1.2816237461508113,80.8,0,1,0,2,0,1,1,1,0,0,0
-0.8906013344191128,-1.497571466169742,-0.7117434584104956,0.0,1,0,0,1,1,0,0,0,0,1,0
-0.9126727028653218,-1.4511145225243218,-0.9152721326034655,0.0,0,1,0,1,0,0,0,1,0,0,0
-0.7841936435999148,0.16326426915401518,-1.0373893371192475,69.85,0,0,0,1,0,1,0,1,0,0,0
-0.20505058905262208,0.4785078153193637,-0.38609757970174374,79.35,1,0,1,3,1,1,0,1,0,0,0
-0.3963430954964546,-1.4925939364934466,1.4863662228735797,0.0,2,0,0,1,2,0,1,0,0,0,69
-0.2891894538550189,0.34743286717692967,-0.38609757970174374,75.4,1,0,1,2,1,1,0,1,1,0,0
0.3975679766650918,0.5249647589647837,0.30589991255435406,0.0,1,0,2,6,1,0,0,1,1,0,0
-0.7938690645589388,0.5083729933771337,-1.0780950719578415,0.0,0,0,3,6,0,0,1,1,2,0,6
0.8127334887004907,0.9546914876849167,0.5501343215859179,93.7,1,1,2,5,1,1,1,1,1,0,0
-0.4431624794569016,-1.5125040551986266,1.4456604880349857,0.0,2,0,0,1,2,0,0,1,0,1,68
0.9441305320646507,1.465717867784534,0.346605647392948,109.1,1,0,3,7,1,1,0,1,1,1,0
-0.2640245834695301,-0.7891030755770901,0.26519417771576004,0.0,1,0,3,3,1,0,0,0,2,0,0
-0.5166386354473128,-0.34278458126930716,-0.4675090493789317,0.0,1,0,0,2,1,0,1,0,0,1,0
0.10982841685194086,0.17985603474166512,0.18378270803857208,70.35,1,0,0,1,1,1,1,1,0,0,0
1.5965303453016966,1.152133498177951,1.1200146093262338,99.65,2,1,2,5,2,1,0,1,0,0,60
0.4724263356496492,0.928144662744677,0.14307697319997809,0.0,1,0,4,8,1,0,0,1,2,1,36
0.6379396592661501,1.3927140991988747,0.1023712383613841,106.9,1,1,3,6,1,1,0,1,2,1,0
2.17163648951688,1.1604293809717758,1.6084834273893616,99.9,2,0,3,6,2,1,0,0,2,1,72
1.7340485733542188,0.8003880677197722,1.6084834273893616,0.0,2,0,4,8,2,0,1,1,2,1,72
-0.8124300761946176,0.14667250356636527,-1.0373893371192475,69.35,0,1,0,1,0,1,1,1,0,1,0
-0.9793914219954623,0.18815191753549007,-1.2816237461508113,70.6,0,0,0,1,0,1,0,1,0,0,0
-0.4602096497180392,-1.5008898192872717,1.3642490183577978,0.0,2,0,0,1,2,0,1,0,0,0,66
0.3542370097851091,1.145496791942891,-0.06045170099299184,99.45,1,0,2,5,1,1,1,0,1,0,31
-0.7314724722517638,0.9596690173612115,-1.0373893371192475,93.85,0,1,0,4,0,1,1,1,0,0,0
-0.959492086825769,0.17487850506537042,-1.2409180113122174,70.2,0,0,0,1,0,1,0,1,0,0,0
1.237025928443268,0.9895341954189815,0.8757802002946699,94.75,2,0,2,5,2,1,0,1,0,0,0
-0.999817310686735,-1.3565414586747175,-1.2816237461508113,0.0,0,0,0,2,0,0,1,1,0,0,0
1.2513964516363763,0.2794066282675646,1.5677776925507676,0.0,2,0,2,5,2,0,1,1,1,1,71
-0.9783163752222372,-1.4677062881119718,-1.1595065416350294,0.0,0,0,0,1,0,0,1,0,0,0,0
-0.9030192216363636,0.48016699187812906,-1.2002122764736234,79.4,0,1,0,2,0,1,0,1,0,0,0
-0.5307239421495654,-0.007630916398778715,-0.6303319887333076,0.0,1,0,0,3,1,0,0,1,0,0,0
0.8403775485834163,0.4917812277894838,0.7943687306174818,0.0,2,0,2,6,2,0,1,1,2,0,52
-0.9963727730664023,-1.480979700582092,-1.2409180113122174,0.0,0,0,0,1,0,0,0,0,0,1,0
-0.41848028313286084,1.3611897445823398,-0.7524491932490895,105.95,1,0,3,6,1,1,0,0,2,1,0
-0.7136793511683885,0.1781968581829002,-0.9152721326034655,0.0,0,1,2,5,0,0,0,0,1,1,0
-0.9942226795199525,-1.4826388771408567,-1.2409180113122174,0.0,0,0,0,1,0,0,1,0,0,0,0
0.5295354530109632,-0.17686692539280796,0.9978974048104517,0.0,2,0,3,4,2,0,1,0,2,1,0
-0.6377898248707379,0.18317438785919538,-0.7931549280876836,70.45,1,0,0,1,1,1,1,0,0,1,0
1.924331852215024,1.233433149557435,1.2828375486806096,102.1,2,1,2,6,2,1,1,0,1,0,0
-0.019462412425901215,-0.790762252135855,0.9978974048104517,0.0,2,0,3,3,2,0,0,1,2,0,0
1.3751145894775014,0.3690021624408743,1.5677776925507676,76.05,2,1,1,2,2,1,0,0,0,1,71
-0.9793914219954623,0.18815191753549007,-1.2816237461508113,70.6,0,0,0,1,0,1,1,1,0,0,0
-0.9774168462895391,0.3374778078243394,-1.2816237461508113,75.1,0,1,0,2,0,1,0,1,0,0,0
-0.9908000816296856,-0.6746198930223056,-1.2816237461508113,0.0,0,0,0,1,0,0,1,0,0,0,0
1.1907330980044004,1.026036079711811,0.8350744654560759,95.85,2,0,0,4,2,1,0,1,0,1,0
-0.9839768255792173,-0.15861598324639314,-1.2816237461508113,0.0,0,1,0,3,0,0,0,1,0,0,0
1.564037605074226,1.095721495179941,1.1200146093262338,97.95,2,1,2,5,2,1,1,1,0,1,0
-0.990624563789159,-0.6613464805521857,-1.2816237461508113,0.0,0,1,0,1,0,0,0,1,0,1,0
-0.43460598473123413,0.5332606417586087,-0.6710377235719016,81.0,1,1,0,2,1,1,0,1,0,0,0
-0.42172736318260134,-1.5008898192872717,1.5270719577121736,0.0,2,0,0,1,2,0,0,0,0,0,0
1.5779035144758207,0.7987288911610074,1.3642490183577978,89.0,2,1,3,5,2,1,0,0,2,1,0
-0.12604562108562578,0.4950995809070136,-0.30468611002455576,79.85,1,0,2,3,1,1,0,1,1,0,0
-1.0019674042331848,-1.5191407614336867,-1.2816237461508113,0.0,0,0,0,1,0,0,0,0,0,0,0
0.06173652854767657,0.08362379433329585,0.18378270803857208,0.0,1,1,4,6,1,0,1,0,2,0,0
-1.00183576585279,-1.5091857020810966,-1.2816237461508113,0.0,0,0,0,1,0,0,1,1,0,0,0
-0.8711627335808017,0.47187110908430413,-1.1595065416350294,79.15,0,1,0,2,0,1,0,1,0,0,0
-0.9565302232668841,-0.6746198930223056,-1.2002122764736234,0.0,0,1,0,1,0,0,0,0,0,0,0
-0.17132922394146585,0.03882602724664078,-0.1418631706701798,0.0,1,1,1,4,1,0,0,1,1,0,0
1.0648209871566938,0.3457736906181643,1.1607203441648277,0.0,2,0,3,6,2,0,1,0,2,1,61
2.621554533976527,1.719571881275578,1.6084834273893616,116.75,2,0,4,8,2,1,0,1,2,1,72
2.0938382067035026,1.27159421040903,1.4456604880349857,103.25,2,0,3,6,2,1,1,1,1,1,68
-1.0015286096318685,-1.4859572302583868,-1.2816237461508113,0.0,0,0,0,1,0,0,1,0,0,0,0
-0.5335102878679238,-1.5058673489635668,0.7536629957788878,0.0,2,0,0,1,2,0,1,0,0,1,51
-0.6385796551531072,1.27491256352656,-0.9966836022806536,103.35,0,0,2,6,0,1,0,1,2,0,0
2.2502026628825593,1.497242222401069,1.4863662228735797,110.05,2,0,3,7,2,1,1,1,1,0,69
-0.8678498343408637,-1.5125040551986266,-0.7524491932490895,0.0,1,0,0,1,1,0,1,0,0,0,0
1.6946667578860826,1.2085455011759603,1.2014260790034217,101.35,2,1,1,5,2,1,0,1,0,1,0
0.7946990305863914,0.6129011165793284,0.7129572609402939,83.4,2,1,2,4,2,1,0,1,1,0,0
1.642625718169972,0.659358060224748,1.5677776925507676,0.0,2,0,4,7,2,0,0,1,2,1,0
0.022903206331185744,-0.08727139121949852,0.22448844287716607,0.0,1,0,2,4,1,0,1,1,1,0,0
1.5401671787626205,1.1206091435614158,1.0386031396490458,98.7,2,1,1,5,2,1,1,1,0,1,0
-0.5129088813361244,-1.3465863993221274,0.631545791263106,0.0,1,0,0,2,1,0,0,0,0,0,0
-0.9765173173568406,-0.8139907239585651,-1.2409180113122174,0.0,0,0,3,3,0,0,1,1,1,0,0
-0.20555520284413573,-0.15695680668762801,-0.1418631706701798,0.0,1,0,1,3,1,0,1,1,1,1,0
0.6617881458476902,-0.2233238690382277,1.3642490183577978,0.0,2,0,3,4,2,0,0,1,2,1,66
2.0129244822207806,1.29814103534927,1.3642490183577978,104.05,2,1,2,6,2,1,1,1,1,1,0
0.05328973247233817,-0.6281629493768859,0.8757802002946699,0.0,2,0,2,3,2,0,1,0,1,1,54
0.7434039416925183,-0.17188939571651304,1.3642490183577978,0.0,2,1,1,3,2,0,0,1,1,1,66
-0.8340407103094444,-1.4876164068171518,-0.5896262538947137,0.0,1,0,0,1,1,0,1,0,0,0,0
-0.9830553569164532,-1.003136851657774,-1.2409180113122174,0.0,0,1,0,1,0,0,0,1,0,0,0
-0.9834502720576379,-1.5042081724048018,-1.2002122764736234,0.0,0,0,0,1,0,0,1,0,0,0,0
-0.999356576355353,-1.3216987509406526,-1.2816237461508113,0.0,0,1,0,0,0,0,1,1,0,0,0
-1.0020332234233824,-1.5241182911099815,-1.2816237461508113,0.0,0,0,0,1,0,0,0,1,0,1,0
0.8755469358789161,0.6759498258123978,0.6722515261016999,85.3,2,0,1,3,2,1,1,1,0,1,0
1.6709937891450695,0.695859944517578,1.6084834273893616,0.0,2,0,3,7,2,0,0,1,2,1,72
-0.9708568669998605,-0.6779382461398357,-1.2409180113122174,0.0,0,1,0,1,0,0,1,1,0,1,0
-0.9292152593349456,-1.472683817788267,-0.8745663977648716,0.0,0,0,0,1,0,0,1,1,0,1,0
-0.9863682561563912,-1.5141632317573919,-1.2002122764736234,0.0,0,0,0,1,0,0,0,0,0,1,0
0.25717564397394777,0.7854554786908873,0.020959768684196134,88.6,1,0,3,5,1,1,0,0,1,1,0
-0.9159417226451282,-1.3084253384705327,-0.9966836022806536,0.0,0,0,0,0,0,0,1,0,0,0,0
1.7182519677068326,1.097380671738706,1.2421318138420157,98.0,2,0,3,6,2,1,0,0,1,0,63
-0.913243135847033,-1.4876164068171518,-0.8745663977648716,0.0,0,0,0,1,0,0,0,0,0,0,0
-0.3314014945016451,-0.8056948411647401,0.14307697319997809,0.0,1,0,3,3,1,0,0,0,2,1,36
-0.6770838814186109,0.9895341954189815,-0.9966836022806536,94.75,0,1,1,4,0,1,1,1,0,1,0
-0.8656558613342824,-1.003136851657774,-0.9152721326034655,0.0,0,1,0,1,0,0,0,1,0,0,0
-0.8915886222720745,0.3374778078243394,-1.2002122764736234,75.1,0,0,0,2,0,1,0,1,0,0,0
-0.14572555895466094,0.13008073797871536,-0.1418631706701798,0.0,1,0,3,5,1,0,0,1,1,0,0
0.48146550443676456,-0.36767222965078206,1.2828375486806096,0.0,2,0,1,3,2,0,0,1,0,1,0
1.372898676740854,1.4375118662855293,0.7129572609402939,108.25,2,1,3,7,2,1,1,1,1,1,0
-0.9797643974065811,0.1599459160364854,-1.2816237461508113,69.75,0,1,0,1,0,1,1,1,0,0,0
-0.7923332834543318,0.33913698438310474,-1.0373893371192475,75.15,0,0,1,2,0,1,0,1,0,1,0
-0.6909936702803369,-0.4473127044715016,-0.7524491932490895,0.0,1,0,1,2,1,0,0,0,0,0,0
-0.9793914219954623,0.18815191753549007,-1.2816237461508113,70.6,0,0,0,1,0,1,1,0,0,0,0
-0.9070341922384075,0.1781968581829002,-1.2002122764736234,70.3,0,1,0,1,0,1,0,1,0,0,0
-0.9339323012990957,-0.010949269516308983,-1.2002122764736234,0.0,0,1,1,4,0,0,0,0,1,0,0
-0.9474691147497029,0.36402463276457964,-1.2409180113122174,75.9,0,1,0,2,0,1,0,1,0,0,0
-0.4320609760435997,-0.9815675563938292,0.14307697319997809,0.0,1,0,2,2,1,0,1,0,1,1,0
2.0785023353874994,1.28818597599668,1.4456604880349857,103.75,2,0,2,6,2,1,0,1,1,1,68
0.18152745470702114,0.6278337056082129,0.020959768684196134,83.85,1,0,2,4,1,1,1,1,0,0,0
-0.6051435065328066,1.107335731091296,-0.9559778674420595,98.3,0,0,1,5,0,1,0,0,0,0,0
0.1489469555592873,0.665994766459808,-0.019745966154397852,85.0,1,1,0,3,1,1,1,1,0,1,0
-0.5045717839111151,-0.3560579937394271,-0.4268033145403377,0.0,1,1,2,3,1,0,1,1,2,1,0
-0.29917203103496426,0.8020472442785371,-0.5489205190561197,89.1,1,1,1,4,1,1,0,1,0,1,0
0.7244918943757864,-0.1503201004525682,1.4049547531963917,0.0,2,0,3,4,2,0,1,1,2,1,67
-0.6574697627397731,-1.5008898192872717,0.346605647392948,0.0,1,0,0,1,1,0,0,0,0,1,41
-0.8909304303701001,0.6925415914000478,-1.2002122764736234,85.8,0,1,1,3,0,1,0,0,1,0,0
-0.5605839147691384,-1.5025489958460367,0.7943687306174818,0.0,2,0,0,1,2,0,1,0,0,0,52
-0.9744111032705225,0.5647849963751436,-1.2816237461508113,81.95,0,1,0,2,0,1,0,1,0,0,0
-0.9514182661615493,0.025552614776521126,-1.2409180113122174,0.0,0,0,0,3,0,0,0,0,0,1,0
-0.9297418128565251,0.7373393584867028,-1.2409180113122174,87.15,0,0,1,3,0,1,0,1,0,0,0
-0.9434102646875273,-1.5125040551986266,-0.9966836022806536,0.0,0,0,0,1,0,0,1,1,0,1,0
0.7143557390853804,1.0160810203592212,0.387311382231542,95.55,1,1,2,5,1,1,0,1,0,1,0
-0.6081053700916915,0.1732193285066055,-0.7931549280876836,70.15,1,1,0,1,1,1,0,1,0,1,0
-0.7630437438164701,0.20640285968190536,-0.9966836022806536,0.0,0,1,2,5,0,0,0,0,2,0,0
-0.5757662079746816,-1.5224591145512167,0.8350744654560759,0.0,2,0,0,1,2,0,0,0,0,1,0
-0.5145324213609946,0.6062644103442684,-0.7117434584104956,83.2,1,0,1,3,1,1,0,1,0,0,0
-0.127778859760825,-0.4705411762942116,0.26519417771576004,0.0,1,1,1,3,1,0,0,1,0,0,0
-0.5575342922899902,-0.9434064955422343,-0.22327464034736777,0.0,1,0,0,1,1,0,1,0,0,1,0
-0.9663811620664345,1.1720436168831305,-1.2816237461508113,100.25,0,0,1,5,0,1,0,1,0,0,0
-0.5991758999549053,-1.4544328756418519,0.5501343215859179,0.0,1,1,0,1,1,0,0,1,0,0,46
-0.4237458183486562,0.5166688761709587,-0.6303319887333076,80.5,1,0,1,3,1,1,1,1,0,1,0
-0.5725630073850728,-1.5108448786398618,0.7536629957788878,0.0,2,0,0,1,2,0,1,0,0,1,0
-0.66749621937985,0.6759498258123978,-0.9559778674420595,85.3,0,0,1,3,0,1,0,1,0,0,0
0.9465658421019562,1.1687252637656007,0.5094285867473239,100.15,1,0,1,5,1,1,0,1,0,0,0
2.191842980907494,1.3296653899658049,1.4863662228735797,105.0,2,1,2,6,2,1,1,1,0,1,69
-0.45220164824401704,-1.4992306427285067,0.9978974048104517,0.0,2,0,0,1,2,0,0,0,0,1,57
-0.5577975690507799,-0.5136797668221014,-0.4268033145403377,0.0,1,0,1,3,1,0,0,1,0,0,0
-0.9750254157123651,0.5183280527297236,-1.2816237461508113,80.55,0,1,0,2,0,1,1,1,0,0,0
-0.7802225524580025,-0.4406759982364418,-0.9152721326034655,0.0,0,0,1,2,0,0,1,1,1,0,0
-0.740752978069603,-1.4892755833759168,-0.019745966154397852,0.0,1,0,0,1,1,0,1,1,0,0,32
-0.4540007061094138,0.4984179340245439,-0.6710377235719016,79.95,1,0,1,3,1,1,0,1,0,1,0
1.418708833118274,0.9978300782128064,0.9978974048104517,95.0,2,1,1,4,2,1,0,1,0,1,0
-0.8384944755128045,-1.5025489958460367,-0.5896262538947137,0.0,1,0,0,1,1,0,0,0,0,0,0
0.18692462830321127,0.052099439716760905,0.346605647392948,0.0,1,0,2,4,1,0,0,1,1,1,0
-0.5199954141473824,0.38227557491099445,-0.7524491932490895,76.45,1,1,1,2,1,1,1,0,0,0,0
-0.6198870051370335,0.9895341954189815,-0.9559778674420595,94.75,0,1,0,4,0,1,0,1,0,0,0
-0.4363831028665652,1.1902945590295455,-0.7931549280876836,100.8,1,1,1,5,1,1,0,1,1,0,0
-0.9774168462895391,0.3374778078243394,-1.2816237461508113,75.1,0,1,0,2,0,1,1,1,0,0,0
1.9534019945522274,1.1737027934418955,1.4456604880349857,100.3,2,1,2,5,2,1,1,1,1,1,0
-0.5596185666462425,-1.4842980536996218,0.631545791263106,0.0,1,0,0,1,1,0,0,0,0,1,48
-0.4117228462725902,1.3927140991988747,-0.7931549280876836,106.9,1,1,2,6,1,1,1,1,0,0,0
-0.9606329527891913,-0.32619281568165726,-1.2409180113122174,0.0,0,0,2,3,0,0,1,1,1,0,0
-0.008624185773389168,0.3258635719129846,-0.019745966154397852,0.0,1,0,1,5,1,0,0,0,1,0,0
0.369704519481508,-0.14700174733503815,0.7536629957788878,0.0,2,0,3,4,2,0,0,1,2,1,0
-0.9798521563268443,0.15330920980142534,-1.2816237461508113,69.55,0,0,0,1,0,1,0,0,0,0,0
-0.7789061686540537,-1.4942531130522119,-0.30468611002455576,0.0,1,0,0,1,1,0,0,0,0,0,0
-0.8982363604820162,-1.5307549973450416,-0.7524491932490895,0.0,1,0,0,1,1,0,0,0,0,1,14
-0.045504872014022424,0.17653768162413533,-0.10115743583158582,0.0,1,0,3,5,1,0,0,0,1,1,0
2.7940227520238916,1.7444595296570529,1.6084834273893616,117.5,2,0,4,8,2,1,0,0,2,1,72
1.1409518504850684,0.6859048851649877,0.9571916699718578,85.6,2,0,0,3,2,1,0,1,0,1,0
2.1113241715659568,1.095721495179941,1.6084834273893616,97.95,2,0,3,6,2,1,1,1,1,1,72
-0.5231547352768596,-1.5108448786398618,0.8350744654560759,0.0,2,0,0,1,2,0,1,1,0,1,53
-0.9412382314110116,-0.29964599074141746,-1.2002122764736234,0.0,0,0,2,3,0,0,1,0,1,0,0
0.31375820781368224,0.34245533750063456,0.26519417771576004,75.25,1,1,0,2,1,1,1,0,0,0,0
0.7944357538256018,1.2068863246171952,0.30589991255435406,101.3,1,1,1,5,1,1,1,1,0,1,0
-0.4882486247421494,-1.4925939364934466,1.1200146093262338,0.0,2,0,0,1,2,0,1,0,0,0,60
1.3284926630876466,0.5216464058472539,1.4456604880349857,0.0,2,1,2,6,2,0,0,1,0,0,68
0.7519604364181858,0.473530285643069,0.7943687306174818,0.0,2,1,3,6,2,0,1,0,1,1,52
-0.5946563155613475,-0.8056948411647401,-0.38609757970174374,0.0,1,0,3,3,1,0,1,0,2,0,0
1.0728728680908473,0.5349198183173736,1.1607203441648277,0.0,2,0,3,6,2,0,1,1,2,1,61
-0.4079492127012701,-1.5158224083161567,1.4049547531963917,0.0,2,0,0,1,2,0,0,1,0,1,67
1.4448171118965927,0.695859944517578,1.3642490183577978,0.0,2,0,4,7,2,0,1,1,2,1,66
-0.9208781619099363,-1.3449272227633626,-0.9966836022806536,0.0,0,0,0,2,0,0,1,0,0,1,0
-0.07271013729563182,-0.18184445506910288,0.1023712383613841,0.0,1,0,2,4,1,0,0,1,1,1,0
0.01884435626901015,-0.8737210800741047,1.2014260790034217,0.0,2,0,3,3,2,0,1,1,2,1,62
-0.9737748510986138,0.6129011165793284,-1.2816237461508113,83.4,0,0,3,4,0,1,0,1,2,0,0
-1.0013969712514739,-1.4760021709057967,-1.2816237461508113,0.0,0,0,0,1,0,0,1,1,0,0,0
-0.6714453707916965,-1.5141632317573919,0.346605647392948,0.0,1,0,0,1,1,0,0,0,0,1,41
2.030212989512642,1.1089949076500607,1.6084834273893616,98.35,2,0,1,5,2,1,1,0,0,1,72
-0.8117280048325114,0.9148712502745568,-1.1188008067964355,92.5,0,1,1,4,0,1,1,1,0,0,0
2.5439756484638094,1.6482272892486831,1.5677776925507676,114.6,2,0,4,8,2,1,0,0,2,1,71
-0.9780530984614475,0.28936168762015496,-1.2816237461508113,73.65,0,1,0,2,0,1,1,1,0,0,0
-0.9911291775806728,-0.6995075414037805,-1.2816237461508113,0.0,0,0,0,1,0,0,1,1,0,0,0
-0.2913176076714028,-1.2918335728828827,1.2014260790034217,0.0,2,0,0,2,2,0,0,0,0,0,62
-0.5532341051970906,-1.447796169406792,0.590840056424512,0.0,1,0,0,1,1,0,0,1,0,1,47
-0.34726391933922857,0.9795791360663916,-0.6710377235719016,94.45,1,1,1,4,1,1,0,1,1,0,0
1.7908505344946113,1.2019087949409006,1.1607203441648277,101.15,2,0,1,5,2,1,0,0,1,1,0
-0.797028385688416,-1.5141632317573919,-0.38609757970174374,0.0,1,0,0,1,1,0,1,0,0,1,0
-0.5296050159162089,0.8120023036311275,-0.8338606629262776,89.4,0,1,2,4,0,1,0,1,1,0,0
-0.043113441436848775,0.5282831120823135,-0.22327464034736777,0.0,1,0,2,6,1,0,1,0,2,1,0
-0.6528624194259521,-1.4826388771408567,0.22448844287716607,0.0,1,0,0,1,1,0,0,1,0,1,0
-0.7474007162795447,-1.4909347599346818,-0.1418631706701798,0.0,1,0,0,1,1,0,0,0,0,0,0
-0.2578595193210364,-1.3067661619117676,1.2828375486806096,0.0,2,0,0,2,2,0,0,0,0,1,64
-0.5624707315547983,-1.469365464670737,0.7536629957788878,0.0,2,0,0,1,2,0,0,0,0,0,51
0.32514492771783965,-0.1669118660402181,0.7536629957788878,0.0,2,0,2,4,2,0,1,0,2,0,0
-0.44373291243861285,-0.5286123558509863,-0.22327464034736777,0.0,1,0,0,2,1,0,1,0,0,0,0
-0.8707897581696828,-0.0325185647802536,-1.1188008067964355,0.0,0,0,2,4,0,0,1,1,1,0,0
1.9923669551491128,1.0011484313303363,1.6084834273893616,95.1,2,1,2,5,2,1,0,1,1,1,72
0.7232413297620351,0.45527934349665417,0.7536629957788878,0.0,2,0,2,6,2,0,0,1,1,1,0
-0.5149273365021794,0.8252757161012472,-0.7524491932490895,89.8,1,0,0,3,1,1,0,1,0,0,0
-0.4604948662088947,-0.32619281568165726,-0.4268033145403377,0.0,1,0,2,3,1,0,1,0,2,0,0
0.8384249126075589,1.250024915145085,0.346605647392948,102.6,1,1,2,6,1,1,1,1,1,1,0
-0.6398302197668586,-1.466047111553207,0.387311382231542,0.0,1,0,0,1,1,0,0,1,0,0,42
-0.8926197895851679,0.1732193285066055,-1.1595065416350294,70.15,0,1,0,1,0,1,0,1,0,0,0
1.8696141654308833,0.8435266582476619,1.6084834273893616,90.35,2,0,3,5,2,1,0,1,2,1,72
-0.9728533824358496,-1.4892755833759168,-1.1595065416350294,0.0,0,0,0,1,0,0,0,1,0,0,0
-0.45777433968073383,-0.16359351292268806,-0.5082147842175256,0.0,1,1,1,3,1,0,0,1,0,1,0
-0.37771626467057845,0.010620025747636104,-0.4268033145403377,0.0,1,0,2,4,1,0,0,0,0,0,0
0.6473956829245161,1.313073624378155,0.18378270803857208,104.5,1,0,2,6,1,1,1,1,1,0,0
-0.9886280483531699,-0.5103614137045716,-1.2816237461508113,0.0,0,0,1,2,0,0,0,0,1,0,0
-0.20175962954274998,1.1156316138851208,-0.5082147842175256,98.55,1,1,1,5,1,1,1,1,0,0,0
-0.22152732633204839,0.32088604223668943,-0.30468611002455576,74.6,1,1,1,2,1,1,0,1,0,1,0
-0.8655461626839532,0.44864263726159415,-1.1595065416350294,78.45,0,1,1,3,0,1,1,0,0,0,0
-0.19083364396997454,-1.3067661619117676,1.6084834273893616,0.0,2,0,0,2,2,0,1,0,0,1,72
-0.7290371622144584,-1.5108448786398618,-0.019745966154397852,0.0,1,0,0,1,1,0,0,0,0,1,0
-0.47387810154904125,-1.5075265255223318,1.0793088744876398,0.0,2,0,0,1,2,0,0,0,0,1,59
-0.739348835345391,-1.5158224083161567,0.1023712383613841,0.0,1,0,0,1,1,0,0,0,0,0,0
0.4900878183526295,-0.06902044907308347,0.8350744654560759,0.0,2,0,3,4,2,0,1,0,2,0,0
1.4260367029602559,0.4685527559667738,1.5677776925507676,79.05,2,0,1,3,2,1,1,1,0,0,0
-0.5253267685533751,1.0924031420624107,-0.8745663977648716,97.85,0,0,1,5,0,1,0,1,0,0,0
-0.5406407001393134,-1.4959122896109767,0.7943687306174818,0.0,2,0,0,1,2,0,0,0,0,1,52
-0.36810666290175187,-0.986545086070124,0.428017117070136,0.0,1,0,2,2,1,0,1,1,1,0,0
-0.7845007998208362,-1.3051069853530026,-0.38609757970174374,0.0,1,0,0,2,1,0,0,1,0,1,23
-0.7622977929942325,-0.4771778825292717,-0.8745663977648716,0.0,0,1,1,3,0,0,0,0,1,1,0
0.2970181937734661,1.352893861788515,-0.1825689055087738,105.7,1,1,2,6,1,1,1,1,0,0,0
1.7589501669789178,1.152133498177951,1.2421318138420157,99.65,2,0,1,5,2,1,0,1,1,1,0
-0.664446596900702,-0.1669118660402181,-0.7931549280876836,0.0,1,1,1,3,1,0,1,1,0,0,0
-0.30062005321930796,0.9779199595076267,-0.6303319887333076,94.4,1,1,2,5,1,1,0,1,1,0,0
-0.9029314627161004,0.7008374741938728,-1.2002122764736234,86.05,0,0,1,3,0,1,1,1,1,0,0
-0.9265386122669161,-0.6397771852882409,-1.1595065416350294,0.0,0,0,0,1,0,0,0,0,0,0,0
0.7524650502096993,0.7389985350454678,0.590840056424512,87.2,1,1,1,4,1,1,1,0,0,1,0
0.8039137172140333,-0.19345869098045787,1.4863662228735797,0.0,2,0,3,4,2,0,0,0,1,1,0
-0.9022074516239285,0.4702119325255387,-1.2002122764736234,79.1,0,1,2,3,0,1,0,1,1,0,0
-0.8784247842325861,-1.3250171040581826,-0.8745663977648716,0.0,0,0,0,2,0,0,0,0,0,1,11
-0.684367871800461,0.9795791360663916,-0.9966836022806536,94.45,0,0,1,4,0,1,0,1,0,0,0
-0.975749426804537,-1.5241182911099815,-1.1595065416350294,0.0,0,0,0,1,0,0,1,0,0,0,0
0.25300709526144305,-0.37596811244460704,0.8350744654560759,0.0,2,1,4,5,2,0,0,1,2,0,0
-0.827107755608647,-1.4909347599346818,-0.5082147842175256,0.0,1,1,0,1,1,0,0,0,0,1,0
-0.9161391802157204,-0.6480730680820658,-1.1188008067964355,0.0,0,0,2,3,0,0,1,0,1,0,0
-0.8932560417570763,0.16990097538907525,-1.1595065416350294,70.05,0,0,0,1,0,1,0,1,0,0,0
0.6775628117650103,0.0056424960713409395,1.2014260790034217,0.0,2,0,2,4,2,0,0,1,2,0,62
0.7407492343545548,0.8037064208373025,0.46872285190873,89.15,1,0,2,4,1,1,0,0,0,0,0
-0.9848544147818499,-1.497571466169742,-1.2002122764736234,0.0,0,0,0,1,0,0,1,1,0,0,0
1.6164954996615875,0.6394479415195682,1.6084834273893616,0.0,2,0,3,7,2,0,0,1,2,1,72
-0.8970077355983306,-1.5008898192872717,-0.8338606629262776,0.0,0,0,0,1,0,0,1,0,0,1,12
-0.9295662950159985,1.067515493680936,-1.2409180113122174,97.1,0,1,1,4,0,1,1,0,1,1,0
-0.6351570572628402,-1.5158224083161567,0.631545791263106,0.0,1,0,0,1,1,0,1,0,0,1,48
-0.9073194087292632,-0.28305422515376755,-1.1595065416350294,0.0,0,1,0,2,0,0,1,1,0,0,0
0.2606421213243464,0.6776090023711627,0.06166550352279012,85.35,1,1,0,3,1,1,0,0,0,0,0
1.05110865586556,0.3109309828840996,1.2014260790034217,0.0,2,0,2,5,2,0,1,1,1,0,0
-0.9748937773319704,0.5282831120823135,-1.2816237461508113,80.85,0,0,0,2,0,1,1,1,0,0,0
0.8132381024920042,0.41379992952752936,0.8350744654560759,0.0,2,0,3,6,2,0,1,0,2,1,0
-0.15959146835625534,0.8236165395424823,-0.4268033145403377,89.75,1,0,0,3,1,1,1,1,0,1,0
1.2999710140020884,0.2677923923562099,1.6084834273893616,0.0,2,0,4,6,2,0,0,1,2,0,72
-0.881737683472524,1.0111034906829266,-1.2002122764736234,95.4,0,1,1,4,0,1,0,0,0,0,0
-1.0016602480122636,-1.4959122896109767,-1.2816237461508113,0.0,0,0,0,1,0,0,1,0,0,1,0
2.078326817546973,1.296481858790505,1.4049547531963917,104.0,2,1,2,6,2,1,0,1,1,0,67
-0.8993552867153727,-0.017585975751368575,-1.1595065416350294,0.0,0,0,1,4,0,0,0,1,1,0,0
-0.7883841320424853,-1.4892755833759168,-0.2639803751859618,0.0,1,0,0,1,1,0,1,1,0,1,0
-0.9377717540606131,0.6991782976351079,-1.2409180113122174,86.0,0,1,0,3,0,1,1,1,0,0,0
-0.9936303068081755,-1.4925939364934466,-1.2409180113122174,0.0,0,0,0,1,0,0,0,0,0,0,0
0.29021687745306374,1.3180511540544502,-0.22327464034736777,104.65,1,0,2,6,1,1,1,1,1,0,0
0.4918429967578946,-0.34278458126930716,1.2828375486806096,0.0,2,1,2,4,2,0,0,1,1,1,64
-0.7164437571566812,-0.8587884910452199,-0.5896262538947137,0.0,1,1,1,2,1,0,0,1,0,1,0
1.3123450217592074,0.49012205123071895,1.4049547531963917,0.0,2,1,2,6,2,0,1,1,1,1,67
0.756041226210427,0.3507512202944595,0.7129572609402939,0.0,2,1,2,5,2,0,1,0,2,1,0
0.8039795364042309,1.319710330613215,0.26519417771576004,104.7,1,0,3,6,1,1,0,1,2,1,0
-0.8477311018705123,0.7804779490145926,-1.1595065416350294,88.45,0,1,0,3,0,1,1,1,0,0,0
-0.5129308210661903,1.29814103534927,-0.8745663977648716,104.05,0,0,2,6,0,1,0,1,1,1,0
-0.9390442584044302,0.5498524073462585,-1.2409180113122174,81.5,0,0,0,2,0,1,0,0,0,0,0
-0.85225068626407,-1.5141632317573919,-0.6710377235719016,0.0,1,0,0,1,1,0,0,1,0,0,0
0.42207465514860604,0.6411071180783331,0.22448844287716607,84.25,1,0,3,4,1,1,0,1,1,0,0
2.026834271082507,0.9795791360663916,1.6084834273893616,94.45,2,0,2,5,2,1,0,1,1,1,72
-0.6988042141837667,-0.8372191957812748,-0.5489205190561197,0.0,1,1,1,2,1,0,0,1,0,0,0
-1.0015724890920001,-1.4892755833759168,-1.2816237461508113,0.0,0,0,0,1,0,0,1,0,0,0,0
0.3447371066666116,0.27276992203250505,0.387311382231542,0.0,1,1,2,5,1,0,1,0,1,1,0
-0.8596663150263151,-0.6762790695810708,-0.9966836022806536,0.0,0,0,2,3,0,0,1,1,2,0,8
-0.5189642468342891,-1.497571466169742,0.9571916699718578,0.0,2,0,0,1,2,0,0,1,0,1,56
0.9586326936381538,0.21469874247573031,1.2014260790034217,0.0,2,0,3,5,2,0,1,0,2,1,0
-0.9579343659910962,-0.38094564212090193,-1.2409180113122174,0.0,0,1,2,3,0,0,1,0,1,0,0
0.12005233106261008,0.34079616094186965,0.1023712383613841,75.2,1,1,0,2,1,1,1,1,0,1,0
-0.7573394139993584,-1.497571466169742,-0.10115743583158582,0.0,1,0,0,1,1,0,1,0,0,1,0
1.268750778118435,0.841867481688897,1.0793088744876398,0.0,2,0,4,8,2,0,0,0,2,1,59
2.113364566462077,1.4308751600504692,1.3235432835192036,108.05,2,0,3,7,2,1,0,1,1,1,0
1.8039046738837703,1.1687252637656007,1.2014260790034217,100.15,2,1,1,5,2,1,0,1,0,0,0
0.15116286829593442,-0.10054480368961842,0.30589991255435406,0.0,1,0,3,4,1,0,1,1,2,0,0
0.04486487612706546,1.152133498177951,-0.3453918448631497,99.65,1,0,1,5,1,1,1,1,0,0,0
-0.400182548257972,0.7705228896620027,-0.7117434584104956,88.15,1,1,0,3,1,1,0,0,0,1,0
-0.07554036247412195,-0.13040998174738822,0.1023712383613841,0.0,1,0,3,4,1,0,1,0,1,1,0
0.9299574664421348,0.6825865320474579,0.7536629957788878,0.0,2,0,4,7,2,0,0,0,2,1,51
-0.6680447126314953,-0.9599982611298843,-0.4675090493789317,0.0,1,0,2,2,1,0,1,1,1,0,0
1.6074563308744718,0.8335715988950722,1.3642490183577978,0.0,2,0,4,8,2,0,0,1,2,0,66
1.622331467859094,0.5664441729339085,1.5677776925507676,0.0,2,0,3,6,2,0,0,1,2,1,71
1.4520133433581794,1.1836578527944854,0.9978974048104517,100.6,2,1,1,5,2,1,0,1,0,1,0
-0.9703961326684786,-0.5203164730571613,-1.2409180113122174,0.0,0,1,1,2,0,0,1,1,1,0,0
-0.8097973085867198,0.5266239355235486,-1.0780950719578415,80.8,0,1,1,3,0,1,1,1,0,1,0
-0.5856829659644296,-1.5108448786398618,0.5501343215859179,0.0,1,0,0,1,1,0,0,0,0,1,46
-0.17619984401607663,0.3507512202944595,-0.30468611002455576,75.5,1,1,1,2,1,1,1,1,0,1,0
-0.995582942784033,-1.4892755833759168,-1.2409180113122174,0.0,0,0,0,1,0,0,1,0,0,0,0
0.02887081290908712,0.8020472442785371,-0.30468611002455576,89.1,1,1,1,4,1,1,0,1,0,1,0
-0.5831818367369268,-1.205556391827103,0.18378270803857208,0.0,1,0,1,1,1,0,0,0,1,0,0
0.4857437517995983,1.309755271260625,0.020959768684196134,104.4,1,1,2,6,1,1,0,1,0,1,0
-0.8855990759641074,-1.4992306427285067,-0.6710377235719016,0.0,1,0,0,1,1,0,1,0,0,0,16
-0.6472897279892353,1.0276952562705766,-0.9559778674420595,95.9,0,0,1,4,0,1,1,1,1,0,0
-0.9904929254087641,-0.6513914211995958,-1.2816237461508113,0.0,0,1,0,1,0,0,1,0,0,0,0
-0.9689042310240031,-1.477661347464562,-1.1595065416350294,0.0,0,0,0,1,0,0,0,0,0,0,0
0.4097225871215527,0.881687719099257,0.1023712383613841,91.5,1,0,1,4,1,1,1,1,1,1,0
-0.705386133203511,-1.497571466169742,0.18378270803857208,0.0,1,1,0,1,1,0,0,1,0,0,0
1.6836091339329124,1.512174811429954,0.9571916699718578,110.5,2,1,3,7,2,1,0,0,1,0,0
-0.8084151055925736,-1.5108448786398618,-0.22327464034736777,0.0,1,0,0,1,1,0,1,1,0,0,0
-0.6841265347697371,-1.477661347464562,0.22448844287716607,0.0,1,0,0,1,1,0,1,0,0,1,38
-0.7678485447008834,-0.9765900267175343,-0.6710377235719016,0.0,1,0,0,1,1,0,0,1,0,1,0
2.0548951858366826,1.3462571555534548,1.3235432835192036,105.5,2,1,2,6,2,1,0,1,0,1,0
-0.6712479132211043,-0.19345869098045787,-0.7524491932490895,0.0,1,0,1,3,1,0,0,0,1,0,0
-0.8007581397996044,0.8153206567486573,-1.1188008067964355,89.5,0,1,0,3,0,1,1,1,0,0,0
2.309264416219731,1.3728039804936945,1.6084834273893616,106.3,2,0,2,6,2,1,1,1,0,1,72
-0.9162269391359836,-0.4722003528529765,-1.1595065416350294,0.0,0,1,0,2,0,0,0,0,0,0,0
-0.5470471013185311,-0.3626946999744871,-0.5082147842175256,0.0,1,0,2,3,1,0,1,0,2,0,0
-0.5330934329966733,-1.4876164068171518,0.9978974048104517,0.0,2,0,0,1,2,0,0,1,0,1,57
1.6569523619029485,0.9828974891839214,1.3235432835192036,94.55,2,0,4,6,2,1,1,0,2,1,65
-0.86923203733501,0.6875640617237531,-1.1595065416350294,85.65,0,1,0,3,0,1,0,1,0,0,0
-0.7364966704368351,-1.4992306427285067,-0.019745966154397852,0.0,1,0,0,1,1,0,0,0,0,0,0
-0.6138316396388689,-1.5174815848749215,0.5094285867473239,0.0,1,1,0,1,1,0,1,0,0,1,45
-0.22084719470000816,0.6012868806679732,-0.4268033145403377,83.05,1,1,0,3,1,1,1,0,0,0,0
0.3061231817507789,0.7937513614847123,0.06166550352279012,88.85,1,0,1,4,1,1,1,0,0,1,0
0.8057566545395616,0.7307026522516428,0.590840056424512,0.0,1,0,4,7,1,0,1,1,2,0,0
-0.8398547387768851,-1.4892755833759168,-0.5896262538947137,0.0,1,0,0,1,1,0,1,0,0,0,18
-0.9754422705836158,0.4868036981131887,-1.2816237461508113,79.6,0,1,0,2,0,1,0,1,0,0,0
-0.8890436135844401,-0.6713015399047756,-1.0780950719578415,0.0,0,0,0,1,0,0,1,0,0,0,0
-0.45432980206040097,-0.998159321981479,0.14307697319997809,0.0,1,0,2,2,1,0,0,1,1,0,0
0.15730599271436235,0.2827249813850949,0.1023712383613841,0.0,1,0,1,5,1,0,1,1,1,1,0
-0.005004130312529855,0.7970697146022425,-0.30468611002455576,88.95,1,1,1,4,1,1,1,1,0,0,0
-0.8952744969231313,-0.45063105758903166,-1.1188008067964355,0.0,0,1,1,2,0,0,1,1,0,0,0
-0.9216241127321739,-0.5535000042324613,-1.1595065416350294,0.0,0,0,3,4,0,0,0,0,2,0,0
0.22398083238437128,-0.20009539721551794,0.590840056424512,0.0,1,0,3,4,1,0,0,1,2,0,0
-0.12361031104832035,-0.8305824895462149,0.7943687306174818,0.0,2,1,1,2,2,0,1,1,1,1,0
-0.9827701404255975,-1.462728758435677,-1.1595065416350294,0.0,0,0,0,1,0,0,0,0,0,1,0
0.5939724402142589,-0.395878231149787,1.4456604880349857,0.0,2,1,2,4,2,0,0,1,0,1,68
-0.8218860998529833,-1.4743429943470319,-0.4675090493789317,0.0,1,0,0,1,1,0,1,0,0,0,0
1.9390314713591192,1.309755271260625,1.2828375486806096,104.4,2,0,2,6,2,1,0,1,2,1,0
-0.9751570540927601,0.5083729933771337,-1.2816237461508113,80.25,0,1,0,2,0,1,0,1,0,0,0
-0.9688822912939372,0.04878108659923111,-1.2409180113122174,0.0,0,0,2,4,0,0,1,0,1,0,0
1.008501700077749,0.6693131195773377,0.9164859351332638,85.1,2,1,2,4,2,1,0,1,1,1,0
2.3287468965181737,1.3379612727596297,1.6084834273893616,105.25,2,0,2,6,2,1,1,0,1,1,72
-0.9996637325762744,-1.3449272227633626,-1.2816237461508113,0.0,0,0,0,0,0,0,0,0,0,0,0
-0.4994817665358463,1.1687252637656007,-0.8338606629262776,100.15,0,0,1,5,0,1,0,1,0,0,0
1.6399051916418108,1.2002496183821352,1.0793088744876398,101.1,2,1,1,5,2,1,0,0,0,1,0
1.8869904316430082,1.2765717400853254,1.2421318138420157,103.4,2,1,2,6,2,1,1,1,0,1,0
-0.898960371574188,-1.3449272227633626,-0.9152721326034655,0.0,0,0,0,2,0,0,1,1,0,1,0
-0.7594895075458082,-1.3349721634107725,-0.3453918448631497,0.0,1,0,0,2,1,0,0,0,0,1,24
1.9295754477007538,1.2998002119080347,1.3235432835192036,104.1,2,0,2,6,2,1,1,1,1,1,65
-0.4090681389346267,0.1317399145374807,-0.5082147842175256,0.0,1,0,2,5,1,0,0,1,1,0,0
0.2995412627310347,-0.14368339421750811,0.631545791263106,0.0,1,0,2,4,1,0,0,1,2,1,0
1.1753314074981989,0.5133505230534289,1.2014260790034217,0.0,2,0,3,6,2,0,1,1,1,0,0
-0.9635070574278128,-1.5075265255223318,-1.0780950719578415,0.0,0,0,0,1,0,0,0,0,0,0,0
-0.44375485216867866,-0.33614787503424737,-0.3453918448631497,0.0,1,0,1,3,1,0,1,0,0,0,0
-0.1312014576510921,-0.13538751142368316,0.06166550352279012,0.0,1,0,2,4,1,0,0,1,2,1,0
-0.33557004321414974,-1.0363203828330738,0.5501343215859179,0.0,1,0,2,2,1,0,1,0,1,0,0
-0.4692707582352203,-0.6464138915233006,-0.2639803751859618,0.0,1,1,0,1,1,0,1,0,0,0,0
-0.8195824281960729,-1.3299946337344775,-0.5489205190561197,0.0,1,0,0,0,1,0,0,1,0,1,0
-0.4652777273632422,-0.34278458126930716,-0.3453918448631497,0.0,1,0,1,3,1,0,1,0,1,0,0
1.5256869569191833,1.2068863246171952,0.9978974048104517,101.3,2,0,3,6,2,1,0,0,2,0,57
-0.37778208386077583,-1.5042081724048018,1.4456604880349857,0.0,2,0,0,1,2,0,0,0,0,0,68
-0.6850480034325013,0.30595345320780487,-0.8338606629262776,0.0,0,1,2,5,0,0,1,1,1,1,0
-0.6185267418729532,0.3872531045872891,-0.8338606629262776,76.6,0,1,0,2,0,1,0,1,0,0,0
-0.11674317553772062,-0.46722282317668157,0.30589991255435406,0.0,1,1,1,3,1,0,0,1,0,1,0
-0.14337800783761886,0.7257251225753476,-0.38609757970174374,86.8,1,1,0,3,1,1,1,0,0,1,0
-0.8870690378785169,0.1815152113004305,-1.1595065416350294,70.4,0,1,0,1,0,1,0,0,0,0,0
0.4954630522187539,-0.4771778825292717,1.4049547531963917,0.0,2,0,1,2,2,0,0,0,0,1,0
-0.038242821362238104,-0.09224892089579345,0.1023712383613841,0.0,1,0,1,3,1,0,0,1,1,1,0
-0.6344769256307999,0.7207475928990529,-0.9152721326034655,86.65,0,1,0,3,0,1,1,1,0,1,0
-0.9631560217467598,-1.477661347464562,-1.0780950719578415,0.0,0,0,0,1,0,0,1,1,0,1,6
-0.635069298342577,0.6742906492536329,-0.9152721326034655,85.25,0,1,0,3,0,1,1,1,0,1,0
-0.29074717468969163,1.0193993734767515,-0.6303319887333076,95.65,1,0,2,5,1,1,1,1,1,0,0
1.6527838131904438,0.9497139580086216,1.3235432835192036,93.55,2,1,2,5,2,1,1,0,2,0,0
-0.9395049927358123,0.8153206567486573,-1.2409180113122174,89.5,0,1,1,4,0,1,0,0,0,0,0
1.0599723068121487,1.0376503156231662,0.6722515261016999,96.2,2,1,0,4,2,1,1,1,0,0,0
1.482377929769266,1.4109650413452897,0.7536629957788878,107.45,2,0,3,7,2,1,0,0,1,0,0
2.518262284826675,1.5702459909867288,1.6084834273893616,112.25,2,0,3,7,2,1,1,1,1,1,72
0.28800096471641645,0.13008073797871536,0.46872285190873,68.85,1,0,0,1,1,1,1,0,0,0,0
0.20190946393816228,0.052099439716760905,0.387311382231542,0.0,1,0,2,4,1,0,0,0,1,0,42
-0.9900102513473162,-1.3416088696458326,-1.2409180113122174,0.0,0,1,0,0,0,0,0,0,0,0,0
0.1317681469177549,0.9098937205982617,-0.1825689055087738,92.35,1,0,1,4,1,1,0,1,1,1,0
-0.13576492150478134,-0.12211409895356326,0.06166550352279012,0.0,1,0,3,5,1,0,0,0,2,1,0
0.0795954688212491,0.4768486387605988,-0.06045170099299184,0.0,1,0,2,6,1,0,1,1,1,1,0
-1.001813826122724,-1.5075265255223318,-1.2816237461508113,0.0,0,0,0,1,0,0,0,0,0,0,0
-0.32848351040289175,0.14335415044883548,-0.4268033145403377,69.25,1,1,0,1,1,1,0,1,0,1,0
-0.9390881378645619,0.38393475146975936,-1.2409180113122174,76.5,0,1,0,2,0,1,1,1,0,0,0
2.483400053752097,1.5154931645474838,1.6084834273893616,110.6,2,0,3,7,2,1,1,1,1,1,72
-0.8282486215720695,-0.46058611694162177,-0.9966836022806536,0.0,0,1,1,2,0,0,1,1,0,1,0
0.9764916339117264,-0.015926799192603674,1.6084834273893616,0.0,2,0,4,6,2,0,0,0,2,1,72
-0.6387990524537653,-0.48547376532309666,-0.6303319887333076,0.0,1,0,1,2,1,0,1,1,1,0,0
2.1069142858227283,1.064197140563406,1.6084834273893616,97.0,2,0,4,6,2,1,0,1,2,1,72
0.38378982618376056,-0.5817060057314661,1.3642490183577978,0.0,2,0,4,4,2,0,0,1,2,0,66
0.14631418795138965,0.3457736906181643,0.1023712383613841,75.35,1,0,0,2,1,1,1,0,0,0,0
-0.9027998243357055,-0.2714399892424126,-1.1595065416350294,0.0,0,1,2,3,0,0,1,0,1,0,0
-0.40492152995218783,-1.5008898192872717,1.6084834273893616,0.0,2,0,0,1,2,0,0,0,0,1,72
1.3850971666574468,0.6610172367835129,1.3235432835192036,0.0,2,0,4,7,2,0,0,1,2,0,65
-0.390507127298948,-1.4842980536996218,1.4863662228735797,0.0,2,0,0,1,2,0,0,0,0,1,69
0.9142705594450777,0.2014253300056102,1.3235432835192036,0.0,2,0,3,5,2,0,0,0,1,1,65
0.3317487864676497,0.5100321699358986,0.22448844287716607,0.0,1,0,3,6,1,0,0,0,2,1,0
-0.0239381173593272,0.9314630158622067,-0.3453918448631497,93.0,1,1,0,4,1,1,1,1,0,1,0
-0.7687700133636476,1.3396204493183947,-1.1188008067964355,105.3,0,1,2,6,0,1,1,0,0,0,0
-0.42319732509701086,-0.3378070515930122,-0.3453918448631497,0.0,1,1,1,3,1,0,1,0,1,1,0
-0.9992907571651556,-1.3167212212643575,-1.2816237461508113,0.0,0,1,0,0,0,0,0,0,0,0,0
1.8514041894762578,1.4209201006978793,1.1607203441648277,107.75,2,1,3,7,2,1,1,1,1,0,0
1.592449555509455,0.697519121076343,1.5270719577121736,0.0,2,0,3,7,2,0,1,1,1,1,70
-0.999356576355353,-1.3216987509406526,-1.2816237461508113,0.0,0,0,0,0,0,0,0,1,0,0,0
-0.8593372190753279,-0.6364588321707109,-1.0373893371192475,0.0,0,0,0,1,0,0,1,1,0,0,0
-1.001616368552132,-1.4925939364934466,-1.2816237461508113,0.0,0,0,0,1,0,0,1,0,0,1,0
0.5434452418726892,0.5432157011111984,0.5094285867473239,0.0,1,0,4,7,1,0,0,0,2,1,0
-0.7341271795897273,-0.13206915830615312,-0.9152721326034655,0.0,0,0,1,3,0,0,0,1,1,0,0
-0.14383874216900094,0.19312944721178524,-0.1418631706701798,70.75,1,1,0,1,1,1,1,1,0,1,0
0.655052648717485,-0.0009942101637186523,1.0386031396490458,0.0,2,0,4,5,2,0,0,1,2,0,58
-0.4561507996558636,-1.4892755833759168,1.4049547531963917,0.0,2,0,0,1,2,0,0,1,0,1,67
-0.49959146518617537,0.6991782976351079,-0.7524491932490895,86.0,1,0,2,4,1,1,0,1,2,0,0
-0.5184596330427754,-1.3084253384705327,0.5094285867473239,0.0,1,0,0,2,1,0,0,0,0,1,45
0.797200159813894,-0.13206915830615312,1.4049547531963917,0.0,2,0,3,4,2,0,1,1,2,1,0
0.2670924019636958,1.127245849796476,-0.06045170099299184,98.9,1,1,2,5,1,1,0,1,1,1,0
-0.9306413417892235,0.9646465470375066,-1.2409180113122174,94.0,0,1,0,4,0,1,1,1,0,0,0
-0.6955351944039604,-1.4959122896109767,0.18378270803857208,0.0,1,0,0,1,1,0,0,1,0,1,0
1.0983229549671916,0.3076126297665698,1.3235432835192036,0.0,2,0,3,6,2,0,1,1,1,0,65
-0.9239716638492159,1.0028076078891015,-1.2409180113122174,95.15,0,1,0,4,0,1,0,1,0,0,0
-0.9708568669998605,-1.1707136840930383,-1.2002122764736234,0.0,0,0,1,1,0,0,0,0,0,0,0
1.502803818460539,0.5282831120823135,1.6084834273893616,0.0,2,0,4,7,2,0,1,1,2,1,72
-0.6944162681706039,-1.462728758435677,0.14307697319997809,0.0,1,0,0,1,1,0,1,0,0,1,0
1.648264228796886,0.712451710105228,1.6084834273893616,0.0,2,0,3,7,2,0,0,1,2,1,72
-0.6885802999730973,-0.8388783723400399,-0.5489205190561197,0.0,1,1,1,2,1,0,1,1,0,0,0
0.15473904429666213,1.3611897445823398,-0.30468611002455576,105.95,1,0,2,6,1,1,1,0,0,0,0
-0.960896229549981,-1.4677062881119718,-1.0780950719578415,0.0,0,0,0,1,0,0,0,0,0,0,0
-1.0017480069325266,-1.5025489958460367,-1.2816237461508113,0.0,0,0,0,1,0,0,1,0,0,0,0
0.8303072124832077,0.23792721429843983,1.0793088744876398,0.0,2,0,2,5,2,0,0,1,1,1,59
-0.9203954878484882,0.48016699187812906,-1.2002122764736234,79.4,0,1,1,3,0,1,0,1,0,0,0
-0.6692952772452468,0.35904710308828447,-0.9152721326034655,75.75,0,0,0,2,0,1,0,1,0,0,0
-0.4833121854773413,0.8485041879239571,-0.7931549280876836,90.5,1,1,0,3,1,1,1,1,0,0,0
-0.4598147345768545,-0.1967770440979879,-0.4268033145403377,0.0,1,1,2,4,1,0,1,0,1,0,0
2.445137164517317,1.4607403381082393,1.6084834273893616,108.95,2,0,3,7,2,1,1,1,2,1,72
0.8046596680362709,-0.08063468498443846,1.3642490183577978,0.0,2,0,4,6,2,0,0,1,2,0,66
-0.7918067299327524,0.9795791360663916,-1.1188008067964355,94.45,0,1,1,4,0,1,1,1,0,1,0
2.6268858883825206,1.6299763471022684,1.6084834273893616,114.05,2,0,4,8,2,1,1,1,2,1,72
-0.8610704577505272,-0.5385674152035762,-1.0373893371192475,0.0,0,1,1,2,0,0,1,0,0,1,0
2.056672303972014,1.2599799744976754,1.4049547531963917,102.9,2,0,2,6,2,1,1,0,1,1,67
-0.979786337136647,0.1582867394777205,-1.2816237461508113,69.7,0,0,0,1,0,1,0,0,0,0,0
-0.016500548867016324,-0.5269531792922214,0.46872285190873,0.0,1,1,1,3,1,0,0,1,0,0,0
-0.3864482772367724,-1.5008898192872717,1.6084834273893616,0.0,2,0,0,1,2,0,1,0,0,1,72
1.432596682249934,1.0077851375653963,0.9978974048104517,95.3,2,0,3,5,2,1,0,1,1,1,0
-0.9136380509882177,-0.6679831867872458,-1.1188008067964355,0.0,0,0,0,1,0,0,0,0,0,1,0
-0.9702644942880836,-1.4859572302583868,-1.1595065416350294,0.0,0,1,0,1,0,0,0,0,0,1,0
1.948970169078933,1.3313245665245697,1.3235432835192036,105.05,2,0,2,6,2,1,0,1,1,0,0
-0.2302373991681765,1.0276952562705766,-0.5489205190561197,95.9,1,0,1,4,1,1,1,1,0,0,0
-0.8639665021192147,-0.6696423633460107,-1.0373893371192475,0.0,0,1,0,1,0,0,1,0,0,1,0
-0.6084344660426787,-1.4959122896109767,0.631545791263106,0.0,1,0,0,1,1,0,1,0,0,0,48
-0.3780234208914999,0.27442909859126996,-0.5489205190561197,73.2,1,1,1,2,1,1,0,1,1,1,0
-0.9883647715923801,-0.49045129499939155,-1.2816237461508113,0.0,0,0,1,2,0,0,1,1,0,0,0
-0.610869776079984,-0.49211047155815646,-0.5489205190561197,0.0,1,0,0,2,1,0,1,0,0,1,0
1.2003426997732267,1.1305642029140057,0.7536629957788878,99.0,2,1,2,5,2,1,1,1,0,0,0
-0.548582882423138,0.8236165395424823,-0.8338606629262776,89.75,0,0,1,4,0,1,0,1,0,0,0
-0.658303472482274,-1.4859572302583868,0.346605647392948,0.0,1,0,0,1,1,0,1,0,0,0,41
1.1275247356847902,0.9463956048910918,0.8350744654560759,93.45,2,1,1,4,2,1,0,1,1,1,0
-0.9906684432492906,-0.6646648336697157,-1.2816237461508113,0.0,0,0,0,1,0,0,0,1,0,0,0
-0.5657178116045388,0.3374778078243394,-0.7524491932490895,75.1,1,1,0,2,1,1,1,1,0,1,0
1.7568878323527313,0.7837963021321224,1.5270719577121736,0.0,2,0,4,8,2,0,1,1,2,1,70
0.12509846897774732,0.48182616843689396,-0.06045170099299184,0.0,1,0,2,6,1,0,1,1,1,0,0
2.5157611555991726,1.734504470304463,1.4456604880349857,117.2,2,0,4,8,2,1,1,1,2,0,0
0.8566348885621846,0.6494030008721581,0.6722515261016999,84.5,2,1,0,3,2,1,1,0,0,1,0
-0.603563845968068,-1.4925939364934466,0.5501343215859179,0.0,1,0,0,1,1,0,0,1,0,1,46
-0.2457926677848387,0.473530285643069,-0.4675090493789317,79.2,1,1,2,3,1,1,0,0,1,1,0
1.4829703024810432,0.44864263726159415,1.6084834273893616,0.0,2,0,4,7,2,0,0,0,2,1,72
0.8326767033303155,0.9613281939199768,0.5094285867473239,93.9,1,0,0,4,1,1,1,1,0,0,0
2.192676690649995,1.3396204493183947,1.4456604880349857,105.3,2,1,2,6,2,1,1,1,0,1,0
1.0781822827667744,0.012279202306401001,1.5270719577121736,0.0,2,0,3,5,2,0,0,0,2,1,70
-0.0043239986804895405,1.1620885575305409,-0.38609757970174374,99.95,1,0,2,5,1,1,1,1,1,0,0
-0.8605439042289477,0.7356801819279375,-1.1595065416350294,87.1,0,0,2,4,0,1,0,1,1,0,0
-0.9795669398359889,0.17487850506537042,-1.2816237461508113,70.2,0,1,0,1,0,1,0,1,0,0,0
0.4438608071039594,1.0061259610066313,0.18378270803857208,95.25,1,1,0,4,1,1,0,1,0,1,0
0.5453101189282834,1.2267964433223755,0.18378270803857208,101.9,1,0,2,6,1,1,0,1,0,0,0
1.7813945108362457,0.7837963021321224,1.6084834273893616,0.0,2,0,4,8,2,0,1,0,2,0,72
0.06039820501366183,-0.3626946999744871,0.46872285190873,0.0,1,1,2,4,1,0,1,1,1,0,0
-0.16351868003803607,-0.014267622633838777,-0.10115743583158582,0.0,1,0,2,4,1,0,1,0,0,0,0
1.4634878221826004,1.336302096200865,0.8757802002946699,105.2,2,1,2,6,2,1,1,1,1,1,0
-0.9059591454651827,0.17487850506537042,-1.1595065416350294,70.2,0,1,0,1,0,1,1,1,0,0,0
-0.8414343993416237,0.505054640259604,-1.1188008067964355,80.15,0,1,1,3,0,1,1,1,0,1,0
-0.7100592957075292,-1.4842980536996218,0.1023712383613841,0.0,1,0,0,1,1,0,1,1,0,0,35
0.3804111077536253,-0.11879574583603324,0.7943687306174818,0.0,2,0,2,4,2,0,1,0,1,1,0
2.335087478507194,1.4922646927247742,1.6084834273893616,109.9,2,1,4,7,2,1,0,1,2,0,72
1.3616655349471576,1.4839688099309494,0.7129572609402939,109.65,2,0,3,7,2,1,0,1,2,1,0
-0.8806845764293649,-1.5125040551986266,-0.6710377235719016,0.0,1,0,0,1,1,0,0,0,0,0,0
0.5140240638544327,1.0127626672416914,0.1023712383613841,95.45,1,1,0,4,1,1,1,1,0,0,0
1.6978699584756916,0.712451710105228,1.5677776925507676,86.4,2,0,2,4,2,1,1,1,1,0,71
1.8189992081690511,1.5005605755185993,1.0793088744876398,110.15,2,1,3,7,2,1,1,1,1,1,0
2.2144847823354143,1.31141444781939,1.5270719577121736,104.45,2,0,2,6,2,1,0,1,1,1,70
-0.977767881970592,0.3109309828840996,-1.2816237461508113,74.3,0,0,1,2,0,1,1,1,1,0,0
0.23517009471793643,-0.4406759982364418,0.9164859351332638,0.0,2,0,0,2,2,0,0,0,0,1,0
2.378835300258427,1.6349538767785634,1.5270719577121736,114.2,2,0,4,8,2,1,0,1,2,1,70
-0.7959533389151912,0.14003579733130567,-1.0373893371192475,69.15,0,0,0,1,0,1,1,0,0,0,0
1.266863961332775,1.1853170293532507,0.7129572609402939,100.65,2,1,1,5,2,1,0,1,1,1,0
-0.44970051901651426,-1.4842980536996218,1.2828375486806096,0.0,2,0,0,1,2,0,0,0,0,1,64
-0.7634605986877205,0.16658262227154547,-0.9966836022806536,69.95,0,0,0,1,0,1,1,1,0,0,0
1.141851379417767,0.5714217026102036,1.1607203441648277,82.15,2,1,1,3,2,1,1,1,0,1,0
-0.9798082768667127,0.1566275629189556,-1.2816237461508113,69.65,0,1,0,1,0,1,0,1,0,0,0
-0.5192055838650131,-0.5136797668221014,-0.38609757970174374,0.0,1,1,1,2,1,0,0,1,1,0,0
-0.685311280193291,0.047121910040465745,-0.8745663977648716,0.0,0,1,1,4,0,0,0,1,1,1,0
-0.19519965025307157,0.4950995809070136,-0.3453918448631497,79.85,1,1,1,3,1,1,1,1,1,1,0
-0.707492347289829,-1.4710246412295018,0.020959768684196134,0.0,1,0,0,1,1,0,1,0,0,1,0
-0.4506439274093443,-1.3216987509406526,0.8350744654560759,0.0,2,0,0,2,2,0,0,0,0,1,53
-0.8111575718508003,-1.461069581876912,-0.38609757970174374,0.0,1,0,0,1,1,0,1,0,0,1,23
-0.49217583642393015,0.7091333569876977,-0.7524491932490895,86.3,1,1,1,3,1,1,0,1,0,0,0
1.493479433182568,0.6527213539896879,1.5270719577121736,84.6,2,0,3,4,2,1,1,0,2,1,70
-0.24566102940444381,0.473530285643069,-0.4268033145403377,0.0,1,1,2,6,1,0,0,1,2,1,0
-0.8736419230782386,-1.4992306427285067,-0.7117434584104956,0.0,1,0,0,1,1,0,1,0,0,0,0
2.0975460210846255,1.4176017475803497,1.3235432835192036,107.65,2,0,3,7,2,1,0,1,1,1,65
1.722223058848745,0.680927355488693,1.6084834273893616,0.0,2,0,3,7,2,0,1,1,1,1,72
2.005794069949391,1.4126242179040545,1.2421318138420157,107.5,2,1,2,6,2,1,0,1,0,1,0
-0.8706142403291564,0.1367174442137754,-1.1188008067964355,69.05,0,0,0,1,0,1,0,1,0,0,0
0.7070936884335961,1.6017703456032637,0.1023712383613841,113.2,1,0,4,8,1,1,0,1,2,0,35
-0.6480576185415389,0.33250027814804467,-0.8745663977648716,74.95,0,1,0,2,0,1,1,1,0,1,0
-0.923488989787768,-0.6381180087294758,-1.1188008067964355,0.0,0,1,0,2,0,0,0,0,0,0,0
0.08538755755862393,0.473530285643069,-0.06045170099299184,0.0,1,0,3,6,1,0,0,0,1,0,31
-0.9878820975309323,-0.4539494107065617,-1.2816237461508113,0.0,0,0,1,2,0,0,1,0,1,0,0
0.00625095121123278,0.2877025110613896,-0.019745966154397852,0.0,1,0,4,6,1,0,0,0,2,1,32
-0.6900722016175727,-0.12211409895356326,-0.8745663977648716,0.0,0,1,1,3,0,0,1,1,0,0,0
0.9711602795057338,0.8601184238353119,0.6722515261016999,90.85,2,0,1,4,2,1,0,1,0,0,0
1.5338924159637977,0.7788187724558276,1.4049547531963917,88.4,2,0,1,4,2,1,1,1,0,1,0
1.8764813009414838,0.9613281939199768,1.5270719577121736,93.9,2,0,4,6,2,1,0,0,2,1,70
-1.0017699466625927,-1.5042081724048018,-1.2816237461508113,0.0,0,0,0,1,0,0,0,1,0,0,0
-0.9206148851491464,-1.449455345965557,-0.9559778674420595,0.0,0,0,0,1,0,0,1,1,0,1,0
-0.8336019157081281,-1.4743429943470319,-0.4675090493789317,0.0,1,0,0,1,1,0,1,0,0,0,0
-0.7754616310337209,-1.4826388771408567,-0.1825689055087738,0.0,1,0,0,1,1,0,0,0,0,0,0
2.056562605321685,1.342938802435925,1.4049547531963917,105.4,2,1,2,6,2,1,1,1,0,1,0
-0.465299667093308,0.7572494771918825,-0.7117434584104956,87.75,1,0,1,4,1,1,1,1,1,0,0
-0.833009542996351,0.6195378228143881,-1.1188008067964355,83.6,0,1,1,3,0,1,0,1,0,1,0
-0.2039097230891997,0.44532428414406383,-0.30468611002455576,0.0,1,0,4,7,1,0,0,1,2,0,0
-0.9740161881293379,-1.4760021709057967,-1.1595065416350294,0.0,0,0,0,1,0,0,0,0,0,0,0
-0.8125617145750124,0.19312944721178524,-1.0373893371192475,0.0,0,0,1,4,0,0,0,1,1,0,0
-0.9902735281081059,-0.634799655611946,-1.2816237461508113,0.0,0,1,0,1,0,0,0,0,0,0,0
-0.50187319711302,-1.4959122896109767,1.0386031396490458,0.0,2,0,0,1,2,0,0,1,0,1,58
-0.47431689615035755,0.1616050925952503,-0.5896262538947137,69.8,1,1,0,1,1,1,0,1,0,0,0
1.3128715752807871,0.8136614801898924,1.1200146093262338,89.45,2,1,1,4,2,1,0,0,0,1,0
-0.8820667794235112,-1.477661347464562,-0.7524491932490895,0.0,1,0,0,1,1,0,0,0,0,1,14
-0.09857707904322667,-0.5103614137045716,0.387311382231542,0.0,1,1,1,2,1,0,0,1,0,0,0
-0.9946175946611371,-0.9633166142474143,-1.2816237461508113,0.0,0,1,0,1,0,0,1,0,0,0,0
0.3983139274873294,-0.5004063543519814,1.2828375486806096,0.0,2,1,3,4,2,0,0,0,1,1,64
1.4829703024810432,1.3479163321122196,0.8350744654560759,105.55,2,1,2,6,2,1,0,0,0,0,53
-0.9798302165967786,0.15496838636019022,-1.2816237461508113,69.6,0,1,0,1,0,1,0,1,0,0,0
1.0655230585187996,1.3346429196421,0.5094285867473239,105.15,1,1,2,6,1,1,0,1,1,1,0
0.38578634161974973,1.352893861788515,-0.10115743583158582,105.7,1,0,4,7,1,1,1,1,2,1,0
-0.49891133355413514,0.18483356441796028,-0.6303319887333076,70.5,1,0,0,1,1,1,0,0,0,0,0
-0.0374968705400003,0.29765757041397994,-0.06045170099299184,73.9,1,1,0,2,1,1,0,1,0,0,0
0.1879119161561729,0.27276992203250505,0.26519417771576004,73.15,1,0,0,2,1,1,1,1,0,0,0
1.4384545901775065,1.0525829046520514,1.0793088744876398,96.65,2,0,2,5,2,1,0,1,1,1,0
-0.592001608223384,0.9928525485365113,-0.9152721326034655,94.85,0,1,2,5,0,1,0,1,0,0,0
-0.8990042510343196,0.5116913464946635,-1.2002122764736234,80.35,0,1,0,2,0,1,1,1,0,0,0
0.6740524549544801,0.8402083051301322,0.428017117070136,90.25,1,1,1,4,1,1,0,1,0,0,0
-0.9072316498089998,0.642766294637098,-1.2002122764736234,84.3,0,1,1,3,0,1,1,0,0,0,0
-0.06347351093792424,1.309755271260625,-0.4675090493789317,104.4,1,1,2,6,1,1,1,0,0,1,0
-0.24210679313378197,-0.4954288246756865,0.020959768684196134,0.0,1,1,3,4,1,0,1,1,1,1,0
-0.896371483426422,-1.3548822821159523,-0.9559778674420595,0.0,0,0,0,0,0,0,1,0,0,1,0
-0.9614886022617579,-0.13538751142368316,-1.2409180113122174,0.0,0,1,1,3,0,0,0,0,0,0,0
-0.9008691280899138,-0.9765900267175343,-1.0373893371192475,0.0,0,0,2,2,0,0,1,1,1,0,0
-0.9553015983831984,-1.3233579274994176,-1.1188008067964355,0.0,0,0,0,0,0,0,0,0,0,1,0
-0.9472277777189788,0.16658262227154547,-1.2409180113122174,69.95,0,0,0,1,0,1,1,0,0,1,0
-0.48074523705964106,0.19478862377055015,-0.6303319887333076,70.8,1,1,0,1,1,1,1,1,0,0,0
1.6998884136417467,1.2102046777347255,1.1200146093262338,101.4,2,0,1,5,2,1,0,1,1,0,0
-0.6294527274457286,-1.4942531130522119,0.46872285190873,0.0,1,0,0,1,1,0,0,0,0,0,44
1.7582700353468774,0.7008374741938728,1.6084834273893616,0.0,2,0,3,7,2,0,1,0,2,0,72
1.8244841406855046,0.9132120737157919,1.4863662228735797,92.45,2,0,2,5,2,1,1,1,1,1,69
-0.9775046052098022,-0.6729607164635407,-1.2409180113122174,0.0,0,0,0,1,0,0,1,0,0,0,0
-0.9732482975770343,0.6527213539896879,-1.2816237461508113,84.6,0,1,0,3,0,1,0,1,0,0,0
1.6091676298196056,1.4275568069329394,0.9978974048104517,107.95,2,1,2,6,2,1,1,0,1,1,57
-0.5517202638225495,-0.2233238690382277,-0.5489205190561197,0.0,1,1,1,3,1,0,0,0,0,0,0
0.698120338836678,0.9746016063900964,0.346605647392948,94.3,1,0,2,5,1,1,0,1,1,1,0
2.2941040627442537,1.535403283252664,1.4049547531963917,111.2,2,0,3,7,2,1,1,1,1,1,67
-0.8110917526606028,0.7954105380434776,-1.1188008067964355,88.9,0,0,2,4,0,1,0,1,1,1,0
-0.45823507401211594,0.6012868806679732,-0.7117434584104956,83.05,1,1,2,4,1,1,0,1,1,1,0
2.709554791270508,1.7826205905086479,1.5677776925507676,118.65,2,1,4,8,2,1,0,1,2,0,71
-0.9879259769910639,-1.472683817788267,-1.2002122764736234,0.0,0,0,0,1,0,0,1,1,0,1,0
-0.21591075543520002,-1.3349721634107725,1.5677776925507676,0.0,2,0,0,2,2,0,0,0,0,1,71
1.8305833856438007,0.904916190921967,1.5270719577121736,0.0,2,0,4,8,2,0,0,1,2,1,70
-0.9461307912156881,-0.7476236616079653,-1.1595065416350294,0.0,0,0,3,3,0,0,1,0,2,0,0
-0.831122726210691,0.6842457086062228,-1.1188008067964355,85.55,0,1,1,3,0,1,1,1,0,0,0
-0.44923978468513215,-1.4826388771408567,1.1607203441648277,0.0,2,0,0,1,2,0,0,0,0,1,61
-0.9571664754387926,-1.2785601604127628,-1.2002122764736234,0.0,0,0,0,2,0,0,1,1,0,0,3
-0.9513524469713519,-0.6845749523748957,-1.2002122764736234,0.0,0,0,0,1,0,0,0,0,0,1,0
0.250791182524796,0.7472944178392927,0.06166550352279012,87.45,1,1,1,4,1,1,0,0,0,1,0
2.2683687593770534,1.352893861788515,1.5677776925507676,105.7,2,0,2,6,2,1,1,1,0,1,0
-0.045768148774812153,0.8684143066291369,-0.38609757970174374,0.0,1,0,4,8,1,0,0,1,2,1,23
-0.7379885720813105,-1.5058673489635668,0.14307697319997809,0.0,1,0,0,1,1,0,0,0,0,0,0
-0.5239226258291632,0.12178485518489039,-0.7117434584104956,68.6,1,0,0,1,1,1,1,1,0,1,0
-0.7435173840578956,-0.3278519922404224,-0.8745663977648716,0.0,0,0,0,2,0,0,1,1,0,1,0
-0.5068754555680256,0.3441145140593994,-0.7117434584104956,75.3,1,0,1,2,1,1,0,1,0,0,0
0.19574439978966848,-0.7078034241976054,1.2014260790034217,0.0,2,0,2,3,2,0,0,1,0,0,62
-0.7227404596855698,0.9978300782128064,-1.0373893371192475,95.0,0,0,0,4,0,1,1,0,0,0,0
-0.7897224555765,0.5166688761709587,-1.0780950719578415,80.5,0,1,1,3,0,1,0,1,1,1,0
-0.7023365107243628,-1.3200395743818876,-0.1418631706701798,0.0,1,1,0,2,1,0,0,0,0,0,0
1.8808253674945148,0.8219573629837174,1.6084834273893616,89.7,2,1,1,4,2,1,1,1,0,1,0
1.5773769609542407,0.6776090023711627,1.4863662228735797,0.0,2,0,3,7,2,0,0,1,2,0,69
-0.32850545013295757,1.2085455011759603,-0.7117434584104956,101.35,1,1,2,5,1,1,1,1,1,0,0
-0.8780518088214673,-1.5008898192872717,-0.6710377235719016,0.0,1,0,0,1,1,0,0,0,0,1,16
0.44171071355750957,0.18649274097672516,0.590840056424512,70.55,1,0,0,1,1,1,0,0,0,1,0
0.3163909754215799,0.1582867394777205,0.631545791263106,0.0,1,0,3,5,1,0,0,0,2,1,0
1.1345454493058507,0.12676238486118555,1.6084834273893616,0.0,2,0,3,5,2,0,0,0,1,1,72
-0.3264211757767052,0.29102086417891987,-0.4675090493789317,73.7,1,1,0,2,1,1,1,1,0,0,0
2.499459936160273,1.5005605755185993,1.6084834273893616,110.15,2,1,3,7,2,1,0,1,1,1,72
-0.7838864873789935,0.1582867394777205,-1.0373893371192475,0.0,0,0,1,4,0,0,1,0,1,1,0
-0.006737368987729083,0.6742906492536329,-0.22327464034736777,85.25,1,1,0,3,1,1,0,1,0,0,0
-0.8781176280116647,0.32254521879545484,-1.1595065416350294,74.65,0,1,0,2,0,1,1,1,0,1,0
-0.9254196860335597,-0.6281629493768859,-1.1595065416350294,0.0,0,0,0,1,0,0,0,1,0,0,0
0.025974768540399706,0.858459247276547,-0.2639803751859618,90.8,1,1,0,3,1,1,0,1,0,1,0
0.4435317111529722,0.49675875746577897,0.387311382231542,79.9,1,1,1,3,1,1,1,0,0,0,0
1.4474937589646217,0.5647849963751436,1.4863662228735797,0.0,2,0,3,7,2,0,1,1,1,1,69
-0.5607594326096648,-1.4760021709057967,0.6722515261016999,0.0,2,0,0,1,2,0,0,0,0,0,49
-0.9771096900686175,0.3607062796470494,-1.2816237461508113,75.8,0,1,1,2,0,1,0,0,0,0,0
0.15519977862804432,0.10685226615600583,0.22448844287716607,0.0,1,0,2,5,1,0,0,0,1,0,0
0.661678447197361,1.1654069106480704,0.18378270803857208,100.05,1,1,1,5,1,1,0,1,0,0,0
-0.49182480074287716,0.5647849963751436,-0.7524491932490895,0.0,1,0,3,6,1,0,1,0,1,1,14
-0.9756616678842739,0.4702119325255387,-1.2816237461508113,79.1,0,1,0,2,0,1,1,1,0,0,0
-0.9318919064029749,-1.5075265255223318,-0.9559778674420595,0.0,0,1,0,1,0,0,0,1,0,0,0
-0.4506000479492126,-0.45726776382409173,-0.3453918448631497,0.0,1,1,1,2,1,0,1,1,1,0,0
-0.8143168929802775,-0.3046235204177124,-0.9966836022806536,0.0,0,1,1,3,0,0,0,0,0,1,0
-0.9727217440554546,0.6925415914000478,-1.2816237461508113,85.8,0,0,0,3,0,1,0,0,0,0,0
1.3599542360020238,0.473530285643069,1.6084834273893616,0.0,2,0,4,7,2,0,0,0,2,1,72
2.299896151481628,1.3462571555534548,1.6084834273893616,105.5,2,1,2,6,2,1,0,1,1,1,72
-0.6064598903367554,-0.3178969328878323,-0.6303319887333076,0.0,1,0,2,3,1,0,0,1,2,1,0
0.9815816512869955,-0.019245152310133944,1.4456604880349857,0.0,2,0,4,6,2,0,0,0,2,0,68
0.3475453921150358,0.02389343821775623,0.631545791263106,0.0,1,1,2,4,1,0,0,1,0,1,0
-0.7672561719891065,0.35738792652951956,-1.0373893371192475,0.0,0,1,4,6,0,0,0,1,2,1,0
-0.35687352110805515,-1.1342117998002084,0.5501343215859179,0.0,1,0,1,1,1,0,1,1,1,0,0
1.2147790421565325,1.2865267994379153,0.7129572609402939,103.7,2,1,2,6,2,1,1,0,1,1,0
-0.4743607756104892,-0.3543988171806622,-0.38609757970174374,0.0,1,1,2,3,1,0,0,0,1,1,0
-0.8986970948133982,-1.4760021709057967,-0.7931549280876836,0.0,1,0,0,1,1,0,0,1,0,1,0
-0.8108723553599447,-1.3150620447055927,-0.5896262538947137,0.0,1,0,0,2,1,0,0,0,0,0,18
-0.30777240522076327,-1.3449272227633626,1.2828375486806096,0.0,2,0,0,2,2,0,0,1,0,0,0
1.612261131758885,0.8120023036311275,1.3642490183577978,89.4,2,0,1,4,2,1,1,0,0,0,0
-0.8250673607125264,-0.5418857683211062,-0.9559778674420595,0.0,0,0,1,2,0,0,0,0,1,1,0
-0.14429947650038302,0.9729424298313315,-0.4675090493789317,94.25,1,1,0,4,1,1,0,1,0,0,0
-0.6352448161831034,-1.477661347464562,0.30589991255435406,0.0,1,0,0,1,1,0,1,1,0,0,0
-0.8762966304162022,-0.5070430605870415,-1.0373893371192475,0.0,0,0,3,4,0,0,1,0,2,1,7
1.5758631195796997,1.3827590398462843,0.9571916699718578,106.6,2,0,2,6,2,1,0,1,1,0,0
-0.8118815829429722,-1.466047111553207,-0.4268033145403377,0.0,1,0,0,1,1,0,0,0,0,1,0
-0.8905793946890471,0.1981069768880804,-1.1595065416350294,70.9,0,0,0,1,0,1,0,1,0,0,0
-0.9777020627803946,0.31590851256039476,-1.2816237461508113,74.45,0,1,0,2,0,1,0,1,0,1,0
0.24962837683130779,0.866755130070372,-0.019745966154397852,91.05,1,1,0,3,1,1,1,0,0,0,0
-0.5611543477508495,-0.8289233129874498,-0.2639803751859618,0.0,1,0,1,2,1,0,1,1,0,0,0
-0.6538935867390453,-0.614889536906766,-0.5896262538947137,0.0,1,0,2,3,1,0,1,0,0,1,0
0.6493263791703078,1.4939238692835393,0.1023712383613841,109.95,1,1,3,7,1,1,1,1,1,1,0
1.4969897899930982,0.5067138168183688,1.6084834273893616,0.0,2,0,4,7,2,0,0,0,2,1,72
1.1807066413643232,1.102358201415001,0.7943687306174818,98.15,2,0,3,6,2,1,0,0,1,1,0
-0.7265360329869557,0.651062177430923,-1.0373893371192475,84.55,0,1,0,3,0,1,0,1,0,1,0
0.6949829574372666,1.3230286837307448,0.14307697319997809,104.8,1,0,2,6,1,1,0,1,0,0,0
-0.9908878405499487,-1.5141632317573919,-1.2409180113122174,0.0,0,0,0,1,0,0,0,0,0,0,0
-0.8941775104198406,-0.9832267329525943,-1.0373893371192475,0.0,0,0,2,2,0,0,1,0,1,0,0
-0.8608071809897375,-1.5091857020810966,-0.7117434584104956,0.0,1,0,0,1,1,0,1,1,0,1,0
-0.9466792844673335,0.48182616843689396,-1.2409180113122174,79.45,0,1,1,3,0,1,1,1,0,0,0
0.4717900834777407,-0.5750692994964061,1.5677776925507676,0.0,2,0,4,4,2,0,0,1,2,1,71
-0.16393553490928656,0.35904710308828447,-0.22327464034736777,75.75,1,0,0,2,1,1,1,1,0,1,0
0.10816099736693892,-0.33282952191671733,0.46872285190873,0.0,1,0,2,3,1,0,1,1,1,1,0
0.4073969757345765,0.18815191753549007,0.5501343215859179,0.0,1,0,3,5,1,0,0,0,2,1,0
-0.7518106020227734,-1.4876164068171518,-0.06045170099299184,0.0,1,0,0,1,1,0,0,0,0,0,0
1.340011021372199,0.4536201669378888,1.4863662228735797,0.0,2,0,4,7,2,0,1,1,2,0,0
-0.39401748410947823,-0.15197927701133307,-0.30468611002455576,0.0,1,1,0,3,1,0,1,0,0,1,0
-0.8008020192597362,-1.5191407614336867,-0.30468611002455576,0.0,1,0,0,1,1,0,1,1,0,1,0
2.4425263366394856,1.5967928159269684,1.5270719577121736,113.05,2,0,4,8,2,1,0,1,2,1,70
-0.35564489622436957,-1.4677062881119718,1.6084834273893616,0.0,2,0,0,1,2,0,1,0,0,1,72
-0.9747182594914439,-0.6829157758161306,-1.2409180113122174,0.0,0,1,0,1,0,0,1,0,0,0,0
-0.9498824850569424,-1.037979559391839,-1.1595065416350294,0.0,0,1,2,2,0,0,0,1,1,0,0
1.5917036046872175,0.8634367769528422,1.3642490183577978,90.95,2,0,3,5,2,1,0,1,2,0,66
-0.8612240358609878,0.02223426165899086,-1.1188008067964355,0.0,0,0,2,4,0,0,1,1,1,0,0
-0.9880795551015246,-0.4688819997354467,-1.2816237461508113,0.0,0,1,1,2,0,0,1,0,0,0,0
-0.968684833723345,0.9978300782128064,-1.2816237461508113,95.0,0,1,1,4,0,1,1,1,1,1,0
-1.001506669901803,-1.4842980536996218,-1.2816237461508113,0.0,0,0,0,1,0,0,0,1,0,0,0
2.196757480442237,1.3230286837307448,1.5270719577121736,104.8,2,1,2,6,2,1,1,1,0,1,0
1.6376892789051638,1.1654069106480704,1.0793088744876398,100.05,2,0,2,5,2,1,0,1,1,1,59
-0.9141207250496656,-1.5125040551986266,-0.8338606629262776,0.0,0,0,0,1,0,0,0,1,0,0,0
-0.9881673140217879,-1.5108448786398618,-1.2409180113122174,0.0,0,0,0,1,0,0,1,0,0,0,0
-0.6243188306103281,-1.4909347599346818,0.346605647392948,0.0,1,0,0,1,1,0,1,1,0,1,41
0.7397619465015931,1.2848676228791502,0.22448844287716607,103.65,1,1,2,6,1,1,0,1,1,0,0
2.235020369677016,1.6615007017188033,1.2828375486806096,115.0,2,1,4,8,2,1,0,1,2,1,0
-0.9776362435901972,0.32088604223668943,-1.2816237461508113,74.6,0,0,0,2,0,1,1,1,0,1,0
-0.7942420399700577,1.0476053749757561,-1.1188008067964355,96.5,0,0,1,4,0,1,1,0,0,0,0
-0.9992907571651556,-1.3167212212643575,-1.2816237461508113,0.0,0,0,0,0,0,0,0,0,0,0,0
-0.6505806874991075,-1.5058673489635668,0.46872285190873,0.0,1,0,0,1,1,0,1,0,0,0,44
-0.9712517821410452,0.8037064208373025,-1.2816237461508113,89.15,0,0,0,3,0,1,1,0,0,1,0
0.23523591390813373,0.9779199595076267,-0.10115743583158582,94.4,1,1,2,5,1,1,1,1,1,1,0
0.8414964748167729,1.152133498177951,0.346605647392948,99.65,1,0,2,5,1,1,1,1,1,0,41
-0.5232863736572545,-1.4942531130522119,0.8350744654560759,0.0,2,0,0,1,2,0,1,0,0,1,53
2.645644357588792,1.6449089361311533,1.6084834273893616,114.5,2,0,4,8,2,1,1,1,2,1,72
-0.770371613658452,0.659358060224748,-1.0373893371192475,84.8,0,1,0,3,0,1,1,1,0,0,0
0.48951738537091827,0.15165003324266044,0.7129572609402939,0.0,2,0,2,5,2,0,1,0,1,0,50
-0.9903612870283693,-0.6414363618470058,-1.2816237461508113,0.0,0,0,0,1,0,0,1,0,0,0,0
-0.7078872624310137,-1.461069581876912,-0.06045170099299184,0.0,1,0,0,1,1,0,0,0,0,0,31
0.8027070320604135,1.3230286837307448,0.30589991255435406,104.8,1,0,2,6,1,1,1,0,1,0,0
-1.001484730171737,-1.4826388771408567,-1.2816237461508113,0.0,0,0,0,1,0,0,0,1,0,0,0
0.26544692220875976,-0.5136797668221014,1.1200146093262338,0.0,2,0,1,3,2,0,0,1,0,1,60
-0.5405529412190501,-0.09888562713085328,-0.6303319887333076,0.0,1,0,2,4,1,0,0,1,1,1,0
1.578452007727466,0.6477438243133932,1.6084834273893616,0.0,2,0,3,7,2,0,1,0,1,1,72
-0.010949797160365336,0.8037064208373025,-0.2639803751859618,89.15,1,1,1,4,1,1,0,1,0,0,0
-0.9706374696992024,0.850163364482722,-1.2816237461508113,90.55,0,1,0,3,0,1,1,1,0,0,0
-0.7817144541024779,0.32254521879545484,-1.0373893371192475,0.0,0,1,1,5,0,0,0,1,1,0,0
-0.9772632681790784,0.3490920437356946,-1.2816237461508113,75.45,0,1,0,2,0,1,1,1,0,0,0
1.4596703091511485,0.8402083051301322,1.2828375486806096,90.25,2,0,1,4,2,1,1,0,0,1,0
0.13185590583801807,0.5697625260514383,0.020959768684196134,0.0,1,0,3,6,1,0,1,0,1,1,33
-0.4018060882828422,-1.4892755833759168,1.4456604880349857,0.0,2,0,0,1,2,0,0,0,0,0,68
-0.6960178684654083,-1.469365464670737,0.06166550352279012,0.0,1,0,0,1,1,0,0,0,0,1,0
-0.9803787098484239,-1.5025489958460367,-1.2002122764736234,0.0,0,0,0,1,0,0,1,1,0,0,0
-0.953699998088394,-1.4826388771408567,-1.0373893371192475,0.0,0,0,0,1,0,0,0,0,0,0,0
-0.7966554102772972,0.8070247739548323,-1.0780950719578415,89.25,0,1,2,4,0,1,0,1,1,0,0
-0.6428798422460067,0.16326426915401518,-0.8338606629262776,0.0,0,0,1,4,0,0,1,1,1,0,0
0.9827883364406153,0.36568380932334454,1.0793088744876398,0.0,2,0,2,5,2,0,0,1,1,1,59
-0.6301767385379003,0.5282831120823135,-0.8338606629262776,80.85,0,0,2,3,0,1,1,0,2,1,0
0.11077182524477092,-0.5352490620860464,0.7943687306174818,0.0,2,0,1,3,2,0,1,1,1,0,0
0.2860483287405591,0.866755130070372,-0.019745966154397852,91.05,1,0,1,4,1,1,0,1,0,1,0
2.1237201190531416,1.3976916288751695,1.4049547531963917,107.05,2,0,2,6,2,1,0,1,1,1,0
-0.5681531216418442,-1.5207999379924515,0.7536629957788878,0.0,2,1,0,1,2,0,1,0,0,0,0
-0.8312324248610201,-0.5153389433808665,-0.9966836022806536,0.0,0,1,1,2,0,0,0,0,1,0,0
-0.8902502987380598,0.7755004193382974,-1.2002122764736234,88.3,0,0,2,4,0,1,0,1,2,1,0
2.2077712249352754,1.1853170293532507,1.6084834273893616,100.65,2,0,3,6,2,1,0,0,1,1,72
0.3811131791157313,0.689223238282518,0.18378270803857208,85.7,1,1,0,3,1,1,1,1,0,1,0
-0.3456623190444242,-1.3316538102932427,1.2828375486806096,0.0,2,0,0,2,2,0,1,1,0,1,64
-0.058295734642392044,0.6643355899010431,-0.2639803751859618,84.95,1,1,1,3,1,1,0,0,0,1,0
-0.3595282284460186,0.9729424298313315,-0.6710377235719016,94.25,1,1,1,4,1,1,1,1,1,0,0
-0.9038309916487987,1.309755271260625,-1.2409180113122174,104.4,0,1,2,6,0,1,0,1,1,1,0
0.2958992675401095,0.46357522629047915,0.18378270803857208,0.0,1,0,4,7,1,0,0,1,2,0,0
2.2295573768906287,1.6382722298960932,1.3642490183577978,114.3,2,0,4,8,2,1,1,1,2,0,0
1.9283248830870021,0.8767101894229619,1.6084834273893616,0.0,2,0,4,8,2,0,0,1,2,0,72
-0.9905806843290275,-0.6580281274346557,-1.2816237461508113,0.0,0,0,0,1,0,0,0,0,0,0,0
0.9822837226491012,1.1869762059120157,0.5501343215859179,100.7,1,1,3,6,1,1,1,1,1,1,0
-0.3798444184869624,-1.497571466169742,1.4863662228735797,0.0,2,0,0,1,2,0,0,0,0,1,69
1.0362554586110038,1.0193993734767515,0.5501343215859179,95.65,1,0,3,5,1,1,0,1,1,0,0
-0.7210072210103704,0.6875640617237531,-0.9966836022806536,85.65,0,0,0,3,0,1,1,1,0,1,0
-0.7963482540563759,-0.16359351292268806,-0.9966836022806536,0.0,0,1,1,3,0,0,0,1,1,0,0
-1.0015724890920001,-1.4892755833759168,-1.2816237461508113,0.0,0,0,0,1,0,0,1,0,0,0,0
1.6842015066446896,0.9132120737157919,1.4049547531963917,92.45,2,0,3,5,2,1,0,1,2,0,67
-0.2740510401096072,-1.3382905165283026,1.4863662228735797,0.0,2,0,0,2,2,0,0,0,0,0,69
-0.6744949932708447,-0.4804962356468015,-0.7524491932490895,0.0,1,1,1,2,1,0,0,0,0,0,0
0.6077944701557217,-0.3477621109456021,1.4456604880349857,0.0,2,0,1,3,2,0,0,0,1,0,0
-0.16292630732625915,-0.6895524820511906,0.428017117070136,0.0,1,1,2,3,1,0,1,0,1,0,0
-0.985183510732837,-1.4942531130522119,-1.2409180113122174,0.0,0,1,0,1,0,0,0,0,0,0,0
-0.8793023734352187,-0.6613464805521857,-1.0780950719578415,0.0,0,0,0,2,0,0,0,0,0,0,0
-0.8908646111799027,-1.462728758435677,-0.7931549280876836,0.0,1,0,0,1,1,0,0,0,0,1,13
-0.5677582065006594,-1.5025489958460367,0.8757802002946699,0.0,2,0,0,1,2,0,1,0,0,0,54
-0.9454067801235162,-0.6696423633460107,-1.2002122764736234,0.0,0,0,0,1,0,0,0,0,0,0,0
-0.13010447114780138,0.4602568731729489,-0.2639803751859618,78.8,1,1,0,2,1,1,0,1,0,0,0
0.3883532900374499,0.6361295884020379,0.22448844287716607,0.0,1,0,3,7,1,0,0,0,1,0,0
-0.8002974054682224,-1.477661347464562,-0.38609757970174374,0.0,1,0,0,1,1,0,0,0,0,1,23
-0.8946821242113543,-1.5008898192872717,-0.7524491932490895,0.0,1,0,0,1,1,0,0,1,0,1,14
-0.00011157050785328731,-0.1154773927185032,0.18378270803857208,0.0,1,0,3,4,1,0,1,0,2,0,37
-0.4956861932344604,-0.817309077076095,-0.10115743583158582,0.0,1,1,1,2,1,0,0,1,0,0,0
-0.7532147447469855,0.49012205123071895,-1.0373893371192475,79.7,0,1,0,2,0,1,0,1,0,0,0
-0.9254196860335597,0.8783693659817272,-1.2409180113122174,91.4,0,1,1,4,0,1,0,1,0,0,0
-0.6383602578524491,-1.3283354571757127,0.020959768684196134,0.0,1,0,0,2,1,0,1,1,0,0,0
0.6669001029530246,0.33913698438310474,0.7129572609402939,0.0,2,0,3,6,2,0,1,1,1,1,50
-0.7420693618735519,-1.3216987509406526,-0.38609757970174374,0.0,1,0,0,2,1,0,0,0,0,1,23
2.339738701281147,1.2848676228791502,1.6084834273893616,103.65,2,1,2,6,2,1,1,1,0,0,72
2.0530083690510232,1.3645080976998696,1.3642490183577978,106.05,2,0,2,6,2,1,1,1,1,1,66
-0.9973381211892982,-1.1690545075342733,-1.2816237461508113,0.0,0,0,1,1,0,0,1,0,1,0,0
-0.9054984111338006,-1.5174815848749215,-0.8338606629262776,0.0,0,1,0,1,0,0,1,1,0,1,0
0.1728612613310246,-0.7044850710800754,1.1607203441648277,0.0,2,0,4,4,2,0,0,0,2,0,0
-0.5899392735971974,-1.5108448786398618,0.5501343215859179,0.0,1,0,0,1,1,0,0,0,0,1,46
-0.4770374226785185,-0.20175457377428285,-0.4675090493789317,0.0,1,0,1,3,1,0,0,1,0,1,0
-0.505295795003287,-0.9517023783360593,-0.019745966154397852,0.0,1,0,2,2,1,0,1,1,1,1,0
-0.832197772983916,-1.4892755833759168,-0.5082147842175256,0.0,1,0,0,1,1,0,0,0,0,1,0
-0.6723229599943291,-0.9898634391876541,-0.4675090493789317,0.0,1,0,2,2,1,0,0,0,2,0,21
-0.8834270426875918,-1.5108448786398618,-0.7117434584104956,0.0,1,0,0,1,1,0,0,0,0,0,0
-0.9845472585609286,-1.4992306427285067,-1.2002122764736234,0.0,0,1,0,1,0,0,0,0,0,0,0
-0.708194418651935,0.2628148626799147,-0.9152721326034655,72.85,0,1,1,2,0,1,1,1,0,0,0
1.6224411665094232,0.7954105380434776,1.3642490183577978,88.9,2,0,1,4,2,1,0,1,0,0,0
-0.8799166858770615,-1.4992306427285067,-0.7117434584104956,0.0,1,0,0,1,1,0,0,0,0,0,0
-0.8268444788478573,-1.466047111553207,-0.6303319887333076,0.0,1,0,0,1,1,0,0,0,0,1,0
0.8088940359389731,0.6394479415195682,0.7536629957788878,84.2,2,1,2,4,2,1,1,1,0,1,0
-0.9469425612281233,0.5083729933771337,-1.2409180113122174,80.25,0,1,0,2,0,1,1,1,0,0,0
-0.9972723019991007,-1.1640769778579783,-1.2816237461508113,0.0,0,1,1,1,0,0,0,1,0,1,0
-1.0016383082821976,-1.4942531130522119,-1.2816237461508113,0.0,0,0,0,1,0,0,0,0,0,0,0
-0.046645737977444715,-0.6613464805521857,0.631545791263106,0.0,1,0,2,3,1,0,0,0,1,1,0
-0.053556752948176134,0.48348534499565887,-0.22327464034736777,79.5,1,1,1,3,1,1,1,1,1,0,0
-0.4876781917604383,-0.19014033786292786,-0.5082147842175256,0.0,1,0,2,4,1,0,1,0,2,0,0
-0.9966141100971263,-1.1143016810950286,-1.2816237461508113,0.0,0,0,1,1,0,0,1,1,0,0,0
-0.9736212729881532,-1.4842980536996218,-1.1188008067964355,0.0,0,0,0,1,0,0,1,0,0,0,0
-0.7773045683592492,-0.45892694038285664,-0.8745663977648716,0.0,0,1,1,2,0,0,0,0,0,0,0
-0.9956268222441647,-1.472683817788267,-1.2409180113122174,0.0,0,0,0,1,0,0,0,1,0,0,0
-0.8293236683452944,-1.3200395743818876,-0.6303319887333076,0.0,1,0,0,2,1,0,1,1,0,1,17
-0.9217557511125689,-1.1657361544167435,-1.0373893371192475,0.0,0,0,1,1,0,0,0,0,1,0,0
-0.35281467104587955,-0.5219756496159262,-0.06045170099299184,0.0,1,0,1,2,1,0,0,1,1,1,0
1.2820462545383184,0.5150096996121938,1.3642490183577978,80.45,2,0,1,3,2,1,0,1,0,0,0
-0.9688603515638715,0.9845566657426863,-1.2816237461508113,94.6,0,1,0,4,0,1,0,1,0,0,0
-0.8242555907000912,0.6759498258123978,-1.1188008067964355,85.3,0,1,2,4,0,1,1,1,0,0,0
0.7521578939887781,1.067515493680936,0.387311382231542,97.1,1,1,1,5,1,1,1,0,1,1,0
1.4099329410919483,0.4868036981131887,1.4456604880349857,0.0,2,0,3,6,2,0,0,1,2,1,68
-0.908394455502488,-1.4876164068171518,-0.8338606629262776,0.0,0,0,0,1,0,0,0,1,0,1,0
-0.9777240025104603,0.31424933600162985,-1.2816237461508113,74.4,0,1,0,2,0,1,1,1,0,1,0
0.5860741373905659,-0.11713656927726834,1.1200146093262338,0.0,2,1,3,4,2,0,1,0,1,0,60
0.6315332580869325,1.2019087949409006,0.22448844287716607,101.15,1,1,1,5,1,1,1,0,0,1,0
-0.5443265747903702,1.0310136093881064,-0.8338606629262776,96.0,0,1,1,4,0,1,0,1,0,0,0
-0.5032992795672979,0.38393475146975936,-0.7117434584104956,0.0,1,0,3,6,1,0,0,0,1,1,0
2.1549842343969265,1.1372009091490658,1.5677776925507676,99.2,2,1,2,5,2,1,0,1,0,1,71
1.0456237233491066,-0.06072456627925851,1.6084834273893616,0.0,2,0,4,6,2,0,1,1,2,1,72
-0.6512388794010818,0.26447403923868007,-0.8745663977648716,72.9,0,1,1,2,0,1,1,0,0,0,0
0.9831393721216679,0.008960849188871207,1.5270719577121736,0.0,2,0,1,4,2,0,0,0,1,1,0
-0.9862366177759962,-0.3295111687991873,-1.2816237461508113,0.0,0,0,0,2,0,0,0,1,0,0,0
-0.7336664452583452,-1.3084253384705327,-0.30468611002455576,0.0,1,0,0,2,1,0,1,0,0,1,25
2.3888398171684386,1.4989013989598339,1.6084834273893616,110.1,2,0,3,7,2,1,0,1,2,0,72
-0.8187925979137036,-0.18848116130416295,-0.9966836022806536,0.0,0,1,0,3,0,0,1,1,0,0,0
-0.2920854982237063,-0.3178969328878323,-0.1418631706701798,0.0,1,0,4,5,1,0,1,1,2,1,0
-0.8932341020270106,-0.3046235204177124,-1.1188008067964355,0.0,0,0,2,3,0,0,1,1,2,0,0
-0.28484538730198766,-0.47551870597050655,-0.019745966154397852,0.0,1,0,1,3,1,0,1,0,0,1,0
-0.9772413284490125,0.3507512202944595,-1.2816237461508113,0.0,0,1,2,5,0,0,1,1,1,0,0
1.6164516202014556,0.7655453599857075,1.5270719577121736,88.0,2,0,3,5,2,1,1,1,2,1,70
-1.0015505493619346,-1.4876164068171518,-1.2816237461508113,0.0,0,0,0,1,0,0,1,1,0,0,0
-0.1637819567988259,0.34079616094186965,-0.22327464034736777,75.2,1,0,1,2,1,1,0,1,1,1,0
-0.8692100976049442,-1.3316538102932427,-0.7524491932490895,0.0,1,0,0,2,1,0,1,1,0,0,0
0.2474124640946605,0.9663057235962715,-0.10115743583158582,94.05,1,0,0,4,1,1,1,1,0,1,0
0.6769923787832991,-0.16193433636392318,1.2828375486806096,0.0,2,0,3,5,2,0,1,1,2,1,64
-0.5289468240142344,-1.3216987509406526,0.387311382231542,0.0,1,0,0,0,1,0,1,1,0,1,0
-0.9797205179464495,0.16326426915401518,-1.2816237461508113,69.85,0,1,0,1,0,1,0,1,0,0,0
-0.6833367044873678,-1.477661347464562,0.30589991255435406,0.0,1,0,0,1,1,0,1,1,0,1,0
1.925494657908512,1.1902945590295455,1.3642490183577978,100.8,2,1,1,5,2,1,0,1,0,1,0
-0.9880795551015246,-0.4688819997354467,-1.2816237461508113,0.0,0,1,1,2,0,0,0,1,1,0,0
-0.039515325706055156,0.5564891135813186,-0.22327464034736777,0.0,1,1,3,6,1,0,1,0,2,0,0
-0.4712453339411436,-0.6613464805521857,-0.1418631706701798,0.0,1,1,2,3,1,0,0,1,1,1,0
1.8052429974177855,1.1322233794727707,1.3235432835192036,99.05,2,0,3,6,2,1,0,1,2,1,65
-0.01691740373826671,0.9497139580086216,-0.3453918448631497,93.55,1,1,0,4,1,1,0,1,0,1,0
2.2464070895811736,1.135541732590301,1.6084834273893616,99.15,2,1,3,6,2,1,1,1,1,1,72
0.17119384184602265,-0.8554701379276899,1.5270719577121736,0.0,2,0,3,3,2,0,1,1,2,1,70
-0.24552939102404894,1.057560434328346,-0.5489205190561197,96.8,1,1,1,4,1,1,0,1,0,1,0
-0.749967664697245,0.8468450113651922,-1.0373893371192475,90.45,0,1,1,4,0,1,1,1,0,0,0
-0.5872187470690365,0.8684143066291369,-0.9152721326034655,91.1,0,1,2,4,0,1,0,1,1,0,0
-0.23087365134008514,-1.3532231055571875,1.6084834273893616,0.0,2,0,0,2,2,0,0,1,0,1,72
-0.9488951972039807,0.3076126297665698,-1.2409180113122174,74.2,0,1,1,2,0,1,1,1,0,1,0
1.8280164372261003,0.8634367769528422,1.6084834273893616,0.0,2,0,4,8,2,0,0,1,2,1,72
0.7224953789397975,1.2052271480584305,0.26519417771576004,101.25,1,1,1,5,1,1,0,1,1,1,0
-0.6874613737397408,-1.4842980536996218,0.22448844287716607,0.0,1,0,0,1,1,0,0,0,0,0,38
-0.2768812652880972,0.5481932307874936,-0.5082147842175256,81.45,1,1,0,2,1,1,0,1,0,0,0
1.9171356207534371,1.0044667844478665,1.4863662228735797,95.2,2,0,1,4,2,1,1,1,1,1,69
0.10331231702239414,0.7141108866639929,-0.10115743583158582,86.45,1,1,1,3,1,1,0,0,0,1,0
0.42271090732051453,-0.2465523408609377,0.9978974048104517,0.0,2,0,3,5,2,0,1,1,1,1,57
-0.8172129373489649,-1.3034478087942378,-0.6303319887333076,0.0,1,0,0,0,1,0,1,1,0,0,0
-0.5074897680098684,-1.461069581876912,0.8350744654560759,0.0,2,0,0,1,2,0,0,0,0,1,53
-0.8381434398317515,0.6560397071072182,-1.1188008067964355,84.7,0,1,1,3,0,1,0,1,0,0,0
-0.5745814625511276,-1.3432680462045974,0.428017117070136,0.0,1,0,0,2,1,0,0,1,0,1,0
1.3259915338601438,0.6394479415195682,1.3235432835192036,0.0,2,0,3,7,2,0,1,1,1,1,65
-0.7103445121983849,-1.5125040551986266,0.18378270803857208,0.0,1,1,0,1,1,0,0,0,0,1,0
-0.9062443619560382,-1.4760021709057967,-0.8745663977648716,0.0,0,0,0,1,0,0,1,1,0,0,0
0.5695754603810738,0.458597696614184,0.5094285867473239,0.0,1,0,2,6,1,0,1,0,0,1,0
0.5898258312318202,1.034331962505636,0.18378270803857208,96.1,1,0,1,4,1,1,1,1,0,0,0
-0.584805376761797,-0.2880317548300625,-0.5896262538947137,0.0,1,0,1,3,1,0,1,0,1,0,0
-0.20265915847544833,-0.7509420147254954,0.5094285867473239,0.0,1,0,3,3,1,0,1,0,2,0,0
-0.9634851176977471,-0.9782492032762992,-1.2002122764736234,0.0,0,0,2,2,0,0,1,1,1,0,0
-0.9337129039984375,-1.4826388771408567,-1.0373893371192475,0.0,0,0,0,1,0,0,1,1,0,1,0
0.027444730454809208,0.48846287467195404,-0.10115743583158582,79.65,1,0,2,3,1,1,1,1,0,1,0
-0.8751118849926481,-0.3560579937394271,-1.1188008067964355,0.0,0,1,2,3,0,0,0,0,2,0,0
0.22360785697325228,1.2068863246171952,-0.1825689055087738,101.3,1,0,1,5,1,1,0,1,1,1,0
-0.8811672504908128,0.31590851256039476,-1.1595065416350294,74.45,0,1,0,2,0,1,0,1,0,0,0
-0.40051164420895924,-0.3693314062095472,-0.22327464034736777,0.0,1,1,2,3,1,0,1,1,1,1,0
1.3362812672610105,1.3893957460813444,0.7129572609402939,106.8,2,1,2,6,2,1,0,1,1,0,0
0.8511499560457311,0.5000771105833088,0.7536629957788878,80.0,2,0,1,3,2,1,1,0,0,0,0
-0.7458210557148061,-1.5141632317573919,-0.10115743583158582,0.0,1,0,0,1,1,0,0,0,0,1,30
-0.5114389194217149,0.5150096996121938,-0.7524491932490895,0.0,1,0,2,6,1,0,0,0,1,1,0
2.105729540399174,1.2616391510564402,1.5270719577121736,102.95,2,1,2,6,2,1,1,1,0,1,0
2.479472842070316,1.6001111690444987,1.5677776925507676,113.15,2,0,3,7,2,1,1,1,1,1,0
-0.6346085640111949,-1.1391893294765034,-0.1418631706701798,0.0,1,1,1,1,1,0,0,1,0,0,0
1.4824656886895295,1.1753619700006603,1.0386031396490458,100.35,2,0,1,5,2,1,1,0,0,1,0
-1.0020990426135798,-1.5290958207862766,-1.2816237461508113,0.0,0,0,0,1,0,0,1,1,0,0,0
-0.5161340216557991,-1.1242567404476187,0.14307697319997809,0.0,1,0,1,1,1,0,0,0,1,0,36
-0.18236490816457035,-1.3034478087942378,1.6084834273893616,0.0,2,0,0,2,2,0,0,0,0,1,72
-0.4271245367787916,0.5498524073462585,-0.6303319887333076,81.5,1,0,0,2,1,1,1,0,0,1,0
-0.545160284532871,1.1006990248562358,-0.8338606629262776,98.1,0,1,2,5,0,1,0,1,0,1,0
-0.14017480724800993,-1.1773503903280982,1.3642490183577978,0.0,2,0,1,1,2,0,1,0,1,0,0
-0.8899870219772701,-0.3029643438589475,-1.1188008067964355,0.0,0,0,2,3,0,0,1,1,1,0,0
-0.990734262439488,-0.6696423633460107,-1.2816237461508113,0.0,0,1,0,1,0,0,1,1,0,0,0
-0.7289932827543267,-0.6746198930223056,-0.7524491932490895,0.0,1,1,0,1,1,0,1,0,0,1,0
-0.9465695858170045,0.2860433345026247,-1.2409180113122174,73.55,0,0,1,2,0,1,0,1,0,1,0
-0.9773290873692756,0.3441145140593994,-1.2816237461508113,75.3,0,1,0,2,0,1,1,1,0,0,0
-0.9969651457781792,-1.1408485060352684,-1.2816237461508113,0.0,0,0,1,1,0,0,0,0,1,0,0
-0.9442878538901598,-1.4793205240233267,-1.0373893371192475,0.0,0,0,0,1,0,0,0,0,0,0,0
-0.7860365809254433,-1.480979700582092,-0.2639803751859618,0.0,1,1,0,1,1,0,1,1,0,0,0
-0.9306632815192892,0.7074741804289328,-1.2409180113122174,86.25,0,1,3,4,0,1,0,1,2,0,0
-0.7502748209181663,-1.013091911010364,-0.6303319887333076,0.0,1,0,2,2,1,0,1,0,1,1,0
-0.4979459854312393,-0.5053838840282764,-0.3453918448631497,0.0,1,0,1,2,1,0,1,1,0,0,0
-0.7730043812663497,-0.7011667179625456,-0.8338606629262776,0.0,0,0,0,1,0,0,0,0,0,0,0
-0.8041368582297398,-1.4959122896109767,-0.22327464034736777,0.0,1,0,0,1,1,0,1,0,0,0,27
-0.3954435665637561,-1.5174815848749215,1.5270719577121736,0.0,2,0,0,1,2,0,0,1,0,1,70
1.1091173021595722,1.4806504568134191,0.428017117070136,109.55,1,0,3,7,1,1,0,1,2,1,0
0.4560812367506178,0.8020472442785371,0.22448844287716607,89.1,1,0,0,3,1,1,0,1,0,0,0
-0.9404045216685109,0.5249647589647837,-1.2409180113122174,80.75,0,1,0,2,0,1,0,0,0,0,0
1.817244029763786,1.2433882089100254,1.2421318138420157,102.4,2,1,2,6,2,1,1,1,0,1,0
1.9854998196385132,1.050923728093286,1.6084834273893616,96.6,2,0,4,6,2,1,0,1,2,1,72
-0.7681118214616732,-0.5004063543519814,-0.8338606629262776,0.0,0,0,3,4,0,0,0,0,2,0,12
-0.19372968833866205,-0.26812163612488255,0.1023712383613841,0.0,1,1,2,3,1,0,0,0,1,1,0
-0.40707162349863757,0.8551408941590172,-0.6710377235719016,90.7,1,1,3,5,1,1,0,0,1,1,0
0.34532947937838854,1.1255866732377107,-0.019745966154397852,98.85,1,1,1,5,1,1,0,1,0,1,0
1.846972364002964,0.858459247276547,1.6084834273893616,90.8,2,0,1,4,2,1,1,1,0,1,72
-0.43598818772538045,-0.8571293144864547,0.020959768684196134,0.0,1,1,1,2,1,0,1,1,0,0,0
1.2873337294841793,1.2765717400853254,0.7129572609402939,103.4,2,0,3,6,2,1,1,1,1,1,0
-0.18172865599266172,-0.014267622633838777,-0.10115743583158582,0.0,1,0,1,4,1,0,1,1,1,0,0
-0.9787771095536194,-1.462728758435677,-1.2002122764736234,0.0,0,0,0,1,0,0,0,0,0,1,0
-0.34287597332606573,-1.464387934994442,1.6084834273893616,0.0,2,0,0,1,2,0,1,1,0,0,72
-0.9796108192961204,0.17156015194784016,-1.2816237461508113,70.1,0,1,0,1,0,1,0,1,0,0,0
-0.23512995897285308,-1.3366313399695375,1.5677776925507676,0.0,2,0,0,2,2,0,1,1,0,0,71
-0.990756202169554,-0.6713015399047756,-1.2816237461508113,0.0,0,0,0,1,0,0,1,0,0,1,0
-0.9907123227094222,-0.6679831867872458,-1.2816237461508113,0.0,0,1,0,1,0,0,1,1,0,0,0
-0.40930947596535067,1.1703844403243657,-0.7524491932490895,100.2,1,1,1,5,1,1,0,1,0,1,0
-0.45329863474730775,0.695859944517578,-0.7117434584104956,85.9,1,0,1,3,1,1,0,1,0,0,0
-0.9193862602654609,-0.46390447005915153,-1.1595065416350294,0.0,0,0,1,3,0,0,1,1,0,0,0
-0.9433663852273957,0.48846287467195404,-1.2409180113122174,79.65,0,0,0,2,0,1,0,1,0,0,0
-0.8146459889312647,0.6046052337855035,-1.1188008067964355,83.15,0,0,0,3,0,1,0,1,0,0,0
0.8697109676814094,0.35904710308828447,0.9571916699718578,0.0,2,0,2,5,2,0,1,1,1,0,0
-0.2577717604007731,-1.3134028681468275,1.5270719577121736,0.0,2,0,0,2,2,0,1,0,0,1,70
-0.7821971281639258,0.2877025110613896,-1.0373893371192475,73.6,0,1,0,2,0,1,1,0,0,0,0
1.3081984127767685,1.057560434328346,0.9164859351332638,96.8,2,1,0,4,2,1,1,1,0,0,0
-0.6552757897331917,-1.3100845150292975,0.1023712383613841,0.0,1,0,0,2,1,0,1,0,0,1,35
-0.889394649265493,-1.4909347599346818,-0.6710377235719016,0.0,1,0,0,1,1,0,1,0,0,0,0
-0.9891546018747496,-1.5158224083161567,-1.2409180113122174,0.0,0,0,0,1,0,0,1,0,0,0,0
-0.9385396446129166,-1.4859572302583868,-0.9559778674420595,0.0,0,0,0,1,0,0,1,1,0,0,0
0.008883718819130464,0.9679649001550363,-0.3453918448631497,94.1,1,1,0,4,1,1,1,1,0,0,0
-0.9800496138974367,0.13837662077254032,-1.2816237461508113,69.1,0,0,0,1,0,1,0,1,0,1,0
-0.46027546890823656,-1.4959122896109767,1.2014260790034217,0.0,2,0,0,1,2,0,1,0,0,0,62
-0.8583718709524321,0.16990097538907525,-1.1188008067964355,0.0,0,1,1,4,0,0,1,1,0,0,0
-0.6621648649738573,0.4751894622018339,-0.9152721326034655,79.25,0,1,0,2,0,1,1,1,0,0,0
1.34058145435391,0.2843841579438598,1.5677776925507676,0.0,2,0,3,6,2,0,1,0,2,1,71
-0.7080408405414744,-1.5390508801388667,0.14307697319997809,0.0,1,0,0,1,1,0,1,1,0,0,36
0.39708530260364394,1.085766435827351,0.06166550352279012,97.65,1,1,0,4,1,1,0,1,0,1,0
-0.8721719611638291,-1.2785601604127628,-0.8338606629262776,0.0,0,0,0,2,0,0,1,0,0,1,0
-0.5416718674524066,-1.4842980536996218,0.8350744654560759,0.0,2,0,0,1,2,0,1,0,0,1,0
-0.9343930356304776,-1.4942531130522119,-1.0373893371192475,0.0,0,0,0,1,0,0,0,0,0,0,0
-0.1602496602582298,-1.3017886322354726,1.6084834273893616,0.0,2,0,0,2,2,0,0,1,0,1,72
-0.24557327048418054,1.1438376153841259,-0.5896262538947137,99.4,1,1,1,5,1,1,1,1,1,1,0
0.05346525031286452,0.3507512202944595,-0.06045170099299184,0.0,1,0,4,6,1,0,1,1,2,1,0
0.5000265160724433,0.1566275629189556,0.7129572609402939,0.0,2,1,2,5,2,0,1,1,1,1,0
-0.8201528611777841,-1.4925939364934466,-0.4268033145403377,0.0,1,0,0,1,1,0,1,0,0,1,0
2.4554268979181844,1.4856279864897142,1.6084834273893616,109.7,2,0,3,7,2,1,1,0,1,1,72
-0.9796766384863179,0.16658262227154547,-1.2816237461508113,69.95,0,0,0,1,0,1,1,1,0,1,0
-1.0015286096318685,-1.4859572302583868,-1.2816237461508113,0.0,0,0,0,1,0,0,0,1,0,0,0
-0.8660288367454011,-0.8056948411647401,-0.9559778674420595,0.0,0,0,1,2,0,0,1,0,1,1,0
2.299128260929325,1.3479163321122196,1.6084834273893616,105.55,2,0,2,6,2,1,1,1,1,1,72
1.7187565814983468,1.3180511540544502,1.0386031396490458,104.65,2,1,2,6,2,1,1,1,1,0,0
0.624644182846267,1.440830219403059,0.1023712383613841,108.35,1,1,3,7,1,1,0,1,1,0,0
-0.3972426244291529,-1.4942531130522119,1.5677776925507676,0.0,2,0,0,1,2,0,0,0,0,1,71
1.5394212279403825,0.4851445215544238,1.6084834273893616,0.0,2,0,4,7,2,0,1,0,2,1,72
-0.41845834340279503,0.46357522629047915,-0.6303319887333076,78.9,1,1,1,3,1,1,0,0,1,1,0
1.8509215154148104,0.7672045365444724,1.6084834273893616,0.0,2,0,4,8,2,0,0,0,2,1,72
1.2098206631616586,1.1438376153841259,0.7129572609402939,99.4,2,1,1,5,2,1,1,0,1,1,0
-0.78406200521952,-1.5191407614336867,-0.2639803751859618,0.0,1,0,0,1,1,0,1,1,0,1,26
-0.988277012672117,-0.48381458876433153,-1.2816237461508113,0.0,0,1,1,3,0,0,1,1,0,1,0
0.733048389101454,0.7705228896620027,0.46872285190873,88.15,1,0,2,4,1,1,0,1,0,0,0
0.8902246152929455,0.6261745290494481,0.7943687306174818,83.8,2,0,1,3,2,1,1,1,0,0,0
0.49798612117632257,1.1902945590295455,0.1023712383613841,100.8,1,1,1,5,1,1,1,1,0,1,0
-0.9775923641300656,0.3242043953542197,-1.2816237461508113,74.7,0,1,1,2,0,1,1,0,1,0,0
-0.9629146847160359,-0.36767222965078206,-1.2409180113122174,0.0,0,0,2,3,0,0,1,1,1,0,0
-0.3808755858000557,-0.8322416661049798,0.1023712383613841,0.0,1,1,1,2,1,0,0,1,0,0,0
0.3075712039351227,0.6942007679588127,0.14307697319997809,0.0,1,0,4,7,1,0,0,0,2,0,0
1.9367716791623406,0.8368899520126024,1.6084834273893616,0.0,2,0,4,8,2,0,0,1,2,1,72
-0.4448737784020352,-0.47551870597050655,-0.3453918448631497,0.0,1,0,1,3,1,0,1,1,1,0,0
-0.023104407616826424,1.3661672742586346,-0.4675090493789317,106.1,1,1,2,6,1,1,1,1,1,1,0
0.6779357871761291,0.6411071180783331,0.5501343215859179,84.25,1,0,2,4,1,1,0,0,1,0,0
-0.8018331865728293,-1.3316538102932427,-0.6303319887333076,0.0,1,0,0,2,1,0,0,0,0,0,0
-0.44649731842690543,0.9862158423014517,-0.7117434584104956,94.65,1,1,1,4,1,1,0,1,0,1,0
-0.7268870686680087,-0.9716124970412393,-0.6303319887333076,0.0,1,0,2,2,1,0,0,1,0,1,0
0.6821043358886338,-0.20009539721551794,1.3235432835192036,0.0,2,0,3,4,2,0,0,0,2,1,65
0.151206747756066,0.46523440284924406,0.06166550352279012,78.95,1,0,0,2,1,1,1,1,0,1,0
1.07280704890065,0.9480547814498567,0.7129572609402939,93.5,2,0,3,5,2,1,1,1,2,0,0
-0.9796985782163836,0.16492344571278056,-1.2816237461508113,69.9,0,0,0,1,0,1,1,1,0,1,0
1.4970117297231642,0.6328112352845081,1.3642490183577978,0.0,2,0,3,7,2,0,1,1,2,1,66
-0.9790623260444751,0.21303956591696496,-1.2816237461508113,71.35,0,1,0,1,0,1,0,0,0,0,0
-0.3391681589449431,-1.4942531130522119,1.6084834273893616,0.0,2,0,0,1,2,0,1,0,0,0,72
-0.33723746269915156,-1.3100845150292975,1.0793088744876398,0.0,2,0,0,2,2,0,0,0,0,1,59
-0.29732909370943583,0.4171182826450592,-0.4675090493789317,0.0,1,0,3,6,1,0,1,0,2,1,0
-0.6734199464976198,0.8435266582476619,-0.9559778674420595,90.35,0,1,1,4,0,1,1,1,0,1,0
-0.6538497072789138,-1.3532231055571875,0.1023712383613841,0.0,1,1,0,0,1,0,0,0,0,0,0
-0.7917409107425549,-0.4556085872653266,-0.9152721326034655,0.0,0,1,1,2,0,0,0,0,0,0,0
-0.3950705911526373,-1.3532231055571875,0.9571916699718578,0.0,2,0,0,2,2,0,1,0,0,1,56
0.821311923156224,-0.03583691789778363,1.3642490183577978,0.0,2,0,3,5,2,0,0,1,2,0,0
-0.8343698062604316,0.6792681789299281,-1.1188008067964355,85.4,0,1,2,4,0,1,1,1,1,1,0
-0.9320454845134356,-1.4826388771408567,-0.9559778674420595,0.0,0,0,0,1,0,0,1,0,0,0,0
0.5353494814784039,0.2877025110613896,0.590840056424512,0.0,1,1,2,5,1,0,1,0,0,1,47
-0.723179254286886,-0.3527396406218973,-0.8338606629262776,0.0,0,1,2,3,0,0,0,1,1,0,0
1.1045099588457512,0.4984179340245439,1.2014260790034217,0.0,2,0,3,6,2,0,0,1,2,1,62
0.053882105184115105,0.3524103968532244,0.06166550352279012,75.55,1,1,0,2,1,1,1,1,0,1,0
-0.8666870286473756,-1.4826388771408567,-0.6710377235719016,0.0,1,0,0,1,1,0,1,0,0,0,0
-1.001484730171737,-1.4826388771408567,-1.2816237461508113,0.0,0,0,0,1,0,0,1,1,0,0,0
-0.10419364994007493,-0.6547097743171256,0.5501343215859179,0.0,1,0,0,1,1,0,1,1,0,0,0
-0.8005826219590779,-1.5025489958460367,-0.38609757970174374,0.0,1,0,0,1,1,0,0,1,0,0,0
-0.40160863071224995,0.4950995809070136,-0.6303319887333076,0.0,1,0,3,6,1,0,0,0,2,0,0
-0.09813828444191039,0.44034675446776916,-0.22327464034736777,0.0,1,0,3,6,1,0,0,0,1,0,0
-0.6825029947448669,-0.6397771852882409,-0.5896262538947137,0.0,1,0,0,1,1,0,1,1,0,0,0
-0.7571200166987003,-1.016410264127894,-0.5489205190561197,0.0,1,0,2,2,1,0,1,1,0,1,0
0.10039433292364083,0.47187110908430413,0.020959768684196134,0.0,1,1,2,6,1,0,0,1,1,1,0
1.0784236197974986,0.06039532251058587,1.6084834273893616,0.0,2,0,3,5,2,0,0,0,2,1,72
-0.9113563190613729,0.19147027065302033,-1.2002122764736234,0.0,0,0,1,4,0,0,1,0,1,0,0
2.374293776134804,1.4126242179040545,1.5677776925507676,107.5,2,1,3,7,2,1,1,1,1,1,0
-0.8550150922523626,-0.4622452935003867,-1.0373893371192475,0.0,0,0,1,2,0,0,1,1,1,0,0
1.7902581617828346,1.7112759984817532,0.9164859351332638,116.5,2,1,4,8,2,1,1,1,2,0,0
0.029265728050271812,0.5266239355235486,-0.10115743583158582,0.0,1,0,3,6,1,0,0,0,1,1,30
2.2204304491832496,1.2699350338502653,1.6084834273893616,103.2,2,0,2,6,2,1,0,1,0,1,0
1.0417403911274572,0.35738792652951956,1.2421318138420157,0.0,2,0,3,6,2,0,1,0,2,1,63
-0.8681131111016535,0.5100321699358986,-1.1595065416350294,80.3,0,0,1,3,0,1,0,1,0,0,0
-0.6471800293389063,0.47187110908430413,-0.8745663977648716,79.15,0,0,0,2,0,1,1,1,0,0,0
-0.5702373959980965,-0.4954288246756865,-0.5082147842175256,0.0,1,0,1,2,1,0,1,0,1,0,0
-0.8374413684696456,-1.1308934466826785,-0.7931549280876836,0.0,1,0,1,1,1,0,0,1,1,0,0
-0.7684628571427262,-0.3112602266527725,-0.9152721326034655,0.0,0,0,2,3,0,0,0,1,0,1,0
1.0466548906621995,1.520470694223779,0.428017117070136,110.75,1,0,3,7,1,1,1,1,1,1,0
-0.31060263039925334,0.7937513614847123,-0.5896262538947137,88.85,1,1,1,4,1,1,0,1,1,1,0
-0.9902515883780402,-0.6331404790531808,-1.2816237461508113,0.0,0,0,0,1,0,0,1,1,0,0,0
-0.4223416756244442,0.7074741804289328,-0.6710377235719016,86.25,1,1,1,3,1,1,0,1,0,0,0
-0.9995320941958796,-1.3349721634107725,-1.2816237461508113,0.0,0,0,0,0,0,0,0,0,0,0,0
-0.9723707083744018,0.7190884163402875,-1.2816237461508113,86.6,0,1,0,3,0,1,1,1,0,0,0
0.6819507577781732,0.8169798333074222,0.428017117070136,89.55,1,0,0,3,1,1,1,1,0,0,0
-0.9894398183656051,-1.4925939364934466,-1.2409180113122174,0.0,0,0,0,1,0,0,1,0,0,0,0
-0.34621081229606954,-1.3432680462045974,1.0386031396490458,0.0,2,0,0,2,2,0,1,1,0,0,58
0.2915113215269467,-0.31457857977030224,0.8757802002946699,0.0,2,1,2,4,2,0,1,1,0,0,0
-0.7113756795114781,-0.6746198930223056,-0.6303319887333076,0.0,1,0,0,1,1,0,1,0,0,0,0
2.0049822999369558,1.1654069106480704,1.3642490183577978,100.05,2,0,1,5,2,1,1,1,1,1,0
-0.8020306441434217,0.6726314726948681,-1.1188008067964355,85.2,0,1,0,3,0,1,0,1,0,0,0
0.7685907518080727,0.27608827515003487,0.9571916699718578,0.0,2,0,3,6,2,0,0,0,2,0,56
-0.9144937004607844,-1.4892755833759168,-0.9152721326034655,0.0,0,0,0,1,0,0,1,1,0,1,0
-0.6452712728231805,0.6560397071072182,-0.9152721326034655,84.7,0,0,1,3,0,1,0,1,1,0,0
2.485045533507033,1.5652684613104335,1.6084834273893616,112.1,2,0,4,8,2,1,0,0,2,1,72
-0.940623918969169,-1.469365464670737,-1.0373893371192475,0.0,0,0,0,1,0,0,0,0,0,1,0
-0.9682240993919629,-1.3499047524396575,-1.1595065416350294,0.0,0,0,0,0,0,0,0,1,0,0,0
0.5131464746518001,0.22797215494585,0.6722515261016999,0.0,2,1,3,6,2,0,0,0,1,1,0
2.0973924429741646,1.4706953974608292,1.3642490183577978,109.25,2,0,3,7,2,1,0,0,1,1,66
1.3972956565740395,1.3728039804936945,0.7943687306174818,106.3,2,1,4,7,2,1,1,1,2,1,52
1.5486797940281563,1.520470694223779,0.7943687306174818,110.75,2,1,3,7,2,1,1,1,1,0,0
-0.9799179755170417,0.14833168012513065,-1.2816237461508113,69.4,0,0,0,1,0,1,1,0,0,0,0
-0.8305084137688482,-1.3548822821159523,-0.6303319887333076,0.0,1,0,0,2,1,0,0,0,0,1,0
1.03952447839081,0.14169497389007057,1.4049547531963917,0.0,2,0,3,5,2,0,1,1,2,1,67
-0.46922687877508873,-0.5186572964983965,-0.3453918448631497,0.0,1,0,1,2,1,0,0,1,0,0,0
0.5708040852647592,-0.1370466879824483,1.1200146093262338,0.0,2,0,3,5,2,0,0,0,1,1,60
-0.7684409174126604,0.17156015194784016,-0.9966836022806536,70.1,0,0,0,1,0,1,1,1,0,0,0
-0.24704323239859013,-0.3560579937394271,-0.019745966154397852,0.0,1,1,1,3,1,0,0,1,0,0,0
-0.49039871828859927,0.5880134681978536,-0.7524491932490895,82.65,1,1,2,4,1,1,1,1,0,1,0
-0.9706155299691367,0.8518225410414869,-1.2816237461508113,90.6,0,1,1,4,0,1,0,1,0,1,0
-0.9697160010364382,-0.6895524820511906,-1.2409180113122174,0.0,0,1,0,1,0,0,1,1,0,0,0
0.9152359075679735,1.1969312652646056,0.428017117070136,101.0,1,1,1,5,1,1,1,1,0,1,0
-0.2413169628514126,0.15165003324266044,-0.30468611002455576,0.0,1,0,2,5,1,0,0,1,2,1,0
-0.6697560115766289,-1.5174815848749215,0.428017117070136,0.0,1,0,0,1,1,0,1,1,0,1,0
-0.6271271160587523,-1.4826388771408567,0.590840056424512,0.0,1,0,0,1,1,0,0,0,0,1,47
1.420025216922223,0.8186390098661871,1.2421318138420157,89.6,2,0,1,4,2,1,0,1,0,0,0
-0.5559985111853832,-1.5191407614336867,1.0386031396490458,0.0,2,0,0,1,2,0,1,1,0,0,58
-0.8918299593027984,-1.3416088696458326,-0.9152721326034655,0.0,0,0,0,2,0,0,0,1,0,0,0
-0.3345388759010564,-0.12875080518862334,-0.30468611002455576,0.0,1,1,3,5,1,0,0,0,1,0,0
0.7204549840436768,0.9994892547715714,0.387311382231542,95.05,1,1,0,4,1,1,0,1,0,1,0
1.0886036545480362,1.0177401969179862,0.6722515261016999,95.6,2,1,0,4,2,1,0,1,0,1,0
2.295793421959321,1.478991280254654,1.5270719577121736,109.5,2,0,4,7,2,1,1,1,2,1,0
-0.9949686303421902,-1.4793205240233267,-1.2409180113122174,0.0,0,0,0,1,0,0,0,0,0,0,0
1.503286492521987,0.5266239355235486,1.6084834273893616,0.0,2,1,3,6,2,0,1,1,2,1,72
0.7376118529551433,-0.3195561094465974,1.6084834273893616,0.0,2,0,1,3,2,0,1,0,1,1,72
-0.9840426447694148,-0.16359351292268806,-1.2816237461508113,0.0,0,1,3,4,0,0,0,1,2,0,0
1.7900168247521104,1.0094443141241611,1.4863662228735797,95.35,2,0,2,5,2,1,1,1,0,1,0
-0.6550563924325336,0.858459247276547,-0.9559778674420595,90.8,0,0,0,3,0,1,0,1,0,0,0
-0.9232257130269784,-1.4909347599346818,-0.9152721326034655,0.0,0,0,0,1,0,0,1,1,0,0,0
1.915972815059949,1.0824480827098208,1.5270719577121736,97.55,2,0,2,5,2,1,1,1,1,1,0
-0.757865967520938,0.9812383126251565,-1.0780950719578415,94.5,0,0,1,4,0,1,1,0,0,0,0
0.6895638441110106,-0.11879574583603324,1.3235432835192036,0.0,2,0,3,4,2,0,0,0,1,1,0
1.546332242911114,1.3578713914648095,0.8757802002946699,105.85,2,1,3,6,2,1,1,1,2,0,0
0.16948254290088913,-0.30794187353524244,0.5501343215859179,0.0,1,0,0,2,1,0,0,0,0,0,0
1.22710917045352,0.8451858348064274,0.9164859351332638,90.4,2,0,1,4,2,1,1,1,0,1,0
-0.32622371820611284,-1.3565414586747175,1.2828375486806096,0.0,2,0,0,2,2,0,0,1,0,1,64
0.9550784573674919,0.23129050806338025,1.2421318138420157,0.0,2,0,3,6,2,0,1,1,2,0,63
-0.3495895307262048,-1.3532231055571875,1.1200146093262338,0.0,2,0,0,2,2,0,1,0,0,1,0
1.2120585156283719,1.0011484313303363,0.8757802002946699,95.1,2,0,2,5,2,1,0,1,1,0,54
-0.8914789236217454,-0.6696423633460107,-1.0780950719578415,0.0,0,1,0,1,0,0,1,0,0,0,0
2.0882435755367204,1.1305642029140057,1.5677776925507676,99.0,2,0,3,6,2,1,0,1,1,1,71
0.6781113050166557,0.9945117250952766,0.346605647392948,94.9,1,0,1,4,1,1,0,1,0,1,0
0.7733297335022886,0.6112419400205631,0.590840056424512,83.35,1,0,2,4,1,1,1,1,0,1,0
-0.9112685601411097,-1.5075265255223318,-0.9152721326034655,0.0,0,0,0,1,0,0,1,0,0,0,0
0.9059992812102662,0.7672045365444724,0.7129572609402939,88.05,2,1,1,4,2,1,0,1,0,1,0
-0.8130224489063945,-0.3178969328878323,-0.9559778674420595,0.0,0,1,0,2,0,0,1,0,0,0,0
1.179324438370177,1.0393094921819312,0.7943687306174818,96.25,2,0,2,5,2,1,1,1,1,1,52
-0.6900063824273753,-1.4876164068171518,0.22448844287716607,0.0,1,0,0,1,1,0,1,0,0,0,0
-0.29017674170798047,0.4602568731729489,-0.5082147842175256,78.8,1,1,0,2,1,1,1,0,0,0,0
-0.893299921217208,0.8982794846869069,-1.2002122764736234,92.0,0,1,0,3,0,1,1,1,0,0,0
1.242905776100906,1.2998002119080347,0.590840056424512,104.1,1,1,2,6,1,1,1,1,0,1,0
-0.8193849706254805,-1.462728758435677,-0.4675090493789317,0.0,1,0,0,1,1,0,0,1,0,0,21
-0.944397552540489,-1.5075265255223318,-0.9559778674420595,0.0,0,0,0,1,0,0,0,0,0,0,0
2.2674692304443553,1.3230286837307448,1.6084834273893616,104.8,2,0,2,6,2,1,1,1,0,1,72
-0.9225236416648723,0.15330920980142534,-1.2002122764736234,69.55,0,1,0,1,0,1,0,1,0,1,0
-0.5747789201217199,-0.24157481118464275,-0.5896262538947137,0.0,1,0,1,3,1,0,0,0,1,0,0
-0.30176091918273024,-1.3266762806169474,1.4456604880349857,0.0,2,0,0,2,2,0,0,1,0,1,68
1.1539840501441618,0.5299422886410788,1.1607203441648277,0.0,2,0,2,6,2,0,1,0,0,1,61
-0.39342511139770125,-0.16525268948145297,-0.38609757970174374,0.0,1,0,1,3,1,0,1,1,1,1,0
0.9799361715320594,0.9911933719777464,0.590840056424512,94.8,1,0,2,5,1,1,1,0,1,0,0
-0.5128211224158612,0.3076126297665698,-0.7117434584104956,74.2,1,0,0,2,1,1,1,1,0,0,0
-0.699352707435412,-1.5025489958460367,0.1023712383613841,0.0,1,0,0,1,1,0,0,0,0,1,0
-0.750077363347574,-1.5141632317573919,-0.019745966154397852,0.0,1,0,0,1,1,0,0,0,0,1,0
1.9242221535646948,1.085766435827351,1.5677776925507676,97.65,2,0,2,5,2,1,1,0,2,0,0
1.4577834923654889,1.3313245665245697,0.7943687306174818,105.05,2,1,2,6,2,1,0,1,0,1,0
0.9487598151085376,-0.04081444757407856,1.6084834273893616,0.0,2,0,4,6,2,0,1,1,2,0,72
-0.8716234679121837,-1.3250171040581826,-0.8338606629262776,0.0,0,1,0,2,0,0,1,0,0,0,0
-0.638601594883173,-1.5125040551986266,0.46872285190873,0.0,1,0,0,1,1,0,1,1,0,1,44
2.4474408361742275,1.4839688099309494,1.6084834273893616,109.65,2,1,3,7,2,1,1,1,1,1,72
-0.3496114704562707,0.680927355488693,-0.5896262538947137,85.45,1,1,2,4,1,1,0,1,1,0,0
-0.7860365809254433,0.29599839385521454,-1.0373893371192475,73.85,0,1,0,2,0,1,0,1,0,0,0
-0.6541568634998352,0.30595345320780487,-0.9152721326034655,74.15,0,0,0,2,0,1,1,1,0,0,0
-0.6352448161831034,-1.4826388771408567,0.387311382231542,0.0,1,0,0,1,1,0,1,0,0,1,0
2.2131025793412684,1.28818597599668,1.6084834273893616,103.75,2,0,2,6,2,1,1,1,0,1,72
0.1736510916133938,0.8053655973960674,-0.1418631706701798,89.2,1,1,1,4,1,1,1,1,0,1,0
1.3493792861103018,0.6543805305484532,1.2421318138420157,84.65,2,0,2,4,2,1,1,1,2,1,63
-1.0016383082821976,-1.4942531130522119,-1.2816237461508113,0.0,0,0,0,1,0,0,0,1,0,0,0
0.004364134425572893,0.8352307754538371,-0.2639803751859618,0.0,1,0,4,8,1,0,0,1,2,1,0
1.554230545734807,0.8269348926600121,1.3235432835192036,89.85,2,1,3,5,2,1,0,1,2,0,0
1.0486952855583205,0.04214438036417105,1.5677776925507676,0.0,2,1,1,4,2,0,1,1,1,1,0
1.6097819422614483,1.1985904418233704,1.1607203441648277,101.05,2,0,1,5,2,1,0,1,0,1,61
0.8753933577684556,0.5067138168183688,0.7943687306174818,80.2,2,0,1,3,2,1,0,1,0,0,0
-0.9677633650605808,-0.6746198930223056,-1.2409180113122174,0.0,0,1,0,2,0,0,0,0,0,1,0
0.19420861868506148,1.0276952562705766,-0.1418631706701798,95.9,1,1,2,5,1,1,1,1,0,1,0
-0.8877272297804912,-1.4876164068171518,-0.6303319887333076,0.0,1,0,0,1,1,0,1,1,0,0,0
-0.5366257295372694,-1.5058673489635668,1.0386031396490458,0.0,2,0,0,1,2,0,0,0,0,1,58
-0.8701315662677085,0.5946501744329131,-1.1595065416350294,82.85,0,0,1,3,0,1,0,1,0,0,0
-0.050989804530475934,1.1388600857078308,-0.38609757970174374,99.25,1,1,3,6,1,1,1,1,1,1,0
0.04455771990614415,0.4950995809070136,-0.06045170099299184,79.85,1,0,1,3,1,1,0,1,1,0,0
1.8080074034060778,1.2948226822317401,1.1607203441648277,103.95,2,1,2,6,2,1,0,1,0,0,0
-0.7920261272334105,0.49012205123071895,-1.0780950719578415,79.7,0,1,0,2,0,1,1,1,0,0,0
1.260523379343755,0.7141108866639929,1.1607203441648277,0.0,2,0,3,7,2,0,0,0,2,0,61
1.6245254408656755,1.3313245665245697,1.0386031396490458,105.05,2,0,2,6,2,1,1,1,1,1,0
-0.923379291137439,-1.497571466169742,-0.9152721326034655,0.0,0,0,0,1,0,0,0,1,0,0,0
1.2032606838719804,0.8468450113651922,0.9164859351332638,90.45,2,1,3,5,2,1,0,0,1,1,0
2.648057727896031,1.7145943515992828,1.6084834273893616,116.6,2,0,4,8,2,1,1,1,2,1,72
2.316350949030989,1.3495755086709846,1.6084834273893616,105.6,2,0,4,7,2,1,1,0,2,1,72
0.6162193265009942,1.067515493680936,0.30589991255435406,97.1,1,0,0,4,1,1,1,1,0,1,0
-0.8684422070526407,-0.6397771852882409,-1.0780950719578415,0.0,0,0,0,1,0,0,0,0,0,1,0
2.235393345088135,1.3794406867287545,1.5270719577121736,106.5,2,1,2,6,2,1,0,1,0,1,0
0.19866238388842178,0.8402083051301322,-0.10115743583158582,90.25,1,1,0,3,1,1,1,1,0,0,0
-0.9706374696992024,0.850163364482722,-1.2816237461508113,90.55,0,1,0,3,0,1,0,0,0,0,0
2.39129706693581,1.7013209391291633,1.4049547531963917,116.2,2,0,4,8,2,1,1,0,2,0,67
-0.7125165454749005,-1.5042081724048018,0.06166550352279012,0.0,1,0,0,1,1,0,1,0,0,1,0
-0.9354022632135052,0.9596690173612115,-1.2409180113122174,93.85,0,1,0,4,0,1,0,1,0,0,0
-0.8052119050029647,0.17156015194784016,-1.0373893371192475,70.1,0,0,0,1,0,1,1,1,0,1,0
-0.7642723687001558,0.1582867394777205,-0.9966836022806536,69.7,0,1,0,1,0,1,1,1,0,0,0
0.37674717283263415,0.8269348926600121,0.1023712383613841,89.85,1,0,1,4,1,1,1,1,1,1,0
-0.6587642068136561,0.7672045365444724,-0.9559778674420595,88.05,0,1,1,4,0,1,1,1,1,1,0
-0.9672148718089355,-1.4842980536996218,-1.0780950719578415,0.0,0,0,0,1,0,0,1,1,0,0,0
-0.9151957718228904,-0.5219756496159262,-1.1188008067964355,0.0,0,1,1,2,0,0,1,1,1,0,0
-0.9096669598463053,0.3258635719129846,-1.2002122764736234,74.75,0,0,0,2,0,1,0,1,0,1,0
-0.7304193652086047,-1.5191407614336867,0.1023712383613841,0.0,1,0,0,1,1,0,1,1,0,0,0
-0.6983215401223187,-0.45892694038285664,-0.7117434584104956,0.0,1,1,0,2,1,0,0,1,0,1,0
-0.46916105958489124,0.38227557491099445,-0.6303319887333076,76.45,1,1,1,2,1,1,1,1,0,1,0
-0.6592030014149723,-1.3532231055571875,0.020959768684196134,0.0,1,0,0,2,1,0,0,0,0,1,0
-0.9422035795339075,-0.47551870597050655,-1.2002122764736234,0.0,0,1,1,3,0,0,0,1,0,0,0
1.0701523415626863,0.1997661534468453,1.4456604880349857,0.0,2,0,3,5,2,0,1,0,1,1,68
1.9552010524176244,1.6697965845126284,1.1200146093262338,115.25,2,0,4,8,2,1,0,0,2,1,60
-0.21577911705480515,0.5614666432576133,-0.38609757970174374,81.85,1,0,1,3,1,1,0,0,1,1,0
-0.6498566764069357,-1.3482455758808924,0.1023712383613841,0.0,1,0,0,2,1,0,0,0,0,1,35
-0.47975794920667947,-1.4909347599346818,1.2421318138420157,0.0,2,0,0,1,2,0,0,0,0,1,63
-0.9740820073195353,-0.6795974226986006,-1.2409180113122174,0.0,0,1,0,1,0,0,0,0,0,0,0
-0.9013737418814275,0.8269348926600121,-1.2002122764736234,89.85,0,1,2,4,0,1,1,0,1,1,0
1.7984636208274487,1.359530568023575,1.1200146093262338,105.9,2,1,2,6,2,1,0,1,0,1,0
-0.9929721149062011,-0.8388783723400399,-1.2816237461508113,0.0,0,1,1,2,0,0,1,1,0,0,0
1.7508324668545665,1.6150437580733834,0.9164859351332638,113.6,2,1,3,7,2,1,1,1,1,1,55
-0.8811672504908128,1.3296653899658049,-1.2002122764736234,105.0,0,1,2,6,0,1,1,1,0,0,0
-0.977065810608486,0.36402463276457964,-1.2816237461508113,75.9,0,1,1,2,0,1,1,1,1,0,0
-0.7173871655495111,-0.6165487134655309,-0.7524491932490895,0.0,1,1,0,2,1,0,1,0,0,1,0
0.3958127982598267,1.1488151450604207,-0.019745966154397852,99.55,1,0,1,5,1,1,1,1,1,1,0
-0.6857061953344756,-1.466047111553207,0.1023712383613841,0.0,1,0,0,1,1,0,1,0,0,0,0
0.3792483020601371,-0.3129194032115374,1.0386031396490458,0.0,2,0,2,4,2,0,0,1,1,1,58
-0.2810717537306677,-0.6165487134655309,0.1023712383613841,0.0,1,0,2,3,1,0,0,1,2,1,35
1.0253952922284257,0.5415565245524336,1.0793088744876398,81.25,2,0,2,3,2,1,0,1,1,1,0
-0.9424449165646314,0.1815152113004305,-1.2409180113122174,70.4,0,0,0,1,0,1,0,1,0,1,0
0.08516816025796578,1.2616391510564402,-0.3453918448631497,102.95,1,0,2,6,1,1,1,1,0,0,0
-0.5542652725101839,-1.4959122896109767,0.8350744654560759,0.0,2,0,0,1,2,0,0,1,0,1,0
-0.8388674509239235,-1.4859572302583868,-0.5896262538947137,0.0,1,0,0,1,1,0,0,0,0,0,0
-0.988847445653828,-0.5269531792922214,-1.2816237461508113,0.0,0,0,1,2,0,0,1,0,1,0,0
1.3792831381900061,0.44532428414406383,1.5270719577121736,0.0,2,0,4,7,2,0,1,0,2,1,0
1.281168665335686,1.32800621340704,0.7129572609402939,104.95,2,1,2,6,2,1,0,1,1,0,0
1.1040931039745008,0.3706613389996392,1.2828375486806096,0.0,2,0,3,6,2,0,1,1,1,1,64
0.2893392882504312,-0.7575787209605552,1.6084834273893616,0.0,2,0,3,3,2,0,1,0,1,1,72
1.6845525423257424,0.659358060224748,1.6084834273893616,84.8,2,0,3,4,2,1,1,1,2,1,72
-0.41995024504727047,0.6859048851649877,-0.7117434584104956,85.6,1,0,0,3,1,1,1,1,0,1,0
1.967465361524414,1.3379612727596297,1.3235432835192036,105.25,2,0,2,6,2,1,0,0,1,1,0
-0.10408395128974587,0.3855939280285242,-0.1825689055087738,76.55,1,0,1,2,1,1,1,0,1,1,0
-0.8977098069604367,0.689223238282518,-1.2002122764736234,85.7,0,0,1,3,0,1,1,0,0,0,0
1.00839200142742,1.4341935131679995,0.428017117070136,108.15,1,0,3,6,1,1,0,1,2,0,0
-0.15160540661229913,0.22133544871078992,-0.22327464034736777,0.0,1,0,1,5,1,0,1,0,1,1,0
2.3639382235437396,1.3014593884668002,1.6084834273893616,104.15,2,0,2,6,2,1,1,1,0,1,72
-0.9972503622690349,-1.1624178012992135,-1.2816237461508113,0.0,0,0,1,1,0,0,0,0,1,0,0
0.3251888071779712,-0.18184445506910288,0.7943687306174818,0.0,2,1,1,3,2,0,0,1,0,0,0
-0.9307291007094868,0.6875640617237531,-1.2409180113122174,85.65,0,1,0,3,0,1,1,1,0,0,0
-0.9753545116633524,-1.3216987509406526,-1.2002122764736234,0.0,0,1,0,0,0,0,1,0,0,0,0
0.02419765040506869,0.642766294637098,-0.1418631706701798,84.3,1,1,0,3,1,1,1,1,0,1,0
-0.2842310748601449,-1.2918335728828827,1.3235432835192036,0.0,2,0,0,2,2,0,0,0,0,1,65
0.508780468368703,0.03716685068787588,0.9164859351332638,0.0,2,0,3,5,2,0,0,1,2,1,0
1.0607401973644524,-0.015926799192603674,1.6084834273893616,0.0,2,0,3,5,2,0,1,0,1,1,72
-0.44050777211893816,-1.4710246412295018,1.2421318138420157,0.0,2,0,0,1,2,0,0,1,0,0,63
-0.8965470012669484,-0.3062826969764773,-1.1188008067964355,0.0,0,0,1,3,0,0,1,1,1,1,0
-0.5278717772410096,-1.5125040551986266,1.0793088744876398,0.0,2,0,0,1,2,0,1,0,0,0,59
0.2885055785079302,-0.6961891882862504,1.4863662228735797,0.0,2,0,2,3,2,0,0,1,1,1,69
-0.16468148573152427,0.14667250356636527,-0.22327464034736777,0.0,1,0,3,5,1,0,1,0,2,0,0
-0.7083918762225274,-0.4705411762942116,-0.7117434584104956,0.0,1,1,1,3,1,0,1,0,0,0,0
-1.0019015850429873,-1.5141632317573919,-1.2816237461508113,0.0,0,0,0,1,0,0,1,1,0,0,0
-0.12244750535483227,-0.4871329418818615,0.30589991255435406,0.0,1,0,1,2,1,0,0,1,0,0,0
-0.9032605586670877,0.3441145140593994,-1.2002122764736234,0.0,0,1,2,5,0,0,0,1,1,0,0
-0.8882099038419391,-0.6978483648450156,-1.0373893371192475,0.0,0,0,0,1,0,0,1,0,0,0,0
0.16750796719496586,1.050923728093286,-0.1825689055087738,96.6,1,0,2,5,1,1,1,0,0,1,0
0.21669684200252087,-0.07897550842567357,0.5094285867473239,0.0,1,0,3,4,1,0,0,1,2,0,0
-0.9178943586209856,-0.8438559020163349,-1.1188008067964355,0.0,0,1,1,2,0,0,0,0,0,0,0
-0.7230256761764254,-0.27475834235994256,-0.8338606629262776,0.0,0,0,2,3,0,0,1,0,2,0,0
-0.15544485937381658,0.9746016063900964,-0.4675090493789317,94.3,1,1,0,4,1,1,0,1,0,1,0
-0.228416401572714,-1.3117436915880627,1.5270719577121736,0.0,2,0,0,2,2,0,1,0,0,1,70
2.0535129828425367,1.085766435827351,1.5270719577121736,97.65,2,1,1,5,2,1,0,1,0,1,0
1.8634929807425218,1.1388600857078308,1.2828375486806096,99.25,2,0,3,6,2,1,1,0,2,0,64
1.6005453159037404,0.7141108866639929,1.5270719577121736,0.0,2,0,4,7,2,0,0,0,2,1,70
2.686605833621666,1.679751643865218,1.6084834273893616,115.55,2,1,4,8,2,1,1,1,2,1,72
-0.8610265782903956,-1.5008898192872717,-0.6303319887333076,0.0,1,0,0,1,1,0,0,0,0,0,0
-1.0012653328710788,-1.466047111553207,-1.2816237461508113,0.0,0,0,0,1,0,0,1,0,0,0,0
-0.7132844360272039,-1.497571466169742,0.18378270803857208,0.0,1,0,0,1,1,0,1,0,0,1,0
-0.9391539570547592,-1.4760021709057967,-0.9966836022806536,0.0,0,0,0,1,0,0,1,1,0,0,0
0.5162180368610141,0.888324425334317,0.22448844287716607,91.7,1,0,1,4,1,1,1,0,1,1,0
-0.040546493019148575,0.8070247739548323,-0.3453918448631497,89.25,1,1,2,4,1,1,1,1,2,1,0
-0.7848298957718235,1.1803394996769556,-1.1188008067964355,100.5,0,1,1,5,0,1,0,1,0,0,0
-0.5486048221532039,-1.4992306427285067,0.8350744654560759,0.0,2,0,0,1,2,0,1,0,0,0,53
-0.8747389095815293,-1.185646273121923,-0.8338606629262776,0.0,0,0,1,1,0,0,0,0,0,1,0
-0.7124287865546372,-1.4892755833759168,0.06166550352279012,0.0,1,0,0,1,1,0,1,0,0,1,34
2.4484281240271892,1.6482272892486831,1.5270719577121736,114.6,2,1,4,8,2,1,1,1,2,0,70
-0.9851396312727055,-1.4677062881119718,-1.2002122764736234,0.0,0,0,0,1,0,0,1,0,0,0,0
1.033512992352777,0.6693131195773377,0.9164859351332638,0.0,2,0,3,7,2,0,0,1,2,1,55
1.3761896362507262,1.742800353098288,0.631545791263106,117.45,1,1,4,8,1,1,0,0,2,1,0
1.484528023315716,0.5996277041092083,1.4456604880349857,83.0,2,1,0,3,2,1,0,1,0,1,0
-0.4567431723676405,-1.3482455758808924,0.9571916699718578,0.0,2,1,0,2,2,0,0,0,0,1,0
-0.7547724655816582,0.7157700632227577,-1.0373893371192475,86.5,0,1,0,3,0,1,0,1,0,1,0
0.580742782984573,1.24172903235126,0.1023712383613841,102.35,1,0,2,5,1,1,1,1,0,0,0
-0.9317163885624483,0.7837963021321224,-1.2409180113122174,88.55,0,1,1,4,0,1,0,1,0,0,0
-0.19293985805629266,0.8335715988950722,-0.4675090493789317,90.05,1,1,2,4,1,1,0,1,0,0,0
-0.2038000244388706,-0.8538109613689248,0.6722515261016999,0.0,2,1,1,2,2,0,1,1,1,1,0
-0.5006006927692028,-1.5025489958460367,1.1200146093262338,0.0,2,0,0,1,2,0,1,0,0,1,60
0.13894243864927605,0.5365789948761385,-0.019745966154397852,81.1,1,0,1,3,1,1,1,1,0,0,0
1.305653404089134,1.3064369181430948,0.8757802002946699,104.3,2,1,2,6,2,1,1,1,0,1,0
0.2044983520859284,-0.16359351292268806,0.590840056424512,0.0,1,0,3,5,1,0,0,1,1,1,47
-0.4547027774715199,-0.3378070515930122,-0.30468611002455576,0.0,1,0,2,3,1,0,0,1,1,0,0
-0.9330547120964631,-0.6679831867872458,-1.1595065416350294,0.0,0,0,0,1,0,0,1,1,0,0,0
-0.3810949831007138,-1.4959122896109767,1.6084834273893616,0.0,2,0,0,1,2,0,1,0,0,0,72
-0.9793036630751989,0.19478862377055015,-1.2816237461508113,70.8,0,0,0,1,0,1,0,1,0,0,0
-0.3355481034840838,0.642766294637098,-0.5896262538947137,84.3,1,0,0,3,1,1,1,0,0,0,0
-0.9993346366252871,-1.3200395743818876,-1.2816237461508113,0.0,0,0,0,0,0,0,0,1,0,0,0
-0.8060236750153998,-0.20175457377428285,-1.0373893371192475,0.0,0,0,3,5,0,0,1,0,1,1,0
-0.45285984014599145,-1.459410405318147,1.1200146093262338,0.0,2,0,0,1,2,0,1,1,0,1,60
-0.6775007362898613,0.6776090023711627,-0.9559778674420595,85.35,0,1,0,3,0,1,1,1,0,0,0
-0.37762850575031515,-0.4423351747952067,-0.1418631706701798,0.0,1,1,0,2,1,0,1,1,0,1,0
0.9882732689570687,0.8368899520126024,0.7536629957788878,90.15,2,1,1,4,2,1,0,1,0,1,0
-0.9653938742134729,-1.3183803978231226,-1.1595065416350294,0.0,0,0,0,0,0,0,1,1,0,0,0
-0.6662456547660986,-1.4959122896109767,0.18378270803857208,0.0,1,0,0,1,1,0,0,0,0,0,37
-0.5763805204165244,-1.4992306427285067,0.7129572609402939,0.0,2,0,0,1,2,0,0,0,0,0,0
-0.14528676435334464,-0.9566799080123543,0.9571916699718578,0.0,2,0,2,2,2,0,1,1,0,1,0
-0.8930585841864841,-1.459410405318147,-0.8745663977648716,0.0,0,0,0,1,0,0,1,0,0,1,0
0.37692269067316075,0.8202981864249524,0.1023712383613841,89.65,1,0,1,4,1,1,1,1,0,1,0
1.191457109096572,1.2915043291142099,0.7129572609402939,103.85,2,0,2,6,2,1,1,1,0,1,0
-0.9777459422405262,0.3125901594428645,-1.2816237461508113,74.35,0,1,0,2,0,1,1,1,0,0,0
0.3124418240097334,-0.18682198474539805,0.7536629957788878,0.0,2,1,3,5,2,0,1,0,1,1,0
0.5237872437337199,0.3026351000902746,0.590840056424512,0.0,1,0,3,6,1,0,0,0,2,0,47
-0.20733232097946674,-0.34112540471054226,-0.019745966154397852,0.0,1,0,2,3,1,0,0,0,1,0,0
0.7903988434934918,-0.1785261019515731,1.4049547531963917,0.0,2,1,3,5,2,0,0,1,1,1,67
0.7633252165922773,0.5017362871420736,0.7129572609402939,0.0,2,0,4,7,2,0,0,1,2,1,0
-0.8794559515456793,1.2151822074110203,-1.2002122764736234,101.55,0,0,1,5,0,1,1,1,0,0,0
-0.8640103815793463,0.634470411843273,-1.1595065416350294,84.05,0,0,2,4,0,1,0,0,0,0,0
-0.41962114909628323,1.0243769031530463,-0.7524491932490895,95.8,1,1,0,4,1,1,0,1,0,1,0
0.4873453520944028,0.8551408941590172,0.26519417771576004,90.7,1,1,1,4,1,1,1,0,0,0,0
-0.9868728699479048,-0.37762728900337217,-1.2816237461508113,0.0,0,0,2,3,0,0,0,1,1,1,0
0.03913860657988812,1.1985904418233704,-0.3453918448631497,101.05,1,1,1,5,1,1,1,1,0,1,0
-0.04543905282382494,0.695859944517578,-0.30468611002455576,85.9,1,1,1,3,1,1,1,0,1,1,0
1.2012422287059252,0.5000771105833088,1.2421318138420157,0.0,2,0,4,7,2,0,1,0,2,1,0
-0.8277001283204241,0.5432157011111984,-1.1188008067964355,81.3,0,1,1,3,0,1,1,1,0,1,0
-0.7121874495239132,-0.5252940027334563,-0.7117434584104956,0.0,1,1,0,2,1,0,0,1,0,0,0
-0.8649976694323079,-0.5037247074695115,-1.0373893371192475,0.0,0,1,1,2,0,0,1,1,1,1,0
2.0653604370780765,1.3860773929638146,1.4049547531963917,106.7,2,0,2,6,2,1,0,0,2,1,67
-0.9800057344373051,0.14169497389007057,-1.2816237461508113,69.2,0,1,0,1,0,1,0,1,0,0,0
-1.0013750315214078,-1.4743429943470319,-1.2816237461508113,0.0,0,0,0,1,0,0,0,1,0,1,0
-0.7895469377359735,-0.2714399892424126,-0.9152721326034655,0.0,0,0,0,2,0,0,1,1,0,0,0
-0.6156965166944631,-1.4992306427285067,0.346605647392948,0.0,1,1,0,1,1,0,1,1,0,1,41
0.983490407802721,0.39886734049864436,1.1200146093262338,0.0,2,0,2,5,2,0,1,0,1,1,60
-0.18820087636207686,0.6693131195773377,-0.4268033145403377,85.1,1,1,0,3,1,1,1,1,0,1,0
-0.7470277408684258,0.3026351000902746,-0.9966836022806536,74.05,0,0,1,2,0,1,0,1,0,0,0
-0.6458636455349575,0.5017362871420736,-0.9152721326034655,80.05,0,0,1,3,0,1,0,1,0,0,0
1.8114738807564763,1.064197140563406,1.2828375486806096,97.0,2,0,3,5,2,1,0,0,1,1,0
-0.47567715941443806,1.2085455011759603,-0.8338606629262776,101.35,0,1,1,5,0,1,1,1,0,1,0
0.7918688054079014,0.6759498258123978,0.590840056424512,0.0,1,0,3,7,1,0,0,1,2,1,47
-0.30213389459384915,0.14999085668389553,-0.3453918448631497,0.0,1,0,1,4,1,0,0,1,0,1,0
-0.9508039537197066,0.2229946252695553,-1.2409180113122174,71.65,0,1,0,1,0,1,0,1,0,1,0
0.1284113682176853,1.0177401969179862,-0.22327464034736777,95.6,1,0,0,4,1,1,0,1,0,0,0
-0.6138755190990006,-0.7028258945213105,-0.4268033145403377,0.0,1,0,2,3,1,0,1,1,0,0,0
2.5287933552582658,1.517152341106249,1.6084834273893616,110.65,2,0,3,7,2,1,0,1,1,1,72
-0.9473374763693079,-0.024222681986428636,-1.2409180113122174,0.0,0,0,2,4,0,0,1,1,1,1,0
-0.021239530561232234,0.6311520587257433,-0.2639803751859618,83.95,1,1,0,3,1,1,1,1,0,0,0
-0.9336909642683716,0.8568000707177821,-1.2409180113122174,90.75,0,0,1,4,0,1,1,0,1,0,0
-1.00183576585279,-1.5091857020810966,-1.2816237461508113,0.0,0,1,0,1,0,0,0,1,0,0,0
-0.3031870016370081,-0.18184445506910288,-0.22327464034736777,0.0,1,1,2,4,1,0,1,0,1,0,0
-0.9691236283246613,0.9646465470375066,-1.2816237461508113,94.0,0,1,0,4,0,1,1,1,0,0,0
-0.5245369382710059,-1.457751228759382,0.7943687306174818,0.0,2,0,0,1,2,0,1,0,0,0,52
-0.36922558913510833,0.9862158423014517,-0.6710377235719016,94.65,1,0,1,4,1,1,0,1,0,1,0
-0.9590971716845843,-1.5025489958460367,-1.0780950719578415,0.0,0,0,0,1,0,0,0,0,0,0,6
-0.07922623712517854,0.5481932307874936,-0.22327464034736777,81.45,1,1,1,3,1,1,1,1,0,0,0
-0.8282266818420037,-1.4892755833759168,-0.38609757970174374,0.0,1,0,0,1,1,0,0,0,0,1,0
-1.0017918863926583,-1.5058673489635668,-1.2816237461508113,0.0,0,0,0,1,0,0,1,0,0,0,0
-0.7046182426512074,-1.4743429943470319,-0.019745966154397852,0.0,1,0,0,1,1,0,1,0,0,0,32
-0.21970632873658577,-1.2934927494416477,1.5677776925507676,0.0,2,0,0,2,2,0,0,1,0,1,71
-0.8532599138470974,-1.5108448786398618,-0.6303319887333076,0.0,1,0,0,1,1,0,0,0,0,0,17
0.7313590298863863,0.6726314726948681,0.590840056424512,85.2,1,0,2,4,1,1,0,1,0,0,0
0.22731567135437497,0.8451858348064274,-0.10115743583158582,90.4,1,0,3,5,1,1,1,0,1,0,0
-0.7326352779452519,0.3341594547068096,-0.9966836022806536,75.0,0,1,1,2,0,1,1,0,1,1,0
-0.7289494032941952,-1.497571466169742,0.020959768684196134,0.0,1,0,0,1,1,0,0,0,0,1,33
-0.4738122823588439,0.7771595958970623,-0.7931549280876836,88.35,1,1,0,3,1,1,0,0,0,1,0
-0.8420267720534006,0.32254521879545484,-1.1188008067964355,74.65,0,1,1,2,0,1,1,1,0,0,0
-1.001594428822066,-1.4909347599346818,-1.2816237461508113,0.0,0,0,0,1,0,0,1,0,0,0,0
1.0890205094192864,0.008960849188871207,1.6084834273893616,0.0,2,0,4,6,2,0,0,1,2,1,72
-0.6781589281918358,-0.3295111687991873,-0.7117434584104956,0.0,1,0,1,3,1,0,0,0,1,0,0
-0.9799399152471077,0.14667250356636527,-1.2816237461508113,69.35,0,1,0,1,0,1,1,1,0,0,0
0.6262238434110056,0.8169798333074222,0.346605647392948,89.55,1,1,2,4,1,1,1,1,1,0,0
2.1407234098541474,1.152133498177951,1.5677776925507676,99.65,2,0,3,6,2,1,0,1,2,0,0
-0.9778117614307237,-0.6530505977583607,-1.2409180113122174,0.0,0,0,0,1,0,0,0,1,0,0,0
-0.8337116143584572,-0.6430955384057709,-0.9152721326034655,0.0,0,1,0,1,0,0,1,1,0,0,0
1.2950345747372802,0.9364405455385019,0.9571916699718578,93.15,2,1,3,5,2,1,1,1,1,1,0
-0.9796766384863179,0.16658262227154547,-1.2816237461508113,69.95,0,1,0,1,0,1,0,1,0,0,0
1.5422953325790043,0.8518225410414869,1.2828375486806096,0.0,2,0,4,8,2,0,0,1,2,1,64
2.05763765209491,1.4458077490793544,1.2421318138420157,108.5,2,0,3,7,2,1,1,0,1,1,63
-1.0019015850429873,-1.5141632317573919,-1.2816237461508113,0.0,0,0,0,1,0,0,1,0,0,0,0
-0.6202819202782183,-0.3593763468569571,-0.6710377235719016,0.0,1,1,1,3,1,0,0,1,1,0,0
-0.10204355639362513,0.5647849963751436,-0.2639803751859618,81.95,1,1,2,3,1,1,0,0,1,1,0
1.0439563038641047,0.007301672630106309,1.5677776925507676,0.0,2,0,3,5,2,0,1,0,2,1,71
1.6806253306439616,0.7937513614847123,1.4456604880349857,0.0,2,0,4,8,2,0,1,1,2,1,68
-0.508126020181777,-0.1785261019515731,-0.5489205190561197,0.0,1,1,2,4,1,0,1,0,1,0,0
-0.4820835605936557,-1.3399496930870676,0.631545791263106,0.0,1,0,0,2,1,0,0,0,0,0,0
1.7996703059810684,0.850163364482722,1.5677776925507676,0.0,2,0,4,8,2,0,1,0,2,1,71
2.6751313547972453,1.686388350100278,1.6084834273893616,115.75,2,0,4,8,2,1,1,1,2,1,72
-0.2766618679874391,1.3844182164050498,-0.6303319887333076,106.65,1,0,4,7,1,1,1,1,2,0,0
-0.5768631944779723,-1.3183803978231226,0.26519417771576004,0.0,1,0,0,2,1,0,1,0,0,1,39
-0.890469696038718,-1.4842980536996218,-0.7931549280876836,0.0,1,0,0,1,1,0,0,0,0,0,0
1.1350281233672987,1.266616680732735,0.590840056424512,103.1,1,1,2,6,1,1,1,1,0,0,0
-0.7008226693498215,-1.442818639730497,0.1023712383613841,0.0,1,0,0,1,1,0,1,0,0,0,35
-0.6542226826900326,0.9663057235962715,-0.9559778674420595,94.05,0,1,1,4,0,1,1,1,0,0,0
1.5173717992242395,1.4292159834917044,0.8757802002946699,108.0,2,0,3,7,2,1,1,1,2,0,54
1.8838749899736624,0.8236165395424823,1.6084834273893616,0.0,2,0,4,8,2,0,0,0,2,1,72
1.6351003907573975,0.680927355488693,1.5677776925507676,85.45,2,0,2,4,2,1,1,1,1,0,0
0.6227793057906728,0.31590851256039476,0.6722515261016999,0.0,2,0,2,5,2,0,0,1,1,0,49
-0.5579292074311749,-1.5257774676687466,0.8757802002946699,0.0,2,0,0,1,2,0,0,1,0,1,54
-0.2919319201132456,0.7423168881629976,-0.5489205190561197,87.3,1,1,1,3,1,1,1,1,1,0,0
1.9673337231440193,0.911552897157027,1.6084834273893616,0.0,2,1,4,8,2,0,0,1,2,1,72
-0.06035806926857848,0.8269348926600121,-0.3453918448631497,89.85,1,0,1,4,1,1,1,1,0,0,0
-0.9633095998572205,-0.7824663693420301,-1.2002122764736234,0.0,0,0,3,3,0,0,1,0,2,0,0
-1.001462790441671,-1.480979700582092,-1.2816237461508113,0.0,0,0,0,1,0,0,0,1,0,1,0
-0.7944833770007816,-0.6547097743171256,-0.8745663977648716,0.0,0,0,0,1,0,0,1,0,0,0,0
-0.34384132144896157,-1.3349721634107725,1.0386031396490458,0.0,2,0,0,2,2,0,0,1,0,0,58
-0.9960217373853494,-1.4909347599346818,-1.2409180113122174,0.0,0,0,0,1,0,0,1,0,0,0,0
1.099112785249561,0.020575085100225963,1.6084834273893616,0.0,2,0,4,6,2,0,1,1,2,0,72
1.5095831950508753,1.0227177265942813,1.1200146093262338,95.75,2,1,2,5,2,1,1,1,0,1,0
1.4478667343757408,0.450301813820359,1.6084834273893616,78.5,2,0,1,3,2,1,0,0,1,1,72
-0.8777007731404143,0.35572874997075465,-1.1595065416350294,75.65,0,1,0,2,0,1,0,1,0,0,0
-0.9777020627803946,0.31590851256039476,-1.2816237461508113,74.45,0,0,0,2,0,1,0,1,0,0,0
-0.63164670045231,0.8153206567486573,-0.9152721326034655,89.5,0,1,0,3,0,1,1,1,0,0,0
0.6324986062098285,1.2002496183821352,0.18378270803857208,101.1,1,1,1,5,1,1,1,1,0,0,0
-0.9221726059838192,-0.5435449448798714,-1.1595065416350294,0.0,0,1,1,3,0,0,1,1,0,1,0
-0.952866288345893,0.27608827515003487,-1.2409180113122174,73.25,0,0,0,2,0,1,1,1,0,0,0
-1.0012214534109471,-1.462728758435677,-1.2816237461508113,0.0,0,0,0,1,0,0,0,1,0,1,0
-0.06737878288963897,0.33250027814804467,-0.1418631706701798,74.95,1,1,0,2,1,1,0,1,0,1,0
0.318146153826845,0.7970697146022425,0.020959768684196134,88.95,1,1,2,4,1,1,1,1,2,0,33
1.5741298809045006,1.1471559685016557,1.0793088744876398,99.5,2,1,1,5,2,1,0,1,0,0,0
-0.8290384518544387,0.8037064208373025,-1.1188008067964355,89.15,0,1,1,4,0,1,1,1,1,1,0
-0.526884489388048,0.46523440284924406,-0.7524491932490895,78.95,1,1,1,3,1,1,0,1,0,0,0
-0.7543556107104078,0.5150096996121938,-0.9966836022806536,80.45,0,0,0,2,0,1,1,1,0,1,0
-0.5658494499849337,-1.472683817788267,0.590840056424512,0.0,1,0,0,1,1,0,1,0,0,0,0
-0.3694449864357665,0.7738412427795325,-0.6303319887333076,88.25,1,1,1,4,1,1,0,0,0,1,0
2.224708696546083,1.2765717400853254,1.6084834273893616,103.4,2,1,2,6,2,1,1,1,0,1,72
-0.9856442450642193,-1.3233579274994176,-1.2409180113122174,0.0,0,1,0,0,0,0,1,1,0,0,0
1.6915513162167373,1.2467065620275553,1.1200146093262338,102.5,2,0,2,6,2,1,1,0,0,1,0
-0.3909459219002642,0.5183280527297236,-0.5896262538947137,80.55,1,0,1,3,1,1,1,1,0,0,0
-0.15373356042868305,0.3109309828840996,-0.30468611002455576,74.3,1,0,1,2,1,1,1,0,1,0,0
1.7827108946401946,0.7638861834269426,1.5677776925507676,0.0,2,0,4,8,2,0,0,0,2,1,71
-1.001111754760618,-1.4544328756418519,-1.2816237461508113,0.0,0,0,0,1,0,0,1,0,0,0,0
-0.38910298457473597,-1.5008898192872717,1.5677776925507676,0.0,2,0,0,1,2,0,0,0,0,1,71
1.2103033372231067,0.35738792652951956,1.4049547531963917,75.7,2,0,0,2,2,1,1,1,0,0,0
2.694679654285886,1.686388350100278,1.6084834273893616,115.75,2,0,4,8,2,1,0,1,2,1,72
-0.27413879902987043,-0.8156499005173299,0.346605647392948,0.0,1,1,1,2,1,0,0,1,0,0,0
-0.008799703613915522,0.850163364482722,-0.3453918448631497,90.55,1,0,1,4,1,1,1,1,0,0,0
0.3466678029124033,-0.3295111687991873,0.8757802002946699,0.0,2,0,1,3,2,0,1,1,0,0,0
-0.6534328524076632,-1.006455204775304,-0.38609757970174374,0.0,1,0,2,2,1,0,0,0,2,1,23
-0.625393877383553,-0.005971739840013817,-0.7931549280876836,0.0,1,1,0,3,1,0,1,1,0,1,0
1.6899058364618011,1.0144218438004564,1.3235432835192036,95.5,2,1,2,5,2,1,0,1,0,0,0
-0.49349222022787903,-1.4743429943470319,0.9164859351332638,0.0,2,0,0,1,2,0,1,0,0,1,55
-0.6437574314486393,-1.5075265255223318,0.46872285190873,0.0,1,0,0,1,1,0,1,0,0,0,0
0.6235471963429763,-0.34942128750436724,1.4456604880349857,0.0,2,1,2,4,2,0,0,1,1,1,0
-0.7333154095772921,-0.5335898855272813,-0.7117434584104956,0.0,1,0,0,2,1,0,0,0,0,0,0
-0.5297585940266696,0.634470411843273,-0.7931549280876836,84.05,1,1,1,3,1,1,1,0,1,1,0
-0.7469838614082943,-1.5091857020810966,0.020959768684196134,0.0,1,0,0,1,1,0,1,1,0,1,0
-0.9883647715923801,-0.49045129499939155,-1.2816237461508113,0.0,0,0,1,2,0,0,1,1,0,0,0
-0.3937322676186227,-0.3112602266527725,-0.30468611002455576,0.0,1,0,1,3,1,0,1,0,0,1,0
-0.5716195989922427,0.9712832532725666,-0.8745663977648716,94.2,0,1,3,5,0,1,0,1,1,0,0
-0.8295430656459525,0.458597696614184,-1.1188008067964355,78.75,0,1,1,3,0,1,1,1,0,1,0
-0.537020644678454,-1.4876164068171518,0.7943687306174818,0.0,2,0,0,1,2,0,0,0,0,1,52
-0.35347286294785396,0.22465380182832018,-0.4675090493789317,0.0,1,0,2,5,1,0,0,0,0,1,0
0.7626450849602372,1.376122333611225,0.26519417771576004,106.4,1,1,2,6,1,1,1,1,1,0,0
-0.995582942784033,-1.4942531130522119,-1.2409180113122174,0.0,0,0,0,1,0,0,1,1,0,0,0
0.2481145354567667,0.17653768162413533,0.346605647392948,70.25,1,0,0,1,1,1,0,0,0,0,0
-0.9523397348243136,-1.3482455758808924,-1.1188008067964355,0.0,0,0,0,2,0,0,0,1,0,1,0
-0.1935541704981355,0.5083729933771337,-0.3453918448631497,80.25,1,1,1,3,1,1,1,1,0,0,0
-1.001506669901803,-1.4842980536996218,-1.2816237461508113,0.0,0,0,0,1,0,0,1,0,0,0,0
-0.7809026840900427,0.46689357940800896,-1.0373893371192475,79.0,0,1,0,2,0,1,0,1,0,0,0
0.6379177195360844,0.9447364283323268,0.30589991255435406,93.4,1,0,2,5,1,1,0,1,0,0,0
-0.18164089707239844,1.1637477340893057,-0.5489205190561197,100.0,1,0,2,5,1,1,1,0,1,1,0
-0.7992662381551291,-1.4760021709057967,-0.38609757970174374,0.0,1,0,0,1,1,0,1,0,0,0,0
-0.9904929254087641,-0.6513914211995958,-1.2816237461508113,0.0,0,0,0,1,0,0,0,1,0,0,0
-0.7457771762546745,-0.8670843738390448,-0.7117434584104956,0.0,1,0,1,2,1,0,0,1,0,0,15
-0.9714053602515058,0.7920921849259474,-1.2816237461508113,88.8,0,1,1,4,0,1,1,1,0,0,0
2.074991978576969,1.4756729271371243,1.2421318138420157,109.4,2,0,3,7,2,1,1,1,1,0,0
-0.9777459422405262,0.3125901594428645,-1.2816237461508113,74.35,0,1,1,2,0,1,1,1,0,0,0
-0.9135064126078227,-0.6762790695810708,-1.1595065416350294,0.0,0,0,0,1,0,0,1,0,0,0,0
0.47451061000590156,0.4320508716739442,0.387311382231542,77.95,1,0,0,2,1,1,0,1,0,1,0
-0.18787178041108965,0.04048520380540615,-0.22327464034736777,0.0,1,0,4,5,1,0,0,0,2,1,0
2.6305278835734454,1.696343409452868,1.5677776925507676,116.05,2,0,4,8,2,1,1,1,2,1,71
-0.7150176747024033,0.9878750188602166,-1.0373893371192475,94.7,0,0,2,5,0,1,1,1,1,1,0
-0.8291481505047678,-1.5075265255223318,-0.5082147842175256,0.0,1,0,0,1,1,0,0,1,0,0,0
0.9195141549308072,1.1819986762357204,0.46872285190873,100.55,1,1,2,5,1,1,1,0,1,0,0
-0.5661346664757892,-1.5042081724048018,0.7943687306174818,0.0,2,0,0,1,2,0,0,0,0,1,0
-0.7527540104156034,0.7074741804289328,-1.0373893371192475,86.25,0,1,1,3,0,1,0,1,0,1,0
1.3732497124219072,1.0625379640046413,0.9571916699718578,96.95,2,0,2,5,2,1,1,1,1,1,0
0.30513589389781726,1.3562122149060447,-0.1825689055087738,105.8,1,1,2,6,1,1,1,1,1,1,0
-0.5310530381005527,-1.4793205240233267,0.8757802002946699,0.0,2,0,0,1,2,0,0,1,0,1,54
1.0757908521896007,0.0056424960713409395,1.6084834273893616,0.0,2,0,4,6,2,0,1,1,2,1,72
-0.6758113770747936,-1.4677062881119718,0.26519417771576004,0.0,1,0,0,1,1,0,0,0,0,0,39
-0.8959765682852373,-1.4859572302583868,-0.8338606629262776,0.0,0,1,0,1,0,0,0,0,0,0,0
0.6911215649456834,0.3009759235315097,0.7943687306174818,0.0,2,0,3,6,2,0,0,0,2,0,0
-0.8568799693079567,-0.5352490620860464,-1.0373893371192475,0.0,0,1,0,2,0,0,0,0,0,1,0
-0.6788171200938101,-1.3001294556767078,-0.06045170099299184,0.0,1,0,0,2,1,0,1,0,0,1,31
-0.3722532718841907,-0.2880317548300625,-0.3453918448631497,0.0,1,0,2,3,1,0,1,1,1,1,0
-0.9103251517482797,0.3042942766490395,-1.2002122764736234,74.1,0,0,0,2,0,1,0,1,0,1,0
-0.5954022663835852,-1.472683817788267,0.590840056424512,0.0,1,0,0,1,1,0,0,1,0,0,47
-0.4040439407495553,-0.4622452935003867,-0.1825689055087738,0.0,1,1,0,2,1,0,1,1,0,1,0
0.11733180453444923,0.4768486387605988,-0.019745966154397852,79.3,1,0,1,3,1,1,0,0,0,1,0
0.543247784302097,1.3412796258771595,0.06166550352279012,105.35,1,1,2,6,1,1,1,1,1,0,0
-0.936587008637059,-0.49045129499939155,-1.2002122764736234,0.0,0,1,1,2,0,0,1,1,0,1,0
-0.660541324948987,0.4950995809070136,-0.9152721326034655,79.85,0,1,1,3,0,1,1,0,0,0,0
0.9110673588554689,0.025552614776521126,1.3642490183577978,0.0,2,0,3,5,2,0,1,0,2,0,66
-0.9905148651388299,-0.6530505977583607,-1.2816237461508113,0.0,0,0,0,1,0,0,1,0,0,0,0
0.7020036710583271,0.4768486387605988,0.6722515261016999,0.0,2,0,2,6,2,0,0,0,1,1,49
-1.0015286096318685,-1.4859572302583868,-1.2816237461508113,0.0,0,0,0,1,0,0,1,1,0,1,0
-0.7134380141376646,0.8153206567486573,-1.0373893371192475,89.5,0,1,0,3,0,1,1,1,0,1,0
-0.9885841688930382,-1.4909347599346818,-1.2002122764736234,0.0,0,0,0,1,0,0,1,0,0,1,0
0.36253022774998683,0.8368899520126024,0.06166550352279012,90.15,1,0,2,4,1,1,1,0,2,1,0
1.6790895495393547,0.6759498258123978,1.6084834273893616,0.0,2,0,4,7,2,0,0,0,2,1,72
-0.9199128137870404,0.41379992952752936,-1.2002122764736234,0.0,0,1,2,5,0,0,1,1,1,0,0
-0.46286435705600265,0.20474368312314,-0.5896262538947137,71.1,1,1,0,1,1,1,0,1,0,0,0
0.7421972565388986,-0.16193433636392318,1.4049547531963917,0.0,2,0,3,4,2,0,1,0,2,1,0
-0.5230889160866622,-1.3017886322354726,0.46872285190873,0.0,1,0,0,2,1,0,1,0,0,1,0
-0.800823958989802,0.14169497389007057,-1.0373893371192475,69.2,0,0,0,1,0,1,0,1,0,1,0
1.3947725876164707,1.31141444781939,0.7943687306174818,104.45,2,0,3,6,2,1,1,1,2,1,0
-0.48140342896161553,0.16658262227154547,-0.6710377235719016,69.95,1,0,0,1,1,1,1,1,0,0,0
-0.8147337478515281,-0.3378070515930122,-0.9966836022806536,0.0,0,0,2,3,0,0,1,1,0,1,0
-0.8146898683913963,-0.02090432886889884,-1.0373893371192475,0.0,0,0,2,4,0,0,1,0,1,0,0
-0.3896295380963154,-1.497571466169742,1.6084834273893616,0.0,2,0,0,1,2,0,1,1,0,1,72
-0.9136380509882177,-1.1657361544167435,-1.0373893371192475,0.0,0,0,1,1,0,0,1,0,1,1,0
-0.8248918428719999,-1.4793205240233267,-0.4675090493789317,0.0,1,0,0,1,1,0,1,1,0,0,0
0.07400083765446652,0.2677923923562099,0.1023712383613841,0.0,1,1,2,5,1,0,1,1,1,0,0
0.33648776816186543,-0.5037247074695115,1.1200146093262338,0.0,2,1,1,3,2,0,0,1,0,1,0
-0.6508220245298314,1.1836578527944854,-0.9966836022806536,100.6,0,1,1,5,0,1,1,1,0,0,0
-0.946021092565359,0.1616050925952503,-1.2409180113122174,69.8,0,1,0,1,0,1,1,1,0,0,0
-0.8485209321528816,-1.1508035653878583,-0.8338606629262776,0.0,0,0,1,1,0,0,0,0,1,1,0
-0.9755080897738132,-1.1723728606518034,-1.2002122764736234,0.0,0,1,1,1,0,0,1,1,0,0,0
1.1884952455376872,0.18981109409425545,1.6084834273893616,0.0,2,0,3,5,2,0,0,1,1,1,72
1.585735998109316,1.5370624598114289,0.7943687306174818,111.25,2,0,3,7,2,1,0,1,2,0,0
-0.6118790036630115,-1.5174815848749215,0.5501343215859179,0.0,1,0,0,1,1,0,1,0,0,0,46
-0.6256571541443428,0.4619160497317138,-0.8338606629262776,0.0,0,1,2,6,0,0,0,0,1,1,0
0.5435768802530841,1.1737027934418955,0.18378270803857208,100.3,1,0,1,5,1,1,0,0,1,0,0
-0.6374387891896848,-1.497571466169742,0.387311382231542,0.0,1,0,0,1,1,0,1,0,0,0,0
1.0990689057894296,0.5216464058472539,1.0386031396490458,80.65,2,0,1,3,2,1,1,0,1,0,0
-0.8932121622969448,-1.4892755833759168,-0.8338606629262776,0.0,0,0,0,1,0,0,1,0,0,0,0
-0.405842998614952,-1.4925939364934466,1.4456604880349857,0.0,2,0,0,1,2,0,1,0,0,1,68
-0.9900541308074478,-0.618207890024296,-1.2816237461508113,0.0,0,0,0,1,0,0,1,0,0,0,0
0.051315156766414904,-0.2880317548300625,0.46872285190873,0.0,1,0,2,3,1,0,0,0,2,1,0
2.457971906605818,1.4856279864897142,1.5677776925507676,109.7,2,0,4,7,2,1,0,1,2,1,71
-0.5694914451758588,-1.016410264127894,-0.1418631706701798,0.0,1,1,2,2,1,0,1,0,1,0,0
-0.580198033447976,-1.2885152197653527,0.06166550352279012,0.0,1,0,0,2,1,0,1,0,0,0,34
-0.7773703875494467,0.8650959535116071,-1.0780950719578415,91.0,0,1,2,4,0,1,1,1,0,1,0
1.5945557695957735,1.095721495179941,1.2014260790034217,97.95,2,0,2,5,2,1,0,1,0,1,0
-0.8273929720995027,-1.4892755833759168,-0.4268033145403377,0.0,1,0,0,1,1,0,0,1,0,0,0
1.9819675230979175,1.3163919774956847,1.3642490183577978,104.6,2,0,2,6,2,1,0,0,0,1,0
-0.9956268222441647,-1.0396387359506039,-1.2816237461508113,0.0,0,0,2,2,0,0,1,0,1,0,0
1.3335826804629156,1.3611897445823398,0.7129572609402939,105.95,2,0,2,6,2,1,1,0,1,1,0
1.808555896657723,1.050923728093286,1.3642490183577978,96.6,2,0,4,6,2,1,1,0,2,1,66
2.6533232631118264,1.6664782313950985,1.6084834273893616,115.15,2,0,4,8,2,1,1,0,2,1,72
-0.7745840418310883,-1.5191407614336867,-0.22327464034736777,0.0,1,0,0,1,1,0,1,0,0,0,0
-0.9503651591183903,-1.5091857020810966,-1.0373893371192475,0.0,0,0,0,1,0,0,1,0,0,0,0
-0.6735735246080806,-0.3129194032115374,-0.7524491932490895,0.0,1,0,1,3,1,0,1,1,0,0,0
-0.5617028410024948,-0.9682941439237093,-0.2639803751859618,0.0,1,1,2,2,1,0,1,0,1,0,0
-0.620435498388679,0.34245533750063456,-0.8745663977648716,75.25,0,1,0,2,0,1,0,0,0,0,0
-0.1256287662143753,-0.1785261019515731,0.020959768684196134,0.0,1,0,3,5,1,0,0,0,2,1,33
0.8844983457457684,0.8485041879239571,0.590840056424512,0.0,1,0,4,8,1,0,1,1,2,1,47
-1.0019893439632508,-1.5207999379924515,-1.2816237461508113,0.0,0,0,0,1,0,0,0,1,0,0,0
-0.6744730535407789,-0.44399435135397186,-0.7117434584104956,0.0,1,1,0,2,1,0,1,0,0,0,0
2.09469385617607,1.4441485725205894,1.3642490183577978,108.45,2,1,3,7,2,1,1,1,1,1,0
-0.6018744867530003,-1.3216987509406526,0.14307697319997809,0.0,1,0,0,2,1,0,1,0,0,1,36
0.9451836391078097,1.0293544328293414,0.5094285867473239,95.95,1,0,2,5,1,1,1,1,0,1,0
0.08426863132526753,1.3014593884668002,-0.3453918448631497,104.15,1,1,2,6,1,1,0,1,0,0,0
-0.9241910611498741,0.29599839385521454,-1.2002122764736234,73.85,0,1,1,2,0,1,0,0,0,0,0
2.0647680643662993,1.664819054836333,1.1607203441648277,115.1,2,0,4,8,2,1,0,0,2,1,61
-0.6079298522511649,-1.3051069853530026,0.06166550352279012,0.0,1,0,0,2,1,0,0,1,0,1,0
1.1447035443263227,0.1981069768880804,1.4456604880349857,0.0,2,0,4,6,2,0,0,0,2,1,68
-0.49676124000768535,0.3192268656779245,-0.6710377235719016,74.55,1,0,1,2,1,1,1,1,1,0,0
0.07917861394999871,0.5100321699358986,-0.019745966154397852,80.3,1,0,0,2,1,1,1,1,0,1,0
-0.5605400353090066,-0.8654251972802797,-0.2639803751859618,0.0,1,0,3,3,1,0,0,0,2,1,0
-0.701941595583178,-1.5174815848749215,0.14307697319997809,0.0,1,0,0,1,1,0,0,0,0,1,0
-0.9791281452346725,-1.4826388771408567,-1.2002122764736234,0.0,0,0,0,1,0,0,0,0,0,0,0
-0.6451396344427857,1.1737027934418955,-0.9966836022806536,100.3,0,0,2,5,0,1,1,0,2,0,0
0.07751119446499677,0.10519308959724047,0.18378270803857208,0.0,1,0,3,5,1,0,0,0,2,1,0
-1.0013969712514739,-1.4760021709057967,-1.2816237461508113,0.0,0,0,0,1,0,0,1,0,0,0,1
0.722188222718876,-0.28305422515376755,1.4456604880349857,0.0,2,0,4,5,2,0,1,1,2,1,68
-0.11371549278863825,0.659358060224748,-0.30468611002455576,84.8,1,1,0,3,1,1,1,1,0,0,0
-0.4300425208775449,0.34743286717692967,-0.6303319887333076,0.0,1,0,1,5,1,0,0,1,0,1,0
2.0791166478293417,1.2998002119080347,1.4049547531963917,104.1,2,1,2,6,2,1,1,0,0,1,0
-0.952866288345893,-1.2105339215033981,-1.1188008067964355,0.0,0,1,1,1,0,0,0,0,0,0,0
0.8062832080611414,0.20474368312314,0.9978974048104517,0.0,2,0,2,5,2,0,1,1,0,1,0
-0.767541388479962,0.19147027065302033,-0.9966836022806536,70.7,0,0,0,1,0,1,1,0,0,0,0
0.07742343554473359,-0.6663240102284806,0.9164859351332638,0.0,2,1,2,3,2,0,1,1,1,0,0
0.11298773798141801,-0.6596873039934208,0.9571916699718578,0.0,2,0,4,4,2,0,0,0,2,0,56
-0.2379821238814089,0.9961709016540415,-0.5489205190561197,94.95,1,1,0,4,1,1,0,1,0,1,0
0.7529477242711474,0.47187110908430413,0.7536629957788878,79.15,2,0,2,3,2,1,0,1,1,1,0
0.10666909572246353,-0.9699533204824742,1.4049547531963917,0.0,2,0,2,2,2,0,0,0,2,1,67
0.8975524851349277,0.5199872292884885,0.8350744654560759,80.6,2,0,2,3,2,1,1,1,1,0,0
-1.001704127472395,-1.4992306427285067,-1.2816237461508113,0.0,0,0,0,1,0,0,0,0,0,0,0
-0.8601270493576971,-1.5008898192872717,-0.6710377235719016,0.0,1,0,0,1,1,0,1,1,0,0,0
-0.3930301962565166,-0.3378070515930122,-0.2639803751859618,0.0,1,0,2,3,1,0,0,1,0,0,0
0.4261554449408475,0.36568380932334454,0.5094285867473239,0.0,1,1,2,5,1,0,1,1,1,0,0
-0.5104955110288849,-1.3117436915880627,0.590840056424512,0.0,1,1,0,2,1,0,1,0,0,1,0
0.35232825326938333,0.9812383126251565,0.020959768684196134,94.5,1,1,0,4,1,1,1,1,0,1,0
-0.44526869354321985,0.6477438243133932,-0.7117434584104956,0.0,1,0,4,7,1,0,0,0,2,0,0
-0.6446130809212061,-1.4909347599346818,0.387311382231542,0.0,1,0,0,1,1,0,0,0,0,1,42
-1.0015724890920001,-1.4892755833759168,-1.2816237461508113,0.0,0,0,0,1,0,0,1,0,0,0,0
1.4076731488951693,1.32136950717198,0.9571916699718578,104.75,2,0,2,6,2,1,0,1,0,0,0
1.2742357106348887,1.0559012577695812,0.8350744654560759,96.75,2,0,3,5,2,1,0,1,2,0,0
-0.3158681656150487,1.3329837430833347,-0.7117434584104956,105.1,1,1,3,6,1,1,0,0,2,0,0
-0.6083686468524813,-0.33448869847548224,-0.6710377235719016,0.0,1,0,4,5,1,0,1,0,2,0,16
-0.8278756461609506,-1.5008898192872717,-0.5082147842175256,0.0,1,0,0,1,1,0,1,1,0,0,0
-0.3994585371658001,1.0476053749757561,-0.7117434584104956,96.5,1,1,2,5,1,1,1,1,1,1,0
0.3773834250045429,0.5150096996121938,0.22448844287716607,80.45,1,0,1,3,1,1,1,1,1,0,0
-0.9856881245243508,-0.2880317548300625,-1.2816237461508113,0.0,0,1,0,2,0,0,0,1,0,0,0
-0.5126675443054005,-1.5042081724048018,0.9978974048104517,0.0,2,0,0,1,2,0,0,1,0,1,57
2.4651900777974713,1.4806504568134191,1.6084834273893616,109.55,2,0,3,7,2,1,1,1,1,1,72
1.3770672254533587,1.1670660872068355,0.8757802002946699,100.1,2,1,1,5,2,1,0,1,1,0,0
-0.3132573377372168,-0.3477621109456021,-0.10115743583158582,0.0,1,0,1,3,1,0,1,1,1,1,0
-0.8337554938185887,0.3540695734119893,-1.1188008067964355,75.6,0,1,0,2,0,1,0,0,0,0,0
2.16099572043496,1.4756729271371243,1.3235432835192036,109.4,2,0,3,7,2,1,0,1,1,1,0
-0.706680577277394,-1.3333129868520075,-0.30468611002455576,0.0,1,0,0,2,1,0,0,0,0,0,25
-0.6326339883052716,-1.4909347599346818,0.46872285190873,0.0,1,0,0,1,1,0,1,0,0,1,0
1.4802278362228165,0.5233055824060188,1.5677776925507676,80.7,2,0,1,3,2,1,0,1,1,1,71
-0.20632309339643923,0.44698346070282924,-0.3453918448631497,0.0,1,1,2,6,1,0,0,0,1,1,0
1.0144693066556505,0.8435266582476619,0.7536629957788878,90.35,2,0,1,4,2,1,1,1,0,1,0
1.4409337796749435,0.8551408941590172,1.2014260790034217,90.7,2,0,3,5,2,1,1,0,1,0,0
0.6683920045975,0.5116913464946635,0.590840056424512,80.35,1,1,1,3,1,1,0,0,1,1,0
-0.9172142269889452,-1.5125040551986266,-0.8338606629262776,0.0,0,0,0,1,0,0,1,0,0,0,12
-0.9995320941958796,-1.3349721634107725,-1.2816237461508113,0.0,0,1,0,0,0,0,1,1,0,0,0
2.1386610752279616,1.4441485725205894,1.4456604880349857,108.45,2,1,3,7,2,1,1,0,1,0,0
1.3487649736684586,1.3329837430833347,0.7943687306174818,105.1,2,0,2,6,2,1,1,1,0,1,0
-0.3012124259310849,-0.16193433636392318,-0.2639803751859618,0.0,1,1,2,4,1,0,0,1,1,1,0
-0.6015234510719473,0.1732193285066055,-0.7931549280876836,70.15,1,1,0,1,1,1,1,1,0,0,0
0.7326315342302036,0.1151481489498308,1.0386031396490458,0.0,2,1,2,5,2,0,0,1,2,1,0
-0.6827004523154592,-1.4892755833759168,0.1023712383613841,0.0,1,0,0,1,1,0,1,0,0,1,0
1.1422462945589513,0.9646465470375066,0.7536629957788878,94.0,2,0,1,4,2,1,1,1,0,0,0
-0.45439562125059846,-1.4959122896109767,1.3235432835192036,0.0,2,0,0,1,2,0,1,1,0,1,65
-0.4277169094905686,-0.3029643438589475,-0.38609757970174374,0.0,1,0,2,3,1,0,0,0,0,0,0
-0.8703290238383007,0.5199872292884885,-1.1595065416350294,80.6,0,0,2,3,0,1,1,1,1,1,0
0.48795966453624556,1.1786803231181906,0.06166550352279012,100.45,1,1,1,5,1,1,0,1,0,1,0
-0.5762050025759979,0.3441145140593994,-0.7931549280876836,0.0,1,0,1,5,1,0,1,1,0,1,0
1.8431987304316437,1.0276952562705766,1.4456604880349857,95.9,2,1,2,5,2,1,1,1,0,0,0
0.20925927351020998,-0.8571293144864547,1.4863662228735797,0.0,2,0,3,3,2,0,1,0,2,1,69
-0.6953377368333681,-1.4826388771408567,0.14307697319997809,0.0,1,0,0,1,1,0,0,0,0,1,36
-0.9756836076143396,-1.4743429943470319,-1.1595065416350294,0.0,0,0,0,1,0,0,0,0,0,1,0
-0.5291662213148925,-0.09390809745455836,-0.6303319887333076,0.0,1,0,2,4,1,0,1,1,2,1,0
-0.4682176511920613,0.7024966507526377,-0.7524491932490895,86.1,1,1,0,3,1,1,1,1,0,1,0
1.1216010085670203,0.13339909109624562,1.5270719577121736,0.0,2,0,2,5,2,0,1,0,1,1,70
0.9697780765115872,1.3678264508173998,0.387311382231542,106.15,1,0,2,6,1,1,1,1,1,1,0
0.5612164232259985,0.5067138168183688,0.428017117070136,0.0,1,1,2,6,1,0,1,1,1,1,0
-0.7215995937221474,0.3341594547068096,-0.9966836022806536,75.0,0,0,1,2,0,1,1,1,1,1,0
1.9476099058148522,1.4690362209020642,1.2828375486806096,109.2,2,0,3,7,2,1,1,1,1,1,64
0.32455255500606267,-0.23161975183205266,0.7943687306174818,0.0,2,0,3,4,2,0,0,0,2,0,0
0.8866923187523498,0.427073341997649,0.9164859351332638,0.0,2,0,1,5,2,0,1,1,0,0,55
-0.8873542543693724,0.17487850506537042,-1.1595065416350294,70.2,0,1,0,1,0,1,1,1,0,1,0
-0.8930585841864841,-0.5070430605870415,-1.0780950719578415,0.0,0,0,1,2,0,0,0,1,1,0,0
-0.9775923641300656,0.3242043953542197,-1.2816237461508113,74.7,0,1,0,2,0,1,1,1,0,0,0
-0.9395269324658783,-1.1773503903280982,-1.0780950719578415,0.0,0,0,1,1,0,0,0,0,1,0,0
-0.9796108192961204,0.17156015194784016,-1.2816237461508113,70.1,0,1,0,1,0,1,0,0,0,0,0
-1.0018577055828557,-1.5108448786398618,-1.2816237461508113,0.0,0,0,0,1,0,0,0,1,0,0,0
-0.5797153593865282,0.37397969211716947,-0.7931549280876836,0.0,1,1,3,6,1,0,0,1,2,1,0
-0.5225843022951484,0.4751894622018339,-0.7931549280876836,79.25,1,1,2,3,1,1,0,1,0,0,0
-0.7526223720352084,-1.3548822821159523,-0.3453918448631497,0.0,1,0,0,2,1,0,1,1,0,1,24
-0.23828928010233033,-1.2885152197653527,1.4049547531963917,0.0,2,0,0,2,2,0,0,1,0,0,67
0.9825908788700226,0.3922306342635843,1.0793088744876398,0.0,2,0,3,6,2,0,1,0,1,1,0
1.635517245628648,0.680927355488693,1.5677776925507676,0.0,2,0,4,7,2,0,1,0,2,1,71
2.110029727492074,1.4607403381082393,1.2828375486806096,108.95,2,0,3,7,2,1,0,1,2,0,0
-0.7893933596255128,0.6709722961361032,-1.0780950719578415,85.15,0,0,1,3,0,1,1,1,1,0,0
0.31439445998559074,0.5017362871420736,0.18378270803857208,80.05,1,1,2,3,1,1,0,0,0,0,0
0.09372465498363326,0.6626764133422782,-0.1418631706701798,84.9,1,1,0,3,1,1,1,1,0,0,0
-0.2338793943591017,-1.3333129868520075,1.6084834273893616,0.0,2,0,0,2,2,0,1,0,0,1,72
-0.07905071928465218,1.0310136093881064,-0.3453918448631497,96.0,1,1,1,4,1,1,1,1,1,0,0
-0.19541904755372969,0.7174292397815226,-0.4675090493789317,86.55,1,0,1,3,1,1,1,0,0,1,0
-0.9216679921923056,-0.6928708351687206,-1.1188008067964355,0.0,0,0,0,1,0,0,0,1,0,0,0
1.7334123211823103,1.079129729592291,1.2421318138420157,97.45,2,0,1,5,2,1,0,0,0,0,63
1.479218608639789,1.0476053749757561,1.1607203441648277,96.5,2,0,0,4,2,1,1,1,0,1,0
-0.5690745903046083,-1.5340733504625714,0.8350744654560759,0.0,2,0,0,1,2,0,0,0,0,0,53
-0.9990494201344315,-1.2984702791179428,-1.2816237461508113,0.0,0,0,0,0,0,0,0,1,0,0,0
-0.05177963481284532,0.6726314726948681,-0.2639803751859618,85.2,1,1,3,4,1,1,1,1,1,0,0
-0.9377498143305473,-1.4859572302583868,-0.9966836022806536,0.0,0,0,0,1,0,0,1,0,0,1,8
0.9091586023397432,0.22631297838708508,1.1200146093262338,0.0,2,1,2,5,2,0,1,1,1,0,0
-0.16955210580613495,1.0144218438004564,-0.5082147842175256,95.5,1,0,2,5,1,1,0,1,1,1,0
1.457278878573975,1.145496791942891,1.0793088744876398,99.45,2,0,3,6,2,1,0,1,1,0,0
-0.9859294615550749,-1.4842980536996218,-1.1595065416350294,0.0,0,1,0,1,0,0,1,1,0,0,0
-0.9931256930166618,-1.4992306427285067,-1.2409180113122174,0.0,0,0,0,1,0,0,1,0,0,0,0
-0.21395811945934254,-0.46058611694162177,0.14307697319997809,0.0,1,0,1,2,1,0,0,0,1,1,0
-0.7750228364324047,-1.4859572302583868,-0.30468611002455576,0.0,1,0,0,1,1,0,1,1,0,0,0
1.6777292862752744,0.6062644103442684,1.5677776925507676,0.0,2,1,3,7,2,0,1,0,2,1,71
1.5976712112651188,1.1438376153841259,1.1607203441648277,99.4,2,0,3,6,2,1,1,0,2,1,0
0.156296765131335,0.3374778078243394,0.18378270803857208,0.0,1,0,2,5,1,0,0,0,1,1,0
0.8984300743375603,0.5813767619627935,0.8757802002946699,0.0,2,0,3,7,2,0,0,0,2,0,0
2.573177429181408,1.6167029346321486,1.5677776925507676,113.65,2,0,4,8,2,1,0,0,2,1,71
-0.975639728154208,0.47187110908430413,-1.2816237461508113,79.15,0,1,1,3,0,1,1,1,0,0,0
1.7210383134251912,0.7207475928990529,1.6084834273893616,0.0,2,0,4,8,2,0,1,0,2,0,72
0.1424308557297404,0.8335715988950722,-0.10115743583158582,90.05,1,1,1,4,1,1,0,1,0,1,0
-0.37765044548038096,-0.49874717779321653,-0.10115743583158582,0.0,1,1,0,2,1,0,1,0,0,1,0
0.952357930839331,0.7439760647217625,0.7536629957788878,87.35,2,1,3,5,2,1,1,1,1,0,0
-0.21319022890703906,0.6576988836659831,-0.4268033145403377,84.75,1,1,0,3,1,1,0,1,0,0,0
2.1892102132995963,1.3379612727596297,1.5677776925507676,105.25,2,1,3,6,2,1,1,1,1,1,71
0.1482887636573129,-0.1503201004525682,0.428017117070136,0.0,1,0,3,5,1,0,0,1,2,1,0
-0.9795888795660546,0.1732193285066055,-1.2816237461508113,70.15,0,0,0,1,0,1,0,1,0,0,0
2.135019080037036,1.1438376153841259,1.5677776925507676,99.4,2,1,4,6,2,1,0,1,2,1,71
0.4467568514726468,0.4950995809070136,0.346605647392948,0.0,1,0,3,6,1,0,0,1,2,0,0
-0.4373265112593951,0.27276992203250505,-0.5896262538947137,73.15,1,1,0,2,1,1,1,1,0,1,0
-0.27655216933711,-1.3150620447055927,1.3642490183577978,0.0,2,0,0,2,2,0,1,1,0,1,66
-0.9761224022156558,0.435369224791474,-1.2816237461508113,78.05,0,1,0,2,0,1,0,0,0,0,0
0.6403749693034556,1.1471559685016557,0.18378270803857208,99.5,1,1,1,5,1,1,0,1,0,1,0
-0.839635341476227,-0.2880317548300625,-1.0780950719578415,0.0,0,1,2,3,0,0,0,0,1,0,0
-1.001353091791342,-1.472683817788267,-1.2816237461508113,0.0,0,0,0,1,0,0,0,0,0,1,0
0.3095896591011776,0.9978300782128064,0.020959768684196134,95.0,1,0,2,5,1,1,0,1,1,1,0
0.881931397328068,0.9862158423014517,0.5501343215859179,94.65,1,1,2,5,1,1,1,1,0,1,0
2.0068032975324193,1.5486766957227835,1.1607203441648277,111.6,2,0,3,7,2,1,1,1,2,0,61
-0.5724094292746121,-1.5191407614336867,0.9164859351332638,0.0,2,0,0,1,2,0,0,0,0,1,0
0.2356527687793843,0.46523440284924406,0.18378270803857208,78.95,1,0,1,3,1,1,0,1,0,1,0
-0.549175255134915,-0.9882042626288892,-0.019745966154397852,0.0,1,1,2,2,1,0,0,1,1,1,0
-0.9532173240269461,-1.5008898192872717,-0.9966836022806536,0.0,0,0,0,1,0,0,1,0,0,1,8
2.0589101564387273,1.2002496183821352,1.5270719577121736,101.1,2,0,4,6,2,1,1,1,2,1,70
-0.3401115673377732,-0.4821554122055666,-0.10115743583158582,0.0,1,0,1,2,1,0,1,1,0,1,0
1.080485954423685,0.473530285643069,1.1200146093262338,79.2,2,0,1,3,2,1,0,1,0,0,0
-1.0014189109815395,-1.477661347464562,-1.2816237461508113,0.0,0,0,0,1,0,0,0,0,0,0,0
0.6108440926348698,1.4922646927247742,0.020959768684196134,109.9,1,0,3,7,1,1,1,1,2,1,0
1.9520856107482787,1.3744631570524595,1.1607203441648277,106.35,2,1,2,6,2,1,0,1,1,1,0
-0.7613763243314683,1.102358201415001,-1.0780950719578415,98.15,0,0,4,6,0,1,0,1,2,0,0
-0.22609079018573774,-1.3183803978231226,1.6084834273893616,0.0,2,0,0,2,2,0,0,0,0,1,72
-0.973423815417561,-1.5290958207862766,-1.1595065416350294,0.0,0,0,0,1,0,0,1,0,0,1,0
1.7684061906372837,1.4209201006978793,1.0386031396490458,107.75,2,1,3,7,2,1,0,1,1,0,0
-1.0013311520612762,-1.4710246412295018,-1.2816237461508113,0.0,0,0,0,1,0,0,1,0,0,0,0
-0.650756205339634,1.1919537355883103,-0.9966836022806536,100.85,0,1,1,5,0,1,1,0,0,0,0
-0.9760127035653268,-1.4992306427285067,-1.1595065416350294,0.0,0,0,0,1,0,0,1,0,0,0,0
2.44831842537686,1.522129870782544,1.6084834273893616,110.8,2,0,3,7,2,1,0,1,1,1,72
-0.48024062326812733,-0.4124699967374369,-0.3453918448631497,0.0,1,0,4,5,1,0,0,1,2,1,24
-0.787945337441169,0.13505826765501053,-1.0373893371192475,69.0,0,1,0,1,0,1,0,1,0,1,0
-0.6942407503300774,0.3441145140593994,-0.9152721326034655,75.3,0,1,1,2,0,1,1,0,1,1,0
-0.9408652559998928,0.3490920437356946,-1.2409180113122174,75.45,0,0,0,2,0,1,0,1,0,0,0
-0.3272329457891404,0.9215079565096169,-0.6303319887333076,92.7,1,0,3,5,1,1,0,1,1,0,0
0.7873272812842778,0.13837662077254032,1.0793088744876398,0.0,2,0,2,5,2,0,1,1,2,1,0
2.5801762030724023,1.6167029346321486,1.6084834273893616,113.65,2,0,4,8,2,1,0,1,2,1,72
1.8777318655552346,1.0492645515345211,1.4456604880349857,96.55,2,0,2,5,2,1,0,1,1,1,0
-0.7721048523336513,-1.4942531130522119,-0.1825689055087738,0.0,1,0,0,1,1,0,0,0,0,1,0
-0.04366193468849413,-0.20507292689181286,0.18378270803857208,0.0,1,0,3,4,1,0,1,1,2,1,0
-0.5600134817874272,-1.5075265255223318,0.9164859351332638,0.0,2,0,0,1,2,0,1,0,0,1,0
1.168113236306546,1.4441485725205894,0.5094285867473239,108.45,1,0,3,7,1,1,1,1,2,0,0
1.441964946988037,0.6278337056082129,1.4049547531963917,83.85,2,0,2,4,2,1,1,0,1,1,0
1.899649655890983,1.3329837430833347,1.3235432835192036,105.1,2,0,2,6,2,1,1,0,0,0,65
1.3756850224592125,0.3457736906181643,1.5270719577121736,0.0,2,0,2,5,2,0,0,0,2,1,70
-0.2760914350057278,-1.3051069853530026,1.4863662228735797,0.0,2,0,0,2,2,0,0,1,0,1,69
-0.2431160207168094,-1.3150620447055927,1.3235432835192036,0.0,2,0,0,2,2,0,0,1,0,1,65
1.6892695842898924,0.659358060224748,1.5677776925507676,84.8,2,1,2,4,2,1,1,1,1,1,71
0.8056688956192983,-0.15197927701133307,1.5270719577121736,0.0,2,1,3,5,2,0,1,0,1,1,0
0.5067400734725823,-0.17023021915774814,0.9571916699718578,0.0,2,0,3,4,2,0,1,1,1,1,56
0.7713770975264312,1.0011484313303363,0.46872285190873,95.1,1,0,4,6,1,1,0,1,2,1,0
-0.7501431825377716,-0.5269531792922214,-0.8338606629262776,0.0,0,0,1,2,0,0,1,1,0,0,0
-0.9903174075682377,-0.6381180087294758,-1.2816237461508113,0.0,0,1,0,1,0,0,0,1,0,1,0
0.19442801598571963,0.704155827311403,0.020959768684196134,86.15,1,0,0,3,1,1,0,0,0,1,0
-0.32775949931071985,1.0177401969179862,-0.6710377235719016,95.6,1,0,2,5,1,1,0,1,0,0,0
0.5892992777102405,0.6610172367835129,0.428017117070136,84.85,1,1,0,3,1,1,1,1,0,0,0
0.06355752614313898,0.2594965095623849,0.020959768684196134,0.0,1,0,3,6,1,0,1,1,1,1,0
0.22128224558627613,0.8285940692187774,-0.06045170099299184,89.9,1,1,1,4,1,1,0,1,0,0,0
-0.883514801607855,0.866755130070372,-1.2002122764736234,91.05,0,1,1,4,0,1,1,0,0,0,0
0.7708505440048515,0.6444254711958629,0.6722515261016999,0.0,2,1,3,7,2,0,1,0,2,1,0
-0.9692552667050562,-0.6713015399047756,-1.2409180113122174,0.0,0,1,0,1,0,0,1,1,0,0,0
-0.6708968775400512,0.9646465470375066,-0.9966836022806536,94.0,0,1,2,5,0,1,1,1,0,0,0
0.014346711605518274,0.8252757161012472,-0.2639803751859618,89.8,1,1,2,4,1,1,1,0,0,0,0
-1.0017918863926583,-1.5058673489635668,-1.2816237461508113,0.0,0,0,0,1,0,0,1,0,0,0,0
0.80854300025792,-0.2083912800093429,1.5677776925507676,0.0,2,0,3,5,2,0,0,0,2,1,71
0.8606498591642284,-0.16359351292268806,1.6084834273893616,0.0,2,1,3,5,2,0,0,1,1,1,72
1.211882997787845,0.3374778078243394,1.4049547531963917,0.0,2,0,3,6,2,0,0,0,1,1,0
-0.5904000079285796,-0.34942128750436724,-0.5896262538947137,0.0,1,0,2,3,1,0,0,1,1,1,0
1.6230335392211999,1.034331962505636,1.2014260790034217,96.1,2,1,2,5,2,1,1,0,1,1,0
0.25245860200979775,1.050923728093286,-0.06045170099299184,96.6,1,0,2,5,1,1,1,1,1,0,0
-0.9408871957299587,-1.4826388771408567,-0.9966836022806536,0.0,0,0,0,1,0,0,1,0,0,1,0
0.3315293891669916,-0.6746198930223056,1.5270719577121736,0.0,2,0,4,4,2,0,0,1,2,0,70
0.8603865824034385,-0.1370466879824483,1.4863662228735797,0.0,2,0,3,5,2,0,1,1,1,1,0
-0.9706155299691367,0.8518225410414869,-1.2816237461508113,90.6,0,1,0,3,0,1,0,0,0,0,0
-0.2016499308924209,0.4519609903791239,-0.38609757970174374,0.0,1,1,2,6,1,0,0,1,1,0,0
1.6637536782233509,0.7207475928990529,1.6084834273893616,0.0,2,0,3,7,2,0,1,0,2,1,72
0.5507292322545394,0.1599459160364854,0.7129572609402939,69.75,2,0,0,1,2,1,0,1,0,1,0
0.772452144299656,0.8451858348064274,0.46872285190873,90.4,1,0,1,4,1,1,1,1,0,0,0
-0.38568038668446886,-1.4892755833759168,1.6084834273893616,0.0,2,0,0,1,2,0,0,0,0,1,72
-0.9107858860796618,-1.1839870965631583,-0.9966836022806536,0.0,0,0,1,1,0,0,0,1,0,0,0
-0.435922368535183,-0.9749308501587693,0.26519417771576004,0.0,1,0,2,2,1,0,1,0,1,0,0
-0.6186583802533481,-0.4954288246756865,-0.5896262538947137,0.0,1,0,1,2,1,0,0,1,0,0,0
0.2452184910880791,0.9629873704787417,-0.019745966154397852,93.95,1,0,1,4,1,1,1,1,0,1,0
2.044890668926672,1.118949967002651,1.5677776925507676,98.65,2,0,1,5,2,1,1,1,0,1,0
-0.9483028244922038,0.19147027065302033,-1.2409180113122174,70.7,0,1,0,1,0,1,0,1,0,1,0
-0.4505342287590152,-1.5008898192872717,1.2421318138420157,0.0,2,0,0,1,2,0,1,0,0,1,63
0.10791966033621508,-0.16359351292268806,0.428017117070136,0.0,1,1,1,3,1,0,1,1,0,0,43
0.6262238434110056,0.695859944517578,0.387311382231542,85.9,1,0,2,4,1,1,0,1,1,1,0
-0.7677169063204885,-1.3200395743818876,-0.3453918448631497,0.0,1,0,0,2,1,0,0,0,0,0,24
0.6165045429918499,-0.1967770440979879,1.2421318138420157,0.0,2,1,3,5,2,0,1,0,1,1,63
-0.9470303201483866,-1.4826388771408567,-1.0373893371192475,0.0,0,0,0,1,0,0,1,0,0,1,0
-0.8460417426554446,-1.5108448786398618,-0.5082147842175256,0.0,1,1,0,1,1,0,1,1,0,0,0
-0.6307910509797432,-1.4743429943470319,0.46872285190873,0.0,1,0,0,1,1,0,1,1,0,1,0
-0.22683674100797535,-0.13372833486491825,-0.1825689055087738,0.0,1,0,3,4,1,0,1,0,2,1,0
-0.7681776406518706,-0.13372833486491825,-0.9966836022806536,0.0,0,0,1,3,0,0,1,0,1,1,0
2.3638724043535424,1.5022197520773641,1.5270719577121736,110.2,2,1,3,7,2,1,0,1,1,1,70
1.341897838157859,0.31424933600162985,1.6084834273893616,0.0,2,0,4,6,2,0,1,0,2,1,72
-0.983538030977901,-0.1254324520710933,-1.2816237461508113,0.0,0,1,2,4,0,0,1,0,1,0,0
-0.22716583695896256,-1.3051069853530026,1.4049547531963917,0.0,2,0,0,2,2,0,1,0,0,1,67
0.3786778690784258,0.8219573629837174,0.1023712383613841,89.7,1,1,2,4,1,1,1,1,1,1,0
0.5167884698427251,0.33913698438310474,0.5094285867473239,0.0,1,0,3,6,1,0,1,0,2,1,45
-0.9155029280438118,-1.5008898192872717,-0.8745663977648716,0.0,0,0,0,1,0,0,0,0,0,0,0
-0.9009349472801113,-0.12045492239479837,-1.1595065416350294,0.0,0,1,1,3,0,0,1,1,1,0,0
-0.8804212996685752,-1.4876164068171518,-0.6710377235719016,0.0,1,0,0,1,1,0,0,0,0,0,0
-0.8395695222860294,-1.5058673489635668,-0.5896262538947137,0.0,1,0,0,1,1,0,0,1,0,0,0
-0.8241239523196964,0.9746016063900964,-1.1595065416350294,94.3,0,1,0,4,0,1,0,1,0,0,0
-0.8378582233408959,-1.4793205240233267,-0.5082147842175256,0.0,1,0,0,1,1,0,0,0,0,1,0
1.5799000299118093,0.7920921849259474,1.4049547531963917,0.0,2,0,4,8,2,0,1,1,2,0,0
0.796059293850472,1.102358201415001,0.30589991255435406,98.15,1,0,4,6,1,1,1,1,2,1,0
-0.9623223120042589,-1.459410405318147,-1.0780950719578415,0.0,0,0,0,1,0,0,0,1,0,0,0
1.3531967991417533,0.9430772517735615,1.0793088744876398,93.35,2,1,2,5,2,1,0,0,1,1,0
-0.16229005515435052,-0.8372191957812748,0.7129572609402939,0.0,2,0,3,3,2,0,0,0,1,0,50
-0.973160538656771,0.659358060224748,-1.2816237461508113,84.8,0,1,1,3,0,1,1,1,1,1,0
-0.750318700378298,-0.7011667179625456,-0.7931549280876836,0.0,1,1,0,1,1,0,0,0,0,1,0
-0.8053874228434912,-1.3349721634107725,-0.4675090493789317,0.0,1,0,0,2,1,0,1,0,0,0,0
0.9393915503704349,1.3728039804936945,0.346605647392948,106.3,1,1,2,6,1,1,0,1,0,0,0
0.6081674455668405,1.3412796258771595,0.06166550352279012,105.35,1,0,3,6,1,1,0,1,1,0,0
0.2213700045065393,1.1239274966789456,-0.1418631706701798,98.8,1,0,2,5,1,1,1,1,1,0,0
0.12435251815550971,0.0056424960713409395,0.30589991255435406,0.0,1,0,2,4,1,0,0,0,1,0,0
-0.9796766384863179,0.16658262227154547,-1.2816237461508113,69.95,0,1,0,1,0,1,1,0,0,0,0
1.134984243907167,1.1089949076500607,0.6722515261016999,98.35,2,1,1,5,2,1,0,1,0,1,0
-0.0911395105509156,-0.17686692539280796,0.1023712383613841,0.0,1,1,2,4,1,0,1,1,1,0,0
-0.818156345741795,-0.3378070515930122,-0.9966836022806536,0.0,0,0,0,2,0,0,1,1,0,0,0
-0.4400250980574903,0.11348897239106542,-0.5896262538947137,0.0,1,1,3,5,1,0,1,1,2,0,0
1.2552578441279596,1.3313245665245697,0.7129572609402939,105.05,2,0,2,6,2,1,1,1,1,1,50
0.14304516817158322,0.697519121076343,-0.019745966154397852,85.95,1,0,0,3,1,1,0,1,0,1,0
-0.5359236581751634,-0.5053838840282764,-0.38609757970174374,0.0,1,0,1,2,1,0,0,0,0,0,0
-0.9041600875997858,0.450301813820359,-1.2002122764736234,78.5,0,1,0,2,0,1,1,1,0,0,0
0.24570116514952717,0.46523440284924406,0.22448844287716607,0.0,1,0,2,6,1,0,1,0,0,1,0
1.1445719059459278,1.0442870218582263,0.7536629957788878,96.4,2,0,2,5,2,1,1,1,1,1,0
-0.8824836342947616,-0.29135010794759253,-1.1188008067964355,0.0,0,1,2,3,0,0,1,0,1,0,0
1.670554994543753,1.0310136093881064,1.2421318138420157,96.0,2,1,1,4,2,1,0,1,0,1,0
-0.9789306876640801,0.2229946252695553,-1.2816237461508113,71.65,0,1,0,1,0,1,1,1,0,0,0
-0.9418744835829203,-0.8753802566328698,-1.1595065416350294,0.0,0,0,1,2,0,0,1,0,1,1,0
0.05221468569911316,-0.15861598324639314,0.387311382231542,0.0,1,0,2,4,1,0,0,1,1,0,0
2.0746409428959156,1.1803394996769556,1.5677776925507676,100.5,2,0,3,6,2,1,0,0,1,1,71
-0.9903174075682377,-0.6381180087294758,-1.2816237461508113,0.0,0,0,0,1,0,0,1,1,0,0,0
0.15537529646857068,0.8352307754538371,-0.1418631706701798,90.1,1,0,2,4,1,1,1,0,1,1,0
0.2968865553930711,0.9812383126251565,-0.06045170099299184,94.5,1,1,1,4,1,1,1,1,0,0,0
-0.7699986382473332,0.0006649663950462456,-0.9559778674420595,0.0,0,0,2,4,0,0,1,0,2,0,0
-0.5610885285606521,-0.18350363162786804,-0.6710377235719016,0.0,1,1,1,3,1,0,0,0,1,0,0
-1.0014189109815395,-1.477661347464562,-1.2816237461508113,0.0,0,0,0,1,0,0,1,0,0,0,0
0.22020719881305112,0.9679649001550363,-0.10115743583158582,94.1,1,0,2,5,1,1,0,1,1,1,0
-0.6072497206191247,-1.5241182911099815,0.6722515261016999,0.0,2,0,0,1,2,0,0,0,0,1,0
-0.2854377600137647,0.15165003324266044,-0.38609757970174374,0.0,1,0,2,5,1,0,0,1,1,1,0
-0.9775046052098022,0.33084110158927976,-1.2816237461508113,74.9,0,1,1,2,0,1,0,1,0,0,0
-0.801635729002237,-0.5103614137045716,-0.9152721326034655,0.0,0,0,1,2,0,0,1,0,0,1,0
-0.4568528710179696,-1.3266762806169474,0.7129572609402939,0.0,2,0,0,2,2,0,1,0,0,1,50
1.3924250364994286,0.9679649001550363,1.1200146093262338,94.1,2,0,2,5,2,1,0,1,1,1,0
-1.001462790441671,-1.480979700582092,-1.2816237461508113,0.0,0,0,0,1,0,0,0,1,0,0,0
-0.9584609195126755,-0.09556727401332349,-1.2409180113122174,0.0,0,0,0,3,0,0,1,0,0,0,0
0.0003272240934629932,0.33084110158927976,-0.019745966154397852,74.9,1,1,0,2,1,1,1,1,0,1,0
-0.7166192749972077,-1.4892755833759168,0.020959768684196134,0.0,1,0,0,1,1,0,0,0,0,1,0
-0.01718068049905664,1.0492645515345211,-0.3453918448631497,96.55,1,1,1,4,1,1,0,1,0,1,24
0.9795193166608086,1.560290931634139,0.346605647392948,111.95,1,1,3,7,1,1,1,1,1,1,0
-0.2918880406531139,-0.8504926082513949,0.30589991255435406,0.0,1,1,1,2,1,0,0,1,0,1,0
-0.587394264909563,-1.3233579274994176,0.22448844287716607,0.0,1,0,0,2,1,0,1,0,0,1,38
2.1046325538958834,1.5486766957227835,1.2828375486806096,111.6,2,0,3,7,2,1,1,1,2,1,64
0.734233134525008,-0.1420242176587432,1.4456604880349857,0.0,2,0,3,4,2,0,0,1,1,1,0
0.5321024014286634,-0.5169981199396313,1.5677776925507676,0.0,2,1,1,3,2,0,1,0,0,1,71
0.5125979814001548,1.2898451525554449,0.06166550352279012,103.8,1,1,2,6,1,1,1,1,1,0,0
-0.281971282663366,0.8518225410414869,-0.5489205190561197,90.6,1,1,1,4,1,1,1,1,1,0,0
-1.001506669901803,-1.4842980536996218,-1.2816237461508113,0.0,0,0,0,1,0,0,1,0,0,0,0
-0.24577072805477287,1.24836573858632,-0.6303319887333076,102.55,1,1,2,6,1,1,1,1,0,1,0
1.4669762392630648,1.2998002119080347,0.8757802002946699,104.1,2,0,2,6,2,1,0,1,1,1,0
0.09168426008751271,-0.09556727401332349,0.30589991255435406,0.0,1,0,3,5,1,0,1,0,1,0,0
1.1375731320549332,1.6631598782775683,0.428017117070136,115.05,1,0,4,8,1,1,0,0,2,0,43
-0.5718170565628351,0.3341594547068096,-0.7931549280876836,75.0,1,0,0,2,1,1,0,1,0,0,0
-0.2647924740218336,-1.3100845150292975,1.3642490183577978,0.0,2,0,0,2,2,0,1,0,0,0,0
-0.9900980102675796,-0.6215262431418258,-1.2816237461508113,0.0,0,0,0,1,0,0,1,0,0,0,0
-0.9748498978718388,-0.6480730680820658,-1.2409180113122174,0.0,0,1,0,1,0,0,0,1,0,0,0
-0.6645782352810968,-1.3299946337344775,-0.1418631706701798,0.0,1,0,0,0,1,0,1,1,0,0,0
0.037361488444557105,1.1720436168831305,-0.30468611002455576,100.25,1,1,1,5,1,1,0,1,0,0,0
-0.6417389762825845,-0.7642154271956153,-0.4675090493789317,0.0,1,1,1,2,1,0,0,1,1,0,0
0.37058210868414054,0.6145602931380933,0.22448844287716607,83.45,1,1,1,3,1,1,0,1,1,1,0
-0.9640774904095241,-1.5241182911099815,-1.0780950719578415,0.0,0,0,0,1,0,0,0,0,0,1,0
1.5096490142410732,1.3014593884668002,0.9164859351332638,104.15,2,1,2,6,2,1,1,1,1,1,0
1.5617339334173155,1.1471559685016557,1.0793088744876398,99.5,2,0,1,5,2,1,1,1,0,1,59
-0.6061088546557024,-1.5091857020810966,0.6722515261016999,0.0,2,0,0,1,2,0,0,0,0,0,0
-0.9272406836290223,-1.5042081724048018,-0.9152721326034655,0.0,0,0,0,1,0,0,1,0,0,1,0
-0.16915719066495036,0.5332606417586087,-0.38609757970174374,81.0,1,1,1,3,1,1,1,1,0,0,0
-1.001484730171737,-1.4826388771408567,-1.2816237461508113,0.0,0,0,0,1,0,0,0,1,0,0,0
0.3420385198685164,1.0990398482974708,-0.06045170099299184,98.05,1,0,2,5,1,1,1,0,1,1,0
0.7818204090377585,0.25451897988608974,0.9571916699718578,0.0,2,0,2,5,2,0,0,1,2,1,56
1.4929748193910544,0.5233055824060188,1.5677776925507676,0.0,2,0,3,6,2,0,0,1,1,1,71
0.5665697173620573,0.473530285643069,0.5501343215859179,0.0,1,0,2,6,1,0,0,0,1,0,46
-0.5389732806543115,0.31424933600162985,-0.7117434584104956,74.4,1,1,1,2,1,1,1,1,0,0,0
-0.9875530015799451,-1.4959122896109767,-1.2409180113122174,0.0,0,0,0,1,0,0,0,0,0,1,0
-0.2766618679874391,-1.3631781649097774,1.5677776925507676,0.0,2,0,0,2,2,0,0,0,0,1,71
-0.6554074281135865,-1.5042081724048018,0.30589991255435406,0.0,1,0,0,1,1,0,1,0,0,1,40
-0.9418086643927228,-1.4859572302583868,-0.9966836022806536,0.0,0,0,0,1,0,0,0,0,0,1,0
-0.7808368648998454,-0.6596873039934208,-0.8338606629262776,0.0,0,1,0,1,0,0,0,1,0,0,0
-0.8630450334564504,0.9928525485365113,-1.2002122764736234,94.85,0,1,0,4,0,1,1,1,0,0,0
-0.24136084231154428,1.0127626672416914,-0.5896262538947137,95.45,1,1,0,4,1,1,1,1,0,0,0
2.430042630232037,1.4358526897267645,1.6084834273893616,108.2,2,1,3,7,2,1,1,1,1,1,72
1.9993437893100423,0.9911933719777464,1.5270719577121736,0.0,2,0,4,8,2,0,0,1,2,1,70
0.5299303681521479,0.31590851256039476,0.590840056424512,0.0,1,0,2,5,1,0,0,0,1,0,47
-0.2561043409157713,-0.21170963312687294,-0.1418631706701798,0.0,1,0,2,4,1,0,0,1,1,0,0
-0.38177511473275405,-1.472683817788267,1.6084834273893616,0.0,2,1,0,1,2,0,1,0,0,1,72
-0.3095934028162259,-0.790762252135855,0.26519417771576004,0.0,1,0,3,3,1,0,0,0,1,0,0
-0.9442220346999624,-1.4760021709057967,-1.0373893371192475,0.0,0,0,0,1,0,0,0,0,0,1,0
1.998422320647278,1.0193993734767515,1.5677776925507676,95.65,2,0,2,5,2,1,0,0,1,1,0
0.953630435183148,0.7506127709568226,0.7536629957788878,87.55,2,0,0,3,2,1,0,0,0,0,0
1.2908660260247755,1.1737027934418955,0.7943687306174818,100.3,2,1,2,5,2,1,0,0,1,1,0
0.9309447542950965,1.0061259610066313,0.5501343215859179,95.25,1,0,1,4,1,1,0,0,0,0,0
0.5799529527022038,0.9862158423014517,0.22448844287716607,94.65,1,1,2,5,1,1,1,1,0,1,0
-0.8512633984111084,-1.0081143813340692,-0.9152721326034655,0.0,0,0,0,1,0,0,1,1,0,1,0
2.6465219467914243,1.6498864658074486,1.6084834273893616,114.65,2,0,4,8,2,1,0,1,2,1,72
-0.35432851242042074,0.4569385200554191,-0.5489205190561197,78.7,1,0,0,2,1,1,1,1,0,0,0
-0.8930366444564182,0.6294928821669784,-1.2002122764736234,83.9,0,0,1,3,0,1,0,1,1,1,0
1.4272653278439416,0.5813767619627935,1.4863662228735797,0.0,2,0,3,6,2,0,0,1,2,0,69
-0.5367134884575326,-1.4876164068171518,0.8757802002946699,0.0,2,0,0,1,2,0,0,0,0,0,54
-0.7791475056847776,-0.7061442476388405,-0.8338606629262776,0.0,0,1,2,3,0,0,1,1,1,0,0
-0.9490487753144414,-1.456092052200617,-0.9966836022806536,0.0,0,0,0,1,0,0,0,0,0,1,0
-0.12220616832410834,0.8319124223363072,-0.38609757970174374,90.0,1,1,2,4,1,1,1,1,1,1,0
-0.7762295215860244,0.3125901594428645,-1.0373893371192475,74.35,0,0,1,2,0,1,1,0,1,0,0
-0.8267786596576598,0.14335415044883548,-1.0780950719578415,69.25,0,0,0,1,0,1,0,1,0,0,0
-0.6298037631267815,-1.5290958207862766,0.5094285867473239,0.0,1,0,0,1,1,0,1,0,0,0,0
1.545498533168613,0.5282831120823135,1.6084834273893616,0.0,2,0,4,7,2,0,0,0,2,1,72
-1.0014408507116053,-1.4793205240233267,-1.2816237461508113,0.0,0,0,0,1,0,0,0,1,0,0,0
-0.7358384785348607,-1.3631781649097774,-0.38609757970174374,0.0,1,0,0,2,1,0,0,0,0,1,23
1.9503304323430135,0.9862158423014517,1.6084834273893616,94.65,2,1,1,4,2,1,1,1,0,1,0
1.2842841070050313,0.3507512202944595,1.4049547531963917,0.0,2,1,1,5,2,0,0,1,1,1,67
-0.06625985665628258,-0.4539494107065617,0.428017117070136,0.0,1,0,3,4,1,0,0,1,2,1,0
-0.9903393472983034,-0.6397771852882409,-1.2816237461508113,0.0,0,1,0,1,0,0,1,1,0,0,0
1.7713461144661027,1.3080960947018598,1.1200146093262338,104.35,2,1,2,6,2,1,1,1,0,1,0
-0.9434760838777247,0.4950995809070136,-1.2409180113122174,79.85,0,1,2,3,0,1,1,1,1,0,0
-0.9772193887189465,0.3524103968532244,-1.2816237461508113,75.55,0,1,1,2,0,1,0,0,0,0,0
1.51846878572753,0.4619160497317138,1.6084834273893616,0.0,2,0,4,7,2,0,1,0,2,1,72
0.26292385325119116,0.8186390098661871,-0.019745966154397852,89.6,1,1,1,4,1,1,0,0,1,1,0
1.3190585791593465,0.8202981864249524,1.1607203441648277,0.0,2,1,4,8,2,0,0,0,2,0,61
2.060007142942018,1.505538105194894,1.2828375486806096,110.3,2,0,3,7,2,1,0,0,2,1,64
-0.881145310760747,-1.5058673489635668,-0.7524491932490895,0.0,1,0,0,1,1,0,0,0,0,1,0
-0.5663979432365791,0.5166688761709587,-0.7931549280876836,80.5,1,1,0,2,1,1,0,1,0,0,0
-0.7931011740066353,-1.459410405318147,-0.30468611002455576,0.0,1,0,0,1,1,0,1,1,0,1,0
0.06913021757985585,-0.35108046406313215,0.5501343215859179,0.0,1,0,2,3,1,0,0,0,1,0,46
-0.9227210992354646,-0.6314813024944159,-1.1595065416350294,0.0,0,1,0,1,0,0,1,1,0,0,0
-0.5965870118071391,-1.4760021709057967,0.590840056424512,0.0,1,0,0,1,1,0,1,0,0,0,47
0.626158024220808,0.1582867394777205,0.8350744654560759,0.0,2,0,3,5,2,0,1,1,2,1,53
-0.7627146478654829,0.16990097538907525,-0.9559778674420595,0.0,0,0,1,4,0,0,1,1,0,1,0
2.469512204620437,1.4341935131679995,1.5270719577121736,108.15,2,0,3,7,2,1,0,1,1,1,0
0.9859037781099605,0.8352307754538371,0.7129572609402939,90.1,2,0,4,5,2,1,1,1,2,0,0
-0.7013272831413353,0.2943392172964497,-0.9559778674420595,73.8,0,1,1,2,0,1,1,1,0,0,0
-0.3970890463186922,-1.497571466169742,1.5270719577121736,0.0,2,0,0,1,2,0,0,0,0,1,70
2.4140485670140586,1.7726655311560575,1.4049547531963917,118.35,2,0,4,8,2,1,1,1,2,0,0
-1.0017480069325266,-1.5025489958460367,-1.2816237461508113,0.0,0,0,0,1,0,0,1,1,0,0,0
1.1218423455977444,0.3092718063253347,1.3642490183577978,74.25,2,0,0,2,2,1,0,1,0,1,0
-0.5010394873705191,-1.480979700582092,1.0386031396490458,0.0,2,0,0,1,2,0,0,0,0,1,58
0.0,-0.410810820178672,-1.3223294809894055,0.0,0,0,3,4,0,0,0,1,2,1,0
-0.9466792844673335,0.1566275629189556,-1.2409180113122174,69.65,0,1,0,1,0,1,0,0,0,0,0
-0.6547492362116121,-1.4959122896109767,0.346605647392948,0.0,1,0,0,1,1,0,0,1,0,0,41
-0.8818912615829847,0.4619160497317138,-1.1595065416350294,78.85,0,1,0,2,0,1,0,1,0,0,0
-0.8323952305545083,-1.4859572302583868,-0.38609757970174374,0.0,1,0,0,1,1,0,1,0,0,0,0
0.7020694902485246,-0.029200211662723803,1.1607203441648277,0.0,2,0,1,4,2,0,1,0,0,1,0
-0.9385835240730482,-1.4892755833759168,-0.9966836022806536,0.0,0,0,0,1,0,0,0,0,0,0,0
-0.9773071476392099,0.3457736906181643,-1.2816237461508113,75.35,0,1,1,2,0,1,1,1,0,0,0
-0.7445046719108572,-1.2835376900890578,-0.4268033145403377,0.0,1,0,0,2,1,0,0,0,0,0,22
-0.9698037599567015,-0.5684325932613462,-1.2409180113122174,0.0,0,1,1,2,0,0,1,1,1,0,0
0.945841831009784,0.42541416543888416,0.9164859351332638,77.75,2,1,1,3,2,1,0,1,0,1,0
0.9437136771934004,0.3125901594428645,1.1200146093262338,74.35,2,0,0,2,2,1,1,0,0,1,0
1.1836246254630767,1.0028076078891015,0.7536629957788878,95.15,2,0,2,5,2,1,0,1,2,1,0
-0.7792572043351067,0.5100321699358986,-1.0373893371192475,80.3,0,0,0,2,0,1,0,1,0,0,0
-0.9526030115851033,0.15496838636019022,-1.2409180113122174,69.6,0,1,0,1,0,1,0,1,0,0,0
0.2698129284918567,0.6759498258123978,0.1023712383613841,85.3,1,0,2,4,1,1,0,0,1,0,0
1.7835226646526294,0.8236165395424823,1.5270719577121736,0.0,2,0,4,8,2,0,0,0,2,0,70
-0.9712079026809136,0.8070247739548323,-1.2816237461508113,89.25,0,1,0,3,0,1,1,1,0,0,0
-0.6639200433791224,-1.3216987509406526,-0.10115743583158582,0.0,1,0,0,2,1,0,0,1,0,1,30
-0.8499689543372253,-0.5004063543519814,-0.9966836022806536,0.0,0,1,1,2,0,0,0,1,1,0,0
-0.8647343926715181,0.17653768162413533,-1.1188008067964355,70.25,0,0,0,1,0,1,1,1,0,0,0
-0.7380763310015738,0.04380355692293595,-0.9559778674420595,0.0,0,0,2,4,0,0,0,0,1,0,0
-0.6484744734127893,0.3192268656779245,-0.8745663977648716,74.55,0,1,1,2,0,1,1,1,0,0,0
0.04056468903416603,-0.8488334316926298,1.2421318138420157,0.0,2,0,3,3,2,0,1,0,1,1,63
-0.6137877601787374,-1.3648373414685424,0.26519417771576004,0.0,1,0,0,2,1,0,1,1,0,1,39
-0.3051396376128656,0.9779199595076267,-0.6303319887333076,94.4,1,1,2,5,1,1,0,0,1,1,0
-0.6710943351106435,-0.3543988171806622,-0.7524491932490895,0.0,1,0,1,3,1,0,0,1,0,0,0
1.5612731990859334,0.9546914876849167,1.1607203441648277,93.7,2,0,3,5,2,1,0,0,2,1,0
2.59669681981196,1.681410820423983,1.6084834273893616,115.6,2,0,4,8,2,1,0,1,2,1,72
-0.008470607662928311,-0.3029643438589475,0.30589991255435406,0.0,1,1,0,2,1,0,1,0,0,1,0
-1.0015286096318685,-1.4859572302583868,-1.2816237461508113,0.0,0,0,0,1,0,0,0,1,0,1,0
-0.2211324111908637,-0.8388783723400399,0.590840056424512,0.0,1,0,3,3,1,0,0,0,2,0,0
0.1148306753069465,0.443665107585299,0.06166550352279012,78.3,1,1,0,2,1,1,1,0,0,1,0
-0.6979705044412657,-0.8206274301936248,-0.5896262538947137,0.0,1,0,3,3,1,0,0,1,2,0,0
-0.7742110664199695,-1.4826388771408567,-0.22327464034736777,0.0,1,0,0,1,1,0,0,1,0,0,27
-0.6196895475664413,-1.4826388771408567,0.5501343215859179,0.0,1,0,0,1,1,0,0,0,0,1,46
1.9222695175888371,1.0011484313303363,1.4456604880349857,95.1,2,0,3,5,2,1,1,0,2,1,68
-0.9823971650144787,-1.4959122896109767,-1.2002122764736234,0.0,0,0,0,1,0,0,0,0,0,0,0
-0.08690514264821345,0.9862158423014517,-0.4268033145403377,94.65,1,0,0,4,1,1,1,1,0,0,0
0.4973718087344797,1.0476053749757561,0.14307697319997809,96.5,1,1,1,5,1,1,1,1,0,1,0
-0.27229586170434206,-0.16359351292268806,-0.1825689055087738,0.0,1,0,3,5,1,0,1,1,1,1,0
-0.5729140430661258,-1.4959122896109767,0.7536629957788878,0.0,2,0,0,1,2,0,0,1,0,0,0
-0.8351815762728666,1.1919537355883103,-1.1595065416350294,100.85,0,0,1,5,0,1,0,1,1,0,0
0.10285158269101197,1.118949967002651,-0.2639803751859618,98.65,1,1,2,5,1,1,1,1,1,0,0
0.4882229412970353,0.9298038393034418,0.18378270803857208,92.95,1,1,2,5,1,1,1,1,0,1,0
-0.9908220213597513,-0.6762790695810708,-1.2816237461508113,0.0,0,0,0,1,0,0,0,1,0,0,0
-0.9629585641761674,-1.4959122896109767,-1.1188008067964355,0.0,0,0,0,1,0,0,0,0,0,0,0
0.00636064986156185,1.2085455011759603,-0.4268033145403377,101.35,1,0,1,5,1,1,1,1,1,0,0
-0.3821700298739386,-1.3432680462045974,0.9571916699718578,0.0,2,0,0,2,2,0,1,1,0,1,0
-0.6795191914559161,-1.4710246412295018,0.1023712383613841,0.0,1,0,0,1,1,0,1,0,0,0,0
-0.6629546952562265,0.2843841579438598,-0.8745663977648716,73.5,0,1,1,2,0,1,1,1,1,0,0
0.6243589663554113,-0.33282952191671733,1.4049547531963917,0.0,2,1,1,3,2,0,0,0,0,0,0
-0.6812304904010497,-0.10386315680714844,-0.7931549280876836,0.0,1,0,3,4,1,0,1,0,1,1,0
-0.4035612666881073,-0.9599982611298843,0.30589991255435406,0.0,1,0,2,2,1,0,1,0,1,0,0
-0.9900541308074478,-0.618207890024296,-1.2816237461508113,0.0,0,1,0,1,0,0,1,0,0,0,0
0.35928314770024633,-0.6198670665830609,1.4863662228735797,0.0,2,0,4,4,2,0,0,0,2,1,69
-0.8180685868215317,-1.1690545075342733,-0.7117434584104956,0.0,1,1,1,1,1,0,1,1,1,0,0
-0.9159197829150623,-1.4793205240233267,-0.8745663977648716,0.0,0,0,0,1,0,0,1,0,0,0,0
-0.9929062957160036,-1.4876164068171518,-1.2409180113122174,0.0,0,0,0,1,0,0,0,0,0,0,0
-0.9927088381454113,-1.480979700582092,-1.2409180113122174,0.0,0,0,0,1,0,0,1,0,0,1,0
0.5045899799261326,1.2317739729986703,0.1023712383613841,102.05,1,0,1,5,1,1,0,0,0,1,0
1.4502801046829803,0.665994766459808,1.4456604880349857,0.0,2,0,4,7,2,0,0,1,2,1,68
1.4022101561087816,0.4104815764099991,1.5270719577121736,0.0,2,0,3,6,2,0,1,0,2,1,70
-0.29803116507154187,-1.1557810950641534,0.7943687306174818,0.0,2,0,1,1,2,0,1,0,0,0,0
-0.399941211227248,0.667653943018573,-0.6710377235719016,85.05,1,0,0,3,1,1,1,1,0,1,0
-0.9557842724446463,-1.5191407614336867,-1.0780950719578415,0.0,0,0,0,1,0,0,1,0,0,0,0
-0.4179317898812155,0.6576988836659831,-0.6710377235719016,84.75,1,1,0,3,1,1,0,1,0,0,0
2.285547568018586,1.5536542253990788,1.4456604880349857,111.75,2,0,3,7,2,1,0,0,2,1,68
-0.5133257362073749,1.1620885575305409,-0.8338606629262776,99.95,0,0,1,5,0,1,1,1,1,0,0
1.1462612651609951,0.9779199595076267,0.7129572609402939,94.4,2,0,2,5,2,1,1,1,1,1,0
-0.4373265112593951,-1.472683817788267,1.1607203441648277,0.0,2,0,0,1,2,0,1,0,0,1,61
-0.918903586204013,-0.5203164730571613,-1.1595065416350294,0.0,0,0,1,2,0,0,1,0,0,0,0
-0.4690513609345622,1.0061259610066313,-0.7931549280876836,95.25,1,1,0,4,1,1,1,1,0,1,0
-0.22525708044323678,1.0028076078891015,-0.5489205190561197,95.15,1,1,2,5,1,1,0,1,1,0,0
0.37973097612158496,0.13837662077254032,0.5501343215859179,0.0,1,0,1,4,1,0,0,1,0,1,0
0.04455771990614415,0.3772980452346993,-0.019745966154397852,0.0,1,0,4,6,1,0,0,0,2,1,0
-0.2968683593780538,-0.82228660675239,0.387311382231542,0.0,1,0,1,2,1,0,1,1,1,1,0
-0.9390881378645619,-0.82560495986992,-1.1595065416350294,0.0,0,1,1,2,0,0,1,1,1,0,0
1.7510518641552246,0.7987288911610074,1.5270719577121736,0.0,2,0,4,8,2,0,0,1,2,1,70
0.19807001117664483,-0.17686692539280796,0.590840056424512,0.0,1,0,2,4,1,0,1,0,1,0,47
1.4875337663347323,0.8136614801898924,1.2828375486806096,89.45,2,0,3,5,2,1,1,0,1,1,0
-1.0019235247730531,-1.5158224083161567,-1.2816237461508113,0.0,0,0,0,1,0,0,0,1,0,0,0
2.0339646833538967,1.4507852787556494,1.3235432835192036,108.65,2,0,3,7,2,1,1,0,2,1,65
0.41325488366214885,-0.45063105758903166,1.1607203441648277,0.0,2,0,3,4,2,0,0,0,1,1,61
-0.9551041408126062,-0.12377327551232817,-1.2409180113122174,0.0,0,0,1,3,0,0,0,1,1,0,0
-0.363257982557207,0.13837662077254032,-0.4675090493789317,69.1,1,1,0,1,1,1,1,1,0,1,0
-0.9319577255931724,0.7058150038701679,-1.2409180113122174,86.2,0,0,1,3,0,1,0,1,0,0,0
0.42273284705058045,0.7091333569876977,0.26519417771576004,86.3,1,0,1,3,1,1,1,1,0,1,0
0.6371278892537151,1.1372009091490658,0.18378270803857208,99.2,1,1,3,6,1,1,0,1,2,1,0
-0.6692952772452468,0.9712832532725666,-0.9966836022806536,94.2,0,1,1,4,0,1,0,1,0,1,0
1.656513567301632,1.510515634871189,0.8757802002946699,110.45,2,1,3,7,2,1,1,1,1,1,54
1.3906040389039662,1.0193993734767515,0.9571916699718578,95.65,2,1,4,6,2,1,0,0,2,1,0
1.3825521579698123,0.8634367769528422,1.1200146093262338,90.95,2,1,2,4,2,1,1,0,0,1,0
1.3125863587899314,0.3607062796470494,1.4456604880349857,0.0,2,0,3,6,2,0,1,1,1,1,0
-0.9863463164263253,-0.3378070515930122,-1.2816237461508113,0.0,0,0,0,2,0,0,0,1,0,0,0
-0.044254307400271066,0.18483356441796028,-0.019745966154397852,0.0,1,0,3,5,1,0,1,0,2,1,0
2.404702242006022,1.472354574019594,1.5677776925507676,109.3,2,0,4,7,2,1,1,0,2,1,71
-0.8941555706897748,0.6576988836659831,-1.2002122764736234,84.75,0,0,0,3,0,1,0,1,0,1,0
2.6362541531206225,1.698002586011633,1.5677776925507676,116.1,2,0,4,8,2,1,1,1,2,1,71
-1.001704127472395,-1.4992306427285067,-1.2816237461508113,0.0,0,1,0,1,0,0,1,0,0,1,0
-0.21156668888216879,0.7987288911610074,-0.5082147842175256,89.0,1,0,0,3,1,1,1,1,0,1,0
-0.7677169063204885,-0.9931817923051841,-0.5896262538947137,0.0,1,1,0,1,1,0,0,1,0,0,0
-0.39667219144744176,-0.017585975751368575,-0.5082147842175256,0.0,1,0,2,4,1,0,1,0,1,0,0
-0.9438271195587776,0.19147027065302033,-1.2409180113122174,70.7,0,1,0,1,0,1,0,1,0,0,0
0.707686061145373,1.042627845299461,0.30589991255435406,96.35,1,0,2,5,1,1,0,1,0,1,0
-0.7030166423564029,-1.466047111553207,0.1023712383613841,0.0,1,0,0,1,1,0,0,0,0,0,0
0.663806601013745,0.12676238486118555,0.9571916699718578,0.0,2,0,2,5,2,0,0,0,1,1,0
0.27804032726653694,1.1770211465594258,-0.10115743583158582,100.4,1,0,1,5,1,1,1,1,1,0,0
1.6633368233521004,0.6178786462556232,1.6084834273893616,0.0,2,0,3,7,2,0,1,1,2,1,72
0.8885133163478122,1.2898451525554449,0.387311382231542,103.8,1,0,3,6,1,1,0,1,1,0,0
-0.34127437303126135,0.2030845065643751,-0.4675090493789317,0.0,1,0,3,5,1,0,0,0,2,0,21
-0.9730289002763762,-1.4876164068171518,-1.1188008067964355,0.0,0,0,0,1,0,0,1,0,0,1,0
1.112342442479247,0.9911933719777464,0.7536629957788878,94.8,2,1,2,5,2,1,1,1,1,0,0
-0.596608951537205,-1.4942531130522119,0.590840056424512,0.0,1,0,0,1,1,0,1,0,0,1,0
-0.60779821387077,-1.4842980536996218,0.5501343215859179,0.0,1,0,0,1,1,0,1,1,0,1,46
0.8695135101108171,0.23460886118091004,1.2014260790034217,0.0,2,0,3,5,2,0,0,1,1,1,62
-0.2530327787065573,0.7555903006331177,-0.5489205190561197,87.7,1,0,1,3,1,1,1,1,1,0,0
0.2102904408233032,0.634470411843273,-0.019745966154397852,84.05,1,1,0,3,1,1,0,0,0,0,0
1.5045370571357382,1.472354574019594,0.7943687306174818,109.3,2,1,3,7,2,1,1,1,2,0,52
-0.9678730637109099,-1.5075265255223318,-1.1595065416350294,0.0,0,0,0,1,0,0,1,0,0,1,4
0.4030967886416769,-0.47385952941174164,1.2421318138420157,0.0,2,0,1,2,2,0,0,1,1,1,63
-0.761047228380481,-0.3461029343868372,-0.9152721326034655,0.0,0,0,1,3,0,0,1,1,1,0,0
-0.953941335119118,-1.5058673489635668,-1.0780950719578415,0.0,0,0,0,1,0,0,1,0,0,0,0
1.4855153111686776,1.1853170293532507,0.9571916699718578,100.65,2,0,1,5,2,1,0,1,0,1,0
0.6936007544431205,0.16492344571278056,0.8757802002946699,0.0,2,0,3,5,2,0,1,1,2,0,0
-0.5141594459498758,0.3673429858821094,-0.7117434584104956,76.0,1,0,0,2,1,1,1,1,0,0,0
-0.27157185061217015,0.5332606417586087,-0.5082147842175256,81.0,1,0,2,3,1,1,0,1,1,1,0
-0.11948564179594738,1.057560434328346,-0.4675090493789317,96.8,1,0,1,4,1,1,1,1,0,0,0
-0.4413414818614391,-0.3527396406218973,-0.30468611002455576,0.0,1,1,2,3,1,0,1,0,2,1,0
1.4598458269916752,0.8252757161012472,1.2014260790034217,89.8,2,0,1,4,2,1,1,1,0,1,0
2.033482009292449,1.336302096200865,1.3642490183577978,105.2,2,1,2,6,2,1,0,1,0,1,0
1.7333684417221784,1.3877365695225796,1.0793088744876398,106.75,2,1,4,7,2,1,1,1,2,1,0
2.239123099199323,1.3479163321122196,1.5677776925507676,105.55,2,1,2,6,2,1,1,0,1,1,71
-0.1843175441404278,1.5934744628094386,-0.6710377235719016,112.95,1,1,3,7,1,1,0,1,2,1,0
-0.1719435363833087,-0.0308593882214887,-0.06045170099299184,0.0,1,1,2,4,1,0,0,1,2,1,0
-0.547529775379979,0.3706613389996392,-0.7524491932490895,0.0,1,0,4,6,1,0,1,0,2,0,14
-0.92421300087994,-1.4909347599346818,-0.8745663977648716,0.0,0,0,0,1,0,0,0,1,0,1,0
-0.9584828592427415,-1.1624178012992135,-1.1595065416350294,0.0,0,1,1,1,0,0,1,1,0,1,0
0.18453319772603763,0.8285940692187774,-0.10115743583158582,89.9,1,0,1,4,1,1,1,1,1,0,0
-0.8688590619238912,-0.6729607164635407,-1.0373893371192475,0.0,0,0,0,1,0,0,1,1,0,0,0
0.13222888124913687,-0.168571042598983,0.46872285190873,0.0,1,0,3,4,1,0,1,1,2,1,0
-0.6466754155473926,-1.4677062881119718,0.387311382231542,0.0,1,0,0,1,1,0,1,0,0,1,42
-0.9862366177759962,-0.3295111687991873,-1.2816237461508113,0.0,0,1,0,2,0,0,1,1,0,0,0
1.5692592608298896,0.6560397071072182,1.4863662228735797,0.0,2,0,4,7,2,0,1,1,2,1,69
0.7624476273896448,0.8053655973960674,0.46872285190873,89.2,1,1,1,4,1,1,1,1,0,1,0
-0.5980350339914828,-0.2100504565681078,-0.7117434584104956,0.0,1,0,2,4,1,0,1,1,1,0,0
-0.5059101074451298,-1.4909347599346818,0.8757802002946699,0.0,2,0,0,1,2,0,1,0,0,0,54
-0.8361688641258282,-1.5042081724048018,-0.4675090493789317,0.0,1,0,0,1,1,0,1,0,0,0,21
-0.1986222481433385,0.6245153524906832,-0.38609757970174374,83.75,1,1,0,3,1,1,0,1,0,1,0
-0.9678950034409756,-0.44897188103026675,-1.2409180113122174,0.0,0,1,1,3,0,0,0,0,0,0,0
-0.7816047554521488,0.15330920980142534,-1.0373893371192475,69.55,0,1,0,1,0,1,1,1,0,0,0
-0.631164026390862,-1.5158224083161567,0.5501343215859179,0.0,1,0,0,1,1,0,0,1,0,1,46
-0.8019428852231584,-0.024222681986428636,-1.0373893371192475,0.0,0,1,3,5,0,0,1,0,2,1,0
0.14249667491993787,-0.3129194032115374,0.631545791263106,0.0,1,0,2,3,1,0,0,0,1,0,48
1.4066639213121421,1.1056765545325309,0.9571916699718578,98.25,2,1,1,5,2,1,0,1,0,1,0
-0.47844156540273064,-1.464387934994442,1.0386031396490458,0.0,2,0,0,1,2,0,1,0,0,0,58
-0.31376195152873054,1.1222683201201809,-0.6710377235719016,98.75,1,1,1,5,1,1,1,1,0,1,0
-1.001133694490684,-1.456092052200617,-1.2816237461508113,0.0,0,0,0,1,0,0,1,1,0,0,0
0.5534058793225689,-0.1536384535700982,1.0386031396490458,0.0,2,0,3,4,2,0,1,0,1,1,0
-0.8099070072370489,-1.4859572302583868,-0.3453918448631497,0.0,1,0,0,1,1,0,0,0,0,1,0
-0.12584816351503345,0.4768486387605988,-0.2639803751859618,79.3,1,0,1,3,1,1,0,0,0,1,0
-0.40636955213653153,-1.4842980536996218,1.4863662228735797,0.0,2,0,0,1,2,0,1,0,0,1,69
-0.6747143905715028,0.6626764133422782,-0.9966836022806536,84.9,0,1,0,3,0,1,0,1,0,1,0
0.1042118459550924,-0.6497322446408307,1.0386031396490458,0.0,2,1,2,3,2,0,0,1,1,1,0
-0.8042026774199373,-1.472683817788267,-0.4268033145403377,0.0,1,1,0,1,1,0,0,1,0,0,0
2.0987088267781138,1.1969312652646056,1.5270719577121736,101.0,2,0,4,6,2,1,1,0,2,1,70
-0.8730276106363959,-1.3117436915880627,-0.8338606629262776,0.0,0,0,0,2,0,0,1,1,0,1,12
-0.9767367146574987,-1.4942531130522119,-1.1595065416350294,0.0,0,0,0,1,0,0,1,0,0,1,4
-0.966315342876237,-1.3266762806169474,-1.1188008067964355,0.0,0,1,0,0,0,0,1,1,0,1,0
0.5717474936575893,0.9978300782128064,0.22448844287716607,95.0,1,0,2,5,1,1,1,0,1,0,0
-0.9502115810079296,0.5150096996121938,-1.2409180113122174,80.45,0,1,2,3,0,1,0,1,1,0,0
0.6576195971351855,0.018915908541461066,1.0793088744876398,0.0,2,0,3,5,2,0,0,0,2,1,0
0.805010703717324,0.8335715988950722,0.590840056424512,90.05,1,1,2,4,1,1,1,0,1,1,0
-0.4582131342820501,-0.1552976301288631,-0.4675090493789317,0.0,1,1,3,4,1,0,0,1,2,0,0
-0.507643346120329,0.31590851256039476,-0.7117434584104956,74.45,1,0,0,2,1,1,0,1,0,0,0
-0.9370038635083097,-1.1425076825940335,-1.1188008067964355,0.0,0,1,1,1,0,0,0,1,0,1,0
-0.6186803199834138,-0.18184445506910288,-0.7117434584104956,0.0,1,1,1,3,1,0,0,1,0,0,0
2.262598610369744,1.31141444781939,1.6084834273893616,104.45,2,0,2,6,2,1,1,1,0,1,0
-0.03556617429420863,-0.4871329418818615,0.5094285867473239,0.0,1,0,1,2,1,0,0,1,0,1,0
-0.1421493829539332,-0.8471742551338649,0.631545791263106,0.0,1,0,3,3,1,0,0,0,2,1,48
-0.24140472177167588,1.2234780902048452,-0.6303319887333076,101.8,1,1,2,5,1,1,1,1,0,0,0
-0.3910775602806592,-0.48381458876433153,-0.22327464034736777,0.0,1,0,1,2,1,0,1,0,1,0,0
1.1400084420922383,1.4872871630484792,0.5094285867473239,109.75,1,0,3,7,1,1,1,1,1,1,45
-0.5413647112314853,1.233433149557435,-0.9152721326034655,102.1,0,0,2,6,0,1,0,1,0,1,0
-0.9887377470034989,-0.5186572964983965,-1.2816237461508113,0.0,0,1,1,2,0,0,1,1,1,0,0
-0.07012124914786572,0.9961709016540415,-0.4268033145403377,94.95,1,0,3,5,1,1,1,1,1,0,0
-0.3550086440524609,0.18649274097672516,-0.5082147842175256,70.55,1,0,0,1,1,1,1,0,0,0,0
-0.9449679855222,-1.3349721634107725,-1.0373893371192475,0.0,0,1,0,0,0,0,0,1,0,1,0
-0.9881234345616563,-0.4722003528529765,-1.2816237461508113,0.0,0,0,1,2,0,0,1,1,1,0,0
-0.4332018420070221,-0.37596811244460704,-0.3453918448631497,0.0,1,0,2,3,1,0,1,0,2,1,0
-0.280084465877706,-1.3582006352334823,1.4456604880349857,0.0,2,0,0,2,2,0,1,1,0,1,68
-0.24458598263121892,0.6444254711958629,-0.5082147842175256,84.35,1,1,0,3,1,1,1,1,0,0,0
-0.584564039731073,-0.8903128456617546,-0.30468611002455576,0.0,1,0,1,2,1,0,1,1,0,1,0
-0.9913705146113966,-0.7177584835501956,-1.2816237461508113,0.0,0,1,2,3,0,0,1,1,0,0,0
0.196753627372696,-0.6995075414037805,1.2828375486806096,0.0,2,1,2,3,2,0,0,1,1,0,0
1.7872962982239495,1.1305642029140057,1.2828375486806096,99.0,2,0,2,5,2,1,0,1,1,1,64
-0.7877259401405109,-1.3067661619117676,-0.5082147842175256,0.0,1,0,0,2,1,0,0,1,0,1,0
0.5394522110007111,1.1388600857078308,0.1023712383613841,99.25,1,1,2,5,1,1,0,1,1,0,0
2.525677913588921,1.6382722298960932,1.6084834273893616,114.3,2,0,4,8,2,1,1,1,2,1,72
0.7102749492931392,0.9762607829488613,0.428017117070136,94.35,1,0,0,4,1,1,1,0,0,0,0
1.1997942065215814,1.0293544328293414,0.8350744654560759,95.95,2,1,3,5,2,1,1,0,1,0,0
-0.25867128933347155,-1.3598598117922474,1.4863662228735797,0.0,2,0,0,2,2,0,1,0,0,0,69
-0.9885841688930382,-0.5070430605870415,-1.2816237461508113,0.0,0,0,1,2,0,0,1,1,0,0,0
0.2969304348532029,0.9447364283323268,-0.019745966154397852,93.4,1,0,3,5,1,1,1,1,1,0,0
-0.40814667027186247,-1.5207999379924515,1.5677776925507676,0.0,2,0,0,1,2,0,0,0,0,1,71
-0.7077117445904871,-1.4793205240233267,0.020959768684196134,0.0,1,0,0,1,1,0,1,0,0,0,33
-0.9256610230642837,-1.4959122896109767,-0.9152721326034655,0.0,0,0,0,1,0,0,1,1,0,0,0
-0.6103651622884704,-1.2769009838539978,0.18378270803857208,0.0,1,0,0,2,1,0,0,0,0,1,0
-0.78406200521952,0.21303956591696496,-1.0373893371192475,0.0,0,0,3,5,0,0,1,1,2,1,0
0.3920172249584408,-0.3709905827683121,0.9978974048104517,0.0,2,1,2,4,2,0,1,1,1,0,0
-0.558499640412886,-1.4826388771408567,0.590840056424512,0.0,1,0,0,1,1,0,0,0,0,0,47
-0.856134018485719,0.13339909109624562,-1.1188008067964355,68.95,0,1,0,1,0,1,0,1,0,1,0
1.7458960275897584,1.3479163321122196,1.1607203441648277,105.55,2,1,2,6,2,1,1,1,0,1,0
1.6649164839168387,0.6228561759319183,1.6084834273893616,0.0,2,0,4,7,2,0,0,1,2,1,72
-0.7089403694741727,-1.5042081724048018,0.1023712383613841,0.0,1,0,0,1,1,0,1,0,0,1,35
1.4442466789148813,1.1985904418233704,0.9571916699718578,101.05,2,1,1,5,2,1,1,1,0,0,0
0.4381125978267162,0.896620308128142,0.14307697319997809,91.95,1,0,1,4,1,1,0,1,0,1,0
-0.11876163070377548,1.1156316138851208,-0.5082147842175256,98.55,1,0,1,5,1,1,1,1,1,0,0
-0.6675620385700475,-1.4760021709057967,0.22448844287716607,0.0,1,0,0,1,1,0,0,0,0,1,0
1.0782261622269063,1.3163919774956847,0.428017117070136,104.6,1,1,2,6,1,1,0,1,0,0,43
-0.6972464933490939,0.7356801819279375,-0.9966836022806536,87.1,0,1,1,3,0,1,0,1,0,0,0
-0.9381447294717319,-1.4942531130522119,-0.9559778674420595,0.0,0,1,0,1,0,0,1,1,0,0,0
1.639312818930034,0.8169798333074222,1.4049547531963917,89.55,2,1,3,5,2,1,1,0,2,1,0
-0.990865900819883,-0.6795974226986006,-1.2816237461508113,0.0,0,0,0,1,0,0,1,0,0,0,0
1.46401437570418,1.2948226822317401,0.8757802002946699,103.95,2,0,2,6,2,1,0,1,1,0,0
-1.0015724890920001,-1.4892755833759168,-1.2816237461508113,0.0,0,0,0,1,0,0,1,0,0,0,0
-0.1604909972889538,0.6460846477546283,-0.38609757970174374,84.4,1,0,3,4,1,1,0,0,2,1,0
-0.22826282346225324,0.9679649001550363,-0.5082147842175256,94.1,1,1,2,5,1,1,0,1,0,0,0
-0.4821055003237215,0.659358060224748,-0.7524491932490895,84.8,1,1,0,3,1,1,0,1,0,1,0
-0.6304838947588218,-0.5004063543519814,-0.5896262538947137,0.0,1,0,1,2,1,0,0,1,0,0,0
0.8977938221656514,0.6361295884020379,0.7943687306174818,84.1,2,1,1,3,2,1,1,0,1,1,0
-1.0011995136808813,-1.461069581876912,-1.2816237461508113,0.0,0,0,0,1,0,0,0,0,0,0,0
-0.6788609995539417,-1.5141632317573919,0.22448844287716607,0.0,1,0,0,1,1,0,0,0,0,0,0
-0.8288629340139122,0.3524103968532244,-1.1188008067964355,75.55,0,1,0,2,0,1,0,0,0,0,0
-1.0017699466625927,-1.5042081724048018,-1.2816237461508113,0.0,0,0,0,1,0,0,1,1,0,0,0
0.04453578017607825,0.9513731345673865,-0.2639803751859618,93.6,1,1,0,4,1,1,1,1,0,0,0
2.1410305660750693,1.4325343366092342,1.3642490183577978,108.1,2,0,3,7,2,1,0,1,1,1,0
0.35930508743031203,-0.14700174733503815,0.7536629957788878,0.0,2,0,3,4,2,0,1,0,2,1,51
-0.6653461258334004,0.3358186312655745,-0.9152721326034655,75.05,0,1,0,2,0,1,1,0,0,0,0
-0.9604135554885331,-1.456092052200617,-1.1188008067964355,0.0,0,0,0,1,0,0,1,0,0,0,0
-0.8812769491411419,0.18483356441796028,-1.1595065416350294,70.5,0,1,0,1,0,1,1,0,0,1,0
1.4458482792096856,0.9895341954189815,1.0793088744876398,94.75,2,1,2,5,2,1,0,1,1,1,0
-0.863461888327701,0.3125901594428645,-1.1188008067964355,74.35,0,1,0,2,0,1,0,1,0,1,0
-0.8556294046942052,-0.019245152310133944,-1.1188008067964355,0.0,0,1,2,4,0,0,0,1,2,0,0
-0.9532612034870777,-0.6248445962593558,-1.2002122764736234,0.0,0,0,0,1,0,0,0,1,0,1,0
-0.08690514264821345,-0.6679831867872458,0.631545791263106,0.0,1,1,2,3,1,0,0,1,1,0,0
-0.18901264637451204,-1.3299946337344775,1.6084834273893616,0.0,2,0,0,2,2,0,0,0,0,1,72
-0.5710491660105316,0.4934404043482487,-0.8338606629262776,79.8,0,1,1,3,0,1,0,1,1,0,0
-0.9312775939611321,1.0011484313303363,-1.2409180113122174,95.1,0,0,3,5,0,1,1,1,1,0,0
2.407664105564907,1.4673770443432994,1.6084834273893616,109.15,2,0,3,7,2,1,0,0,1,1,0
-0.6733541273074224,-0.6829157758161306,-0.5896262538947137,0.0,1,0,0,1,1,0,1,1,0,1,0
0.540154282362817,0.5332606417586087,0.5094285867473239,0.0,1,0,3,6,1,0,0,1,2,1,45
-0.03282370803598188,0.3690021624408743,-0.06045170099299184,76.05,1,1,0,2,1,1,0,1,0,0,0
-0.9231818335668468,-1.4909347599346818,-0.9152721326034655,0.0,0,0,0,1,0,0,1,0,0,0,0
0.42604574629051845,0.6245153524906832,0.346605647392948,83.75,1,0,2,4,1,1,1,1,1,1,0
-0.9636167560781419,-0.5153389433808665,-1.2409180113122174,0.0,0,1,0,2,0,0,0,1,0,0,0
-0.9578246673407671,0.13339909109624562,-1.2409180113122174,68.95,0,1,0,1,0,1,0,0,0,0,0
1.093123238941594,0.6942007679588127,0.9571916699718578,85.85,2,0,3,4,2,1,1,1,1,1,0
2.1111047742652986,1.1819986762357204,1.5677776925507676,100.55,2,0,1,5,2,1,1,0,0,1,0
-0.8299599205172029,-1.5042081724048018,-0.30468611002455576,0.0,1,1,0,1,1,0,1,0,0,1,0
-0.9124533055646636,-1.5058673489635668,-0.8745663977648716,0.0,0,0,0,1,0,0,1,0,0,0,11
-0.5620319369534821,0.8169798333074222,-0.8338606629262776,89.55,0,1,1,4,0,1,1,1,0,0,0
1.5277492915453696,0.5714217026102036,1.6084834273893616,0.0,2,0,2,6,2,0,1,0,0,1,72
2.4970465658530334,1.6001111690444987,1.5677776925507676,113.15,2,0,4,8,2,1,0,1,2,0,71
-0.6570967873286543,-1.1342117998002084,-0.22327464034736777,0.0,1,0,1,1,1,0,1,0,1,1,0
-0.6976194687602127,-0.4705411762942116,-0.7524491932490895,0.0,1,1,1,3,1,0,1,1,0,0,0
-0.37589526707511584,0.5282831120823135,-0.6303319887333076,0.0,1,1,3,6,1,0,1,0,1,0,0
0.464440273905693,1.28818597599668,0.020959768684196134,103.75,1,1,3,6,1,1,0,1,2,1,0
-0.6366270191772497,0.6842457086062228,-0.9152721326034655,85.55,0,1,0,3,0,1,1,0,0,1,0
0.6192908887102082,0.651062177430923,0.5094285867473239,84.55,1,0,2,4,1,1,1,1,1,1,0
-0.5194469208957371,-1.466047111553207,0.9978974048104517,0.0,2,0,0,1,2,0,1,0,0,0,57
-0.11125824302126702,-0.6580281274346557,0.387311382231542,0.0,1,0,2,3,1,0,1,1,0,1,0
-0.9904490459486325,-0.6480730680820658,-1.2816237461508113,0.0,0,0,0,1,0,0,0,1,0,0,0
-0.837726584960501,-0.5103614137045716,-0.9966836022806536,0.0,0,0,1,2,0,0,1,1,0,1,0
-0.8085467439729684,-1.480979700582092,-0.3453918448631497,0.0,1,0,0,1,1,0,0,1,0,0,0
-0.16619532710606547,0.5332606417586087,-0.3453918448631497,0.0,1,0,2,6,1,0,1,0,2,1,0
-0.743714841628488,-1.497571466169742,-0.019745966154397852,0.0,1,0,0,1,1,0,1,0,0,0,0
-0.9022952105441917,0.3607062796470494,-1.2002122764736234,75.8,0,1,0,2,0,1,0,1,0,0,0
1.1031716353117365,1.0210585500355165,0.7129572609402939,95.7,2,1,0,4,2,1,1,1,0,0,0
-0.759752784306598,-0.5219756496159262,-0.8338606629262776,0.0,0,1,1,2,0,0,1,1,1,1,0
-0.6025326786549747,0.7937513614847123,-0.9152721326034655,88.85,0,1,0,3,0,1,0,1,0,1,0
-0.990032191077382,-1.5125040551986266,-1.2409180113122174,0.0,0,0,0,1,0,0,1,0,0,0,0
-0.6161791907559111,1.0094443141241611,-0.9152721326034655,95.35,0,1,0,4,0,1,1,1,0,0,0
-0.6465657168970635,1.0144218438004564,-0.9559778674420595,95.5,0,1,0,4,0,1,1,1,0,0,0
-0.6463682593264711,1.3462571555534548,-0.9966836022806536,105.5,0,1,2,6,0,1,0,1,0,0,0
0.603647861173283,0.34079616094186965,0.6722515261016999,75.2,2,0,0,2,2,1,1,0,0,0,0
-0.7714247207016112,0.32254521879545484,-1.0373893371192475,74.65,0,0,1,2,0,1,1,0,0,0,0
-0.9834063925975063,-1.4826388771408567,-1.2002122764736234,0.0,0,1,0,1,0,0,1,1,0,0,0
0.3606434109643268,0.9580098408024466,0.020959768684196134,93.8,1,1,1,4,1,1,0,1,0,1,0
1.2202639746729862,1.3329837430833347,0.631545791263106,105.1,1,0,2,6,1,1,0,1,1,1,0
-0.913352834497362,0.31590851256039476,-1.2002122764736234,74.45,0,0,1,2,0,1,1,0,0,0,0
-0.02913783338492528,-0.3444437578280723,0.30589991255435406,0.0,1,0,2,4,1,0,0,1,2,0,0
-0.8679375932611271,0.1599459160364854,-1.1188008067964355,69.75,0,1,0,1,0,1,1,1,0,0,0
-0.807296179359217,0.9928525485365113,-1.1188008067964355,94.85,0,0,0,4,0,1,1,1,0,0,0
-0.8727643338756061,1.4275568069329394,-1.2002122764736234,107.95,0,0,2,6,0,1,1,0,0,0,0
0.30919474395999286,-0.037496094456548765,0.590840056424512,0.0,1,0,2,4,1,0,0,0,1,1,47
-0.6091365374047847,-1.3499047524396575,0.22448844287716607,0.0,1,1,0,2,1,0,0,1,0,0,0
0.42959998256118026,-0.4655636466179167,1.4049547531963917,0.0,2,0,1,3,2,0,1,0,1,1,67
-0.8420267720534006,-1.4826388771408567,-0.5489205190561197,0.0,1,0,0,1,1,0,0,0,0,0,0
-0.5351557676228599,-1.5108448786398618,0.9164859351332638,0.0,2,0,0,1,2,0,0,0,0,1,55
2.2696632034509365,1.3678264508173998,1.5270719577121736,106.15,2,1,3,6,2,1,1,1,1,1,0
0.25272187877058766,-0.48547376532309666,1.0386031396490458,0.0,2,0,1,2,2,0,1,0,0,1,0
-0.6855306774939492,0.9878750188602166,-0.9966836022806536,94.7,0,1,1,4,0,1,1,1,0,0,0
-0.8775252552998877,0.5282831120823135,-1.1595065416350294,80.85,0,1,0,2,0,1,0,0,0,1,0
-0.9678072445207124,-0.5203164730571613,-1.2409180113122174,0.0,0,0,1,2,0,0,1,0,0,0,0
-0.7526004323051426,-0.4970880012344514,-0.7931549280876836,0.0,1,0,1,2,1,0,1,1,1,1,0
-0.9137916290986784,0.1566275629189556,-1.2002122764736234,69.65,0,1,0,1,0,1,1,0,0,0,0
-0.879148795324758,-1.1723728606518034,-0.9152721326034655,0.0,0,0,1,1,0,0,0,1,1,0,10
1.1107627819145083,1.1654069106480704,0.631545791263106,100.05,1,0,2,5,1,1,0,1,1,1,0
-0.7126701235853611,0.3026351000902746,-0.9559778674420595,74.05,0,1,0,2,0,1,1,1,0,0,0
0.8053836791284429,1.145496791942891,0.387311382231542,99.45,1,1,3,6,1,1,1,1,1,1,0
-0.5936032085181885,-1.3117436915880627,0.1023712383613841,0.0,1,0,0,2,1,0,0,1,0,1,35
-0.9646479233912353,-0.33448869847548224,-1.2409180113122174,0.0,0,0,2,3,0,0,0,0,1,0,0
0.08321552428210842,-0.9682941439237093,1.4863662228735797,0.0,2,0,2,2,2,0,1,1,0,0,0
-1.00183576585279,-1.5091857020810966,-1.2816237461508113,0.0,0,0,0,1,0,0,0,0,0,1,0
-0.8838438975588422,-0.4937696481169216,-1.0780950719578415,0.0,0,0,1,2,0,0,1,0,1,0,0
-1.001704127472395,-1.4992306427285067,-1.2816237461508113,0.0,0,1,0,1,0,0,0,0,0,0,0
-0.5232863736572545,-1.2769009838539978,0.428017117070136,0.0,1,0,0,2,1,0,1,0,0,0,43
-0.7431224689167111,-1.3515639289984223,-0.3453918448631497,0.0,1,0,0,2,1,0,1,0,0,1,24
-0.9305974623290918,-1.477661347464562,-0.9559778674420595,0.0,0,0,0,1,0,0,1,0,0,0,0
-0.09528611953335457,1.0608787874458763,-0.38609757970174374,96.9,1,0,2,5,1,1,1,1,1,0,0
-0.3688306739939238,-1.5058673489635668,1.5270719577121736,0.0,2,0,0,1,2,0,0,1,0,1,70
-0.6034541473177389,0.46523440284924406,-0.8338606629262776,78.95,0,1,1,3,0,1,0,1,1,0,0
0.4154488566687302,0.2611556861211498,0.5501343215859179,72.8,1,0,0,2,1,1,1,0,0,0,0
-0.5475517151100447,-1.5174815848749215,0.7943687306174818,0.0,2,0,0,1,2,0,1,0,0,1,52
-0.28932109223541375,-1.3482455758808924,1.6084834273893616,0.0,2,0,0,2,2,0,1,0,0,1,72
-0.37328443919728393,0.5216464058472539,-0.5896262538947137,80.65,1,1,1,3,1,1,1,1,0,0,0
-0.5211801595709363,0.11017061927353564,-0.6710377235719016,0.0,1,0,3,5,1,0,0,0,2,1,16
0.9110234793953375,0.11182979583230053,1.2828375486806096,0.0,2,0,3,5,2,0,0,1,1,1,64
-0.9718002753926905,-0.6082528306717059,-1.2409180113122174,0.0,0,0,0,1,0,0,1,1,0,0,0
1.8706892122041086,0.8468450113651922,1.6084834273893616,90.45,2,0,3,5,2,1,1,0,1,1,72
0.12564696222939267,-0.807354017723505,1.2421318138420157,0.0,2,0,3,3,2,0,1,1,2,0,0
-0.979523060375857,0.1781968581829002,-1.2816237461508113,70.3,0,1,0,1,0,1,0,1,0,0,0
-1.0015286096318685,-1.4859572302583868,-1.2816237461508113,0.0,0,0,0,1,0,0,1,0,0,0,0
-0.1414253718617614,-0.9998184985402442,1.0793088744876398,0.0,2,0,2,2,2,0,1,0,1,1,0
0.7961031733106033,0.5249647589647837,0.7536629957788878,80.75,2,1,1,3,2,1,0,1,1,1,0
-0.857318763909273,-0.05076950692666865,-1.0780950719578415,0.0,0,0,4,6,0,0,0,1,2,0,6
0.6984713745177311,0.1599459160364854,0.9978974048104517,0.0,2,0,3,5,2,0,0,0,1,0,57
1.0755933946190086,1.1720436168831305,0.5501343215859179,100.25,1,1,1,5,1,1,0,0,1,1,0
-0.671642828362289,-0.3295111687991873,-0.7524491932490895,0.0,1,1,2,4,1,0,1,1,1,0,0
-0.7435832032480931,-0.3709905827683121,-0.8745663977648716,0.0,0,1,1,3,0,0,1,0,0,0,0
-0.9832966939471772,-1.4909347599346818,-1.2002122764736234,0.0,0,0,0,1,0,0,0,1,0,0,0
0.14585345362000746,-0.03417774133901873,0.30589991255435406,0.0,1,0,1,4,1,0,0,0,0,1,0
0.12031560782340002,0.46689357940800896,0.020959768684196134,79.0,1,0,2,3,1,1,1,1,0,0,0
-0.6661578958458354,0.5382381714349038,-0.9559778674420595,81.15,0,1,1,3,0,1,1,1,1,0,0
-0.386382458046575,-0.1254324520710933,-0.4268033145403377,0.0,1,0,3,4,1,0,0,0,1,1,0
-0.8648660310519131,-1.5042081724048018,-0.7117434584104956,0.0,1,0,0,1,1,0,0,0,0,0,15
0.0,-1.3001294556767078,-1.3223294809894055,0.0,0,0,0,2,0,0,1,0,0,1,0
-0.9083505760423565,0.2877025110613896,-1.2002122764736234,73.6,0,0,1,2,0,1,1,1,0,0,0
-0.5449847666923446,0.6062644103442684,-0.7931549280876836,83.2,1,1,1,3,1,1,1,1,0,0,0
-0.8270858158785812,-1.4909347599346818,-0.4675090493789317,0.0,1,0,0,1,1,0,1,0,0,0,0
-0.8534573714176897,-0.18184445506910288,-1.0780950719578415,0.0,0,1,1,3,0,0,1,0,0,0,0
-0.7753738721134577,0.3540695734119893,-0.9966836022806536,75.6,0,1,1,2,0,1,0,0,0,0,0
-0.9455384185039112,-0.4788370590880366,-1.2002122764736234,0.0,0,0,1,2,0,0,1,1,1,0,0
-0.4638077654488327,-1.5058673489635668,1.2421318138420157,0.0,2,0,0,1,2,0,1,0,0,1,63
-0.5965431323470075,-1.4959122896109767,0.7129572609402939,0.0,2,0,0,1,2,0,0,1,0,1,0
2.108142910706414,1.5304257535763688,1.3235432835192036,111.05,2,0,3,7,2,1,0,1,1,0,0
0.3597219423015626,0.29599839385521454,0.46872285190873,73.85,1,1,1,2,1,1,1,0,0,0,0
-0.9703961326684786,-0.5269531792922214,-1.2409180113122174,0.0,0,0,1,2,0,0,0,1,0,0,0
-0.634235588600076,0.4984179340245439,-0.9152721326034655,79.95,0,1,0,2,0,1,1,1,0,1,0
1.1270201218932765,1.1654069106480704,0.590840056424512,100.05,1,1,1,5,1,1,1,1,0,1,0
1.8467310269722395,1.0227177265942813,1.4863662228735797,95.75,2,0,2,5,2,1,1,0,0,1,0
-0.6360785259256044,-1.026365323480484,-0.30468611002455576,0.0,1,0,0,1,1,0,0,1,0,1,0
-0.7445704911010548,-0.46390447005915153,-0.8338606629262776,0.0,0,0,3,4,0,0,1,1,2,0,0
-0.21942111224573027,-1.3250171040581826,1.6084834273893616,0.0,2,0,0,2,2,0,1,1,0,1,72
-0.664073621489583,-1.3250171040581826,-0.06045170099299184,0.0,1,0,0,0,1,0,1,0,0,0,0
-0.9799179755170417,0.14833168012513065,-1.2816237461508113,69.4,0,0,0,1,0,1,0,1,0,1,0
-0.48798534798135973,-0.5667734167025811,-0.2639803751859618,0.0,1,0,3,4,1,0,0,0,1,1,0
-0.7119680522232551,0.6178786462556232,-0.9966836022806536,83.55,0,1,1,3,0,1,0,1,0,1,0
0.4663490304214188,0.9828974891839214,0.1023712383613841,94.55,1,1,2,5,1,1,1,1,1,1,0
0.16930702506036258,1.1703844403243657,-0.1825689055087738,100.2,1,1,1,5,1,1,1,0,0,0,0
-0.027733690660713066,1.31473280093692,-0.4675090493789317,104.55,1,0,3,6,1,1,0,1,1,0,0
-0.6454029112035753,0.04878108659923111,-0.7931549280876836,0.0,1,0,0,3,1,0,1,0,0,0,0
2.1179938495059645,1.118949967002651,1.6084834273893616,98.65,2,0,3,6,2,1,0,1,1,1,72
-0.9908878405499487,-0.6812565992573657,-1.2816237461508113,0.0,0,0,0,1,0,0,0,0,0,0,0
-0.3812266214811087,-1.4959122896109767,1.5270719577121736,0.0,2,0,0,1,2,0,1,0,0,1,70
-0.9420719411535126,-0.04413280069160859,-1.2002122764736234,0.0,0,1,1,4,0,0,0,1,1,0,0
-0.6407955678897544,0.0952380302446506,-0.7931549280876836,0.0,1,0,3,5,1,0,0,0,2,0,0
2.42971353428105,1.698002586011633,1.4049547531963917,116.1,2,0,4,8,2,1,1,1,2,0,67
0.4905266129539458,0.18649274097672516,0.631545791263106,0.0,1,0,2,5,1,0,1,1,0,1,0
0.803584621263046,1.309755271260625,0.346605647392948,104.4,1,1,2,6,1,1,0,1,0,0,0
0.8178015663456938,0.3109309828840996,0.9978974048104517,0.0,2,0,4,6,2,0,0,1,2,0,57
-0.9906465035192249,-0.6630056571109506,-1.2816237461508113,0.0,0,0,0,1,0,0,1,1,0,0,0
-0.5830063188964002,-1.3382905165283026,0.30589991255435406,0.0,1,0,0,2,1,0,1,1,0,0,40
-0.9771316297986834,0.35904710308828447,-1.2816237461508113,75.75,0,1,0,2,0,1,1,1,0,0,0
-0.8186609595333086,-1.5025489958460367,-0.38609757970174374,0.0,1,0,0,1,1,0,1,0,0,1,0
0.18411634285478704,-0.1138182161597383,0.46872285190873,0.0,1,0,3,4,1,0,0,1,1,1,0
-0.7202173907280012,0.4785078153193637,-0.9559778674420595,79.35,0,0,1,3,0,1,1,1,0,1,0
-0.016390850216687253,0.505054640259604,-0.1418631706701798,80.15,1,0,1,3,1,1,1,1,0,1,0
-0.6004703440287882,-0.3129194032115374,-0.6303319887333076,0.0,1,0,2,3,1,0,1,1,1,0,0
-0.34910685666475694,-0.18184445506910288,-0.2639803751859618,0.0,1,0,1,3,1,0,1,0,1,0,0
0.4159095910001122,0.1997661534468453,0.46872285190873,0.0,1,1,3,5,1,0,1,1,1,1,0
0.6721436984387543,1.3645080976998696,0.14307697319997809,106.05,1,0,4,7,1,1,0,1,2,1,36
1.5054146463383709,0.6211969993731534,1.4456604880349857,83.65,2,0,2,4,2,1,0,1,1,1,0
-0.9386054638031139,-1.018069440686659,-1.1188008067964355,0.0,0,1,2,2,0,0,0,0,1,1,0
1.1455591937988894,1.090743965503646,0.7536629957788878,97.8,2,1,1,5,2,1,1,1,0,0,0
1.189021799059267,0.8169798333074222,0.9978974048104517,0.0,2,0,4,8,2,0,1,0,2,0,57
1.0395464181208758,0.0753279115394709,1.6084834273893616,0.0,2,0,4,6,2,0,1,0,2,0,72
-0.7813634184214248,-0.6314813024944159,-0.8745663977648716,0.0,0,0,0,1,0,0,1,1,0,1,0
-0.9363895510664668,-0.20673210345057777,-1.2002122764736234,0.0,0,0,1,3,0,0,0,1,0,1,0
-0.21136923131157645,0.5564891135813186,-0.4268033145403377,81.7,1,1,2,3,1,1,0,0,1,0,0
-0.44608046355565495,-1.4710246412295018,1.0793088744876398,0.0,2,0,0,1,2,0,0,0,0,1,59
1.8194818822304983,1.293163505672975,1.1607203441648277,103.9,2,0,3,6,2,1,1,0,1,1,0
1.1411054285955289,0.5979685275504434,1.0793088744876398,82.95,2,0,3,4,2,1,1,1,1,1,0
0.554217649335004,0.9911933719777464,0.14307697319997809,94.8,1,0,1,4,1,1,0,1,0,0,0
-0.962190673623864,-1.4826388771408567,-1.1188008067964355,0.0,0,0,0,1,0,0,1,0,0,0,0
-0.9883647715923801,-0.49045129499939155,-1.2816237461508113,0.0,0,1,0,2,0,0,1,1,0,0,0
-0.6470264512284456,0.2777474517087997,-0.8338606629262776,73.3,0,0,0,2,0,1,1,1,0,0,0
-1.0013092123312104,-1.469365464670737,-1.2816237461508113,0.0,0,1,0,1,0,0,1,0,0,0,0
0.2716778055474509,0.19312944721178524,0.30589991255435406,0.0,1,0,2,5,1,0,1,0,1,1,0
0.6901342770927218,0.903257014363202,0.387311382231542,92.15,1,1,1,4,1,1,0,1,0,1,0
-0.39741814226967936,-1.5008898192872717,1.4863662228735797,0.0,2,0,0,1,2,0,0,0,0,1,69
-0.2195966300862567,-0.017585975751368575,-0.1825689055087738,0.0,1,1,1,4,1,0,1,0,0,1,0
1.4999516535519832,1.135541732590301,1.0386031396490458,99.15,2,0,2,5,2,1,1,0,1,0,0
2.7477957407752216,1.702980115687928,1.5677776925507676,116.25,2,1,4,8,2,1,1,1,2,1,71
1.385535961258763,0.5199872292884885,1.5270719577121736,0.0,2,0,2,6,2,0,0,1,2,1,70
-0.47104787637055134,-1.3316538102932427,0.7943687306174818,0.0,2,0,0,2,2,0,1,0,0,1,52
-0.8050802666225698,-1.3067661619117676,-0.5896262538947137,0.0,1,0,0,0,1,0,1,0,0,1,0
1.6138627320536898,0.5763992322864984,1.6084834273893616,0.0,2,0,4,7,2,0,1,1,2,1,72
-0.6265128036169095,-0.5153389433808665,-0.5896262538947137,0.0,1,1,1,2,1,0,1,0,1,0,0
0.7995038314708045,0.17985603474166512,0.9978974048104517,0.0,2,0,3,5,2,0,0,1,2,1,57
-0.2850647846026458,-0.27309916580117743,-0.22327464034736777,0.0,1,0,2,3,1,0,0,1,1,0,0
0.10524301326818562,1.3180511540544502,-0.3453918448631497,104.65,1,1,2,6,1,1,1,1,0,1,0
-0.9040065094893253,-1.4760021709057967,-0.9152721326034655,0.0,0,0,0,1,0,0,1,0,0,1,0
-0.19456339808116294,-1.3283354571757127,1.6084834273893616,0.0,2,0,0,2,2,0,0,0,0,1,72
-0.9432566865770666,-1.3233579274994176,-1.0373893371192475,0.0,0,0,0,2,0,0,1,1,0,0,0
0.6438853261139859,0.19147027065302033,0.8757802002946699,0.0,2,1,2,5,2,0,1,1,1,1,0
0.600225263283016,0.6709722961361032,0.46872285190873,85.15,1,1,3,4,1,1,0,1,2,1,0
0.9894360746505567,0.5299422886410788,0.9571916699718578,80.9,2,1,0,2,2,1,1,1,0,1,0
-1.0017918863926583,-1.5058673489635668,-1.2816237461508113,0.0,0,0,0,1,0,0,1,0,0,0,0
2.5055811208486345,1.5486766957227835,1.6084834273893616,111.6,2,0,3,7,2,1,0,1,1,0,72
-0.6113963296015636,0.443665107585299,-0.8338606629262776,78.3,0,1,1,3,0,1,0,1,1,0,0
-0.38445176180078333,-0.35108046406313215,-0.1825689055087738,0.0,1,0,2,3,1,0,1,0,2,1,0
2.1941685922944707,1.3014593884668002,1.6084834273893616,104.15,2,1,2,6,2,1,0,1,1,1,0
-0.9062663016861041,-0.48381458876433153,-1.1188008067964355,0.0,0,1,1,2,0,0,1,0,0,0,0
0.24124739994616687,0.9978300782128064,-0.10115743583158582,95.0,1,0,4,6,1,1,1,1,2,0,0
0.04973549620167614,1.1853170293532507,-0.4268033145403377,100.65,1,1,1,5,1,1,1,1,0,0,0
1.9791153581893617,1.30477774158433,1.3235432835192036,104.25,2,1,2,6,2,1,1,1,1,1,0
0.7038685481139213,0.6494030008721581,0.6722515261016999,84.5,2,1,0,3,2,1,0,1,0,0,0
-0.5925062220148978,0.5382381714349038,-0.7931549280876836,81.15,1,1,2,3,1,1,0,1,0,0,0
1.6707524521143453,1.4872871630484792,0.8757802002946699,109.75,2,0,4,7,2,1,1,0,2,1,54
-0.5175381643800112,-1.466047111553207,0.9978974048104517,0.0,2,0,0,1,2,0,1,0,0,1,57
-0.9909975392002778,-0.6895524820511906,-1.2816237461508113,0.0,0,0,0,1,0,0,0,0,0,0,0
1.7484629760074588,0.841867481688897,1.5677776925507676,0.0,2,0,4,8,2,0,1,0,2,1,71
-0.989110722414618,-0.5468632979974012,-1.2816237461508113,0.0,0,0,1,2,0,0,0,1,1,0,0
1.4156811503691915,0.48016699187812906,1.5270719577121736,0.0,2,0,4,7,2,0,1,0,2,1,0
0.450859580994954,0.04380355692293595,0.7943687306174818,0.0,2,0,4,6,2,0,0,0,2,1,52
1.2347661362464892,0.850163364482722,0.9571916699718578,90.55,2,1,3,5,2,1,0,0,1,1,0
-0.8583499312223662,-1.1723728606518034,-0.8745663977648716,0.0,0,1,1,1,0,0,0,1,1,1,0
-0.9633973587774838,-1.4925939364934466,-1.1188008067964355,0.0,0,0,0,1,0,0,1,0,0,0,0
-0.8162256494960033,-1.026365323480484,-0.8338606629262776,0.0,0,0,2,2,0,0,1,0,1,0,0
-0.8105871388690892,0.8684143066291369,-1.0780950719578415,91.1,0,1,0,3,0,1,0,1,0,0,0
-0.9404264613985764,0.4917812277894838,-1.2409180113122174,79.75,0,0,0,2,0,1,0,1,0,0,0
1.2509576570350598,1.26495750417397,0.7129572609402939,103.05,2,0,2,5,2,1,0,0,1,1,0
0.498644313078297,0.5083729933771337,0.346605647392948,80.25,1,1,1,3,1,1,1,1,0,1,0
1.5709486200449574,0.7157700632227577,1.4456604880349857,0.0,2,0,3,7,2,0,1,1,2,0,68
-0.26158927343222477,0.5000771105833088,-0.4268033145403377,80.0,1,0,0,2,1,1,0,1,0,1,0
1.4024734328695716,1.3893957460813444,0.7536629957788878,106.8,2,0,2,6,2,1,1,1,0,1,0
-0.11579976714489058,0.13339909109624562,-0.10115743583158582,0.0,1,0,2,5,1,0,0,1,0,0,0
0.5202110677329922,0.8186390098661871,0.30589991255435406,89.6,1,0,2,4,1,1,1,1,1,0,0
1.7749003507367647,1.1421784388253606,1.3235432835192036,99.35,2,1,3,6,2,1,1,1,1,1,65
-0.4866470244473451,-1.5075265255223318,1.4456604880349857,0.0,2,0,0,1,2,0,1,0,0,1,0
-0.7300025103373542,-0.17520774883404305,-0.9152721326034655,0.0,0,0,1,3,0,0,1,1,0,0,0
1.599887124001766,0.9845566657426863,1.2828375486806096,94.6,2,0,2,5,2,1,0,1,1,1,64
1.686395479651271,1.3777815101699897,1.0386031396490458,106.45,2,1,3,6,2,1,0,1,1,0,0
-0.9051693151828134,-1.5075265255223318,-0.7117434584104956,0.0,1,0,0,1,1,0,1,1,0,1,0
2.1854804591884083,1.3877365695225796,1.5677776925507676,106.75,2,0,3,7,2,1,0,1,1,0,71
-0.8364760203467497,1.1006990248562358,-1.1595065416350294,98.1,0,0,2,5,0,1,0,1,1,0,0
1.7761947948106476,0.7190884163402875,1.6084834273893616,0.0,2,0,3,7,2,0,0,0,1,0,72
0.02610640692079447,0.9878750188602166,-0.30468611002455576,94.7,1,0,0,4,1,1,1,1,0,0,0
0.5127296197805495,0.4187774592038241,0.46872285190873,0.0,1,0,1,5,1,0,0,1,0,0,0
-0.8380776206415541,0.33913698438310474,-1.1188008067964355,0.0,0,0,2,5,0,0,1,0,1,0,0
-0.36858933696319984,-0.6762790695810708,0.020959768684196134,0.0,1,0,0,1,1,0,1,1,0,1,0
-0.9884744702427092,-0.49874717779321653,-1.2816237461508113,0.0,0,1,1,2,0,0,1,1,0,0,0
-0.4235044813179323,0.928144662744677,-0.7524491932490895,92.9,1,1,0,3,1,1,1,1,0,0,0
-0.816159830305806,-1.4793205240233267,-0.5082147842175256,0.0,1,0,0,1,1,0,0,0,0,1,0
-0.7563082466862653,0.05873614595182097,-0.9966836022806536,0.0,0,1,2,4,0,0,1,1,1,0,0
-0.9689481104841348,-1.1657361544167435,-1.2002122764736234,0.0,0,0,1,1,0,0,1,0,0,1,0
-0.44687029383802424,-1.5108448786398618,1.4049547531963917,0.0,2,0,0,1,2,0,1,1,0,1,67
1.8256250066489264,0.7506127709568226,1.6084834273893616,0.0,2,0,4,8,2,0,1,1,2,1,72
-0.9791500849647382,0.20640285968190536,-1.2816237461508113,71.15,0,1,0,1,0,1,0,1,0,0,0
0.2389656680193221,0.21303956591696496,0.30589991255435406,0.0,1,0,3,5,1,0,0,1,2,1,0
-0.3493701334255467,-1.3598598117922474,1.1200146093262338,0.0,2,0,0,2,2,0,1,0,0,1,0
0.11511589179780193,-0.6663240102284806,0.9571916699718578,0.0,2,0,0,2,2,0,0,1,0,0,0
-0.1182789566423276,0.6046052337855035,-0.3453918448631497,83.15,1,0,2,4,1,1,0,0,0,1,0
1.120131046652611,0.1151481489498308,1.6084834273893616,0.0,2,0,3,5,2,0,1,0,2,1,72
-0.9216241127321739,-1.497571466169742,-0.8338606629262776,0.0,0,0,0,1,0,0,1,0,0,1,0
-0.011629928792405651,-0.6862341289336606,0.7943687306174818,0.0,2,0,2,3,2,0,1,0,1,1,0
-0.9665128004468295,-1.3200395743818876,-1.1595065416350294,0.0,0,1,0,0,0,0,0,1,0,1,0
-0.8806406969692333,-0.5236348261746914,-1.0780950719578415,0.0,0,1,1,2,0,0,1,1,1,1,0
-0.8764940879867945,-0.563455063585051,-1.0780950719578415,0.0,0,1,1,3,0,0,0,1,0,0,0
2.250773095864271,1.5254482239000742,1.3642490183577978,110.9,2,0,3,7,2,1,1,0,1,0,0
-0.40551390266396475,-1.5091857020810966,1.5677776925507676,0.0,2,0,0,1,2,0,1,0,0,1,71
-0.9096230803861737,-1.497571466169742,-0.8338606629262776,0.0,0,0,0,1,0,0,0,0,0,1,0
-0.9096450201162394,0.31424933600162985,-1.2002122764736234,74.4,0,1,0,2,0,1,1,1,0,0,0
-0.6748899084120294,-0.2963276376238874,-0.7931549280876836,0.0,1,1,2,3,1,0,0,1,1,0,0
1.432135947918552,1.29814103534927,0.8350744654560759,104.05,2,0,4,7,2,1,0,1,2,1,53
-0.9060688441155118,-1.4892755833759168,-0.8745663977648716,0.0,0,0,0,1,0,0,0,0,0,0,0
-0.4769496637582552,0.697519121076343,-0.7931549280876836,85.95,1,1,0,3,1,1,0,1,0,0,0
-0.9027998243357055,-1.3183803978231226,-0.8745663977648716,0.0,0,1,0,2,0,0,0,0,0,0,0
-0.46694514684824406,1.1537926747367158,-0.8338606629262776,99.7,0,0,3,6,0,1,0,1,1,0,0
-0.7380763310015738,-1.4876164068171518,0.020959768684196134,0.0,1,0,0,1,1,0,1,0,0,1,0
-0.4557997639748106,-1.5125040551986266,1.2421318138420157,0.0,2,1,0,1,2,0,0,0,0,1,63
-0.5905974654991719,0.2926800407376848,-0.7931549280876836,73.75,1,0,1,2,1,1,1,1,1,0,0
-0.5460817531956353,-0.3228744625641272,-0.5896262538947137,0.0,1,0,2,3,1,0,1,0,1,0,0
-0.8198895844169943,0.31424933600162985,-1.0780950719578415,74.4,0,1,1,2,0,1,0,0,0,0,0
0.5715719758170628,0.5133505230534289,0.5501343215859179,80.4,1,1,0,2,1,1,1,1,0,1,0
-0.6210059313703902,0.4950995809070136,-0.9152721326034655,79.85,0,0,2,3,0,1,1,1,1,0,0
0.049801315391873616,0.16824179883031035,0.06166550352279012,70.0,1,0,0,1,1,1,0,1,0,0,0
-0.27663992825737316,-1.3216987509406526,1.4049547531963917,0.0,2,0,0,2,2,0,1,0,0,0,67
-0.8788635788339023,0.31424933600162985,-1.1595065416350294,0.0,0,1,2,5,0,0,1,1,1,0,0
-0.38894940646427517,0.12510320830242067,-0.5082147842175256,0.0,1,1,2,5,1,0,1,1,1,0,0
-0.979654698756252,0.16824179883031035,-1.2816237461508113,70.0,0,1,0,1,0,1,1,0,0,1,0
-1.0013750315214078,-1.4743429943470319,-1.2816237461508113,0.0,0,0,0,1,0,0,0,0,0,0,0
-0.5601889996279537,0.3457736906181643,-0.7524491932490895,75.35,1,1,1,2,1,1,0,0,0,0,0
0.7267516865725654,0.659358060224748,0.5501343215859179,84.8,1,0,2,4,1,1,0,1,1,0,0
-0.5958630007149672,0.14169497389007057,-0.7524491932490895,0.0,1,0,2,5,1,0,1,0,1,1,0
-0.9415453876319331,-1.5174815848749215,-0.9966836022806536,0.0,0,0,0,1,0,0,0,0,0,0,0
-0.8180027676313343,-0.6563689508758908,-0.9966836022806536,0.0,0,0,0,1,0,0,1,1,0,0,0
0.5308957162750436,0.9878750188602166,0.14307697319997809,94.7,1,1,1,4,1,1,1,1,0,0,0
-0.859446917725657,0.49675875746577897,-1.1188008067964355,79.9,0,0,1,3,0,1,1,1,0,1,0
-0.46938045688554936,-0.45892694038285664,-0.4268033145403377,0.0,1,1,1,2,1,0,1,1,1,1,0
-0.37618048356597145,-1.041297912509369,0.387311382231542,0.0,1,0,2,2,1,0,0,0,1,1,0
-0.9564424643466207,-1.5058673489635668,-1.0780950719578415,0.0,0,0,0,1,0,0,1,0,0,1,0
-0.047808543670932895,0.6925415914000478,-0.2639803751859618,85.8,1,0,1,3,1,1,0,1,1,0,0
-0.08387745989913127,-0.8504926082513949,0.9978974048104517,0.0,2,1,1,2,2,0,1,1,0,0,0
0.47095637373523974,0.5150096996121938,0.387311382231542,0.0,1,0,2,6,1,0,1,0,2,1,0
-0.9754203308535498,0.48846287467195404,-1.2816237461508113,79.65,0,1,0,2,0,1,0,1,0,0,0
-0.3346046950912539,0.8833468956580218,-0.6710377235719016,91.55,1,1,2,4,1,1,1,1,1,1,0
-0.27345866739783015,0.9994892547715714,-0.5896262538947137,95.05,1,0,2,5,1,1,0,1,1,0,0
-0.33225714397421174,0.1599459160364854,-0.4268033145403377,0.0,1,0,3,5,1,0,0,1,2,0,0
-0.40226682261422436,-1.3432680462045974,0.9571916699718578,0.0,2,0,0,2,2,0,0,1,0,1,56
-0.8957352312545134,0.12344403174365576,-1.1595065416350294,0.0,0,0,1,4,0,0,0,1,0,0,0
-0.789130082864723,-1.5141632317573919,-0.2639803751859618,0.0,1,0,0,1,1,0,1,0,0,0,0
-0.2354809946539061,-0.2880317548300625,0.06166550352279012,0.0,1,1,2,4,1,0,0,1,0,0,0
-0.4674497606397578,-0.5236348261746914,-0.2639803751859618,0.0,1,0,1,2,1,0,1,0,1,0,0
-0.21367290296848693,0.1367174442137754,-0.2639803751859618,69.05,1,0,0,1,1,1,0,1,0,0,0
0.4529657950812722,1.2085455011759603,-0.019745966154397852,101.35,1,1,1,5,1,1,0,1,0,0,0
-0.8471826086188669,0.659358060224748,-1.1595065416350294,84.8,0,0,2,4,0,1,1,1,0,1,0
-0.9778995203509869,0.3009759235315097,-1.2816237461508113,74.0,0,1,1,2,0,1,1,0,1,0,0
-0.7428591921559212,0.6444254711958629,-1.0373893371192475,84.35,0,1,1,3,0,1,0,1,0,0,0
-0.5620099972234163,-1.464387934994442,0.8350744654560759,0.0,2,0,0,1,2,0,0,0,0,1,0
-0.9743233443502591,-1.1458260357115635,-1.2002122764736234,0.0,0,1,1,1,0,0,1,0,1,0,0
-0.4347815025717607,-1.4925939364934466,1.4049547531963917,0.0,2,0,0,1,2,0,1,0,0,0,67
1.0650184447272861,1.0210585500355165,0.7129572609402939,95.7,2,1,0,4,2,1,0,1,0,0,0
-1.0017480069325266,-1.5025489958460367,-1.2816237461508113,0.0,0,0,0,1,0,0,1,0,0,0,0
-0.9286887058133659,-1.4826388771408567,-0.9559778674420595,0.0,0,0,0,1,0,0,0,0,0,0,0
-0.9750254157123651,-0.6746198930223056,-1.2409180113122174,0.0,0,0,0,1,0,0,0,1,0,1,0
-0.9992907571651556,-1.3167212212643575,-1.2816237461508113,0.0,0,1,0,0,0,0,0,0,0,0,0
0.9430774250214918,1.3064369181430948,0.428017117070136,104.3,1,0,2,6,1,1,1,1,1,1,0
0.500311732563299,-0.5485224745561663,1.5270719577121736,0.0,2,0,3,4,2,0,1,0,2,0,70
-0.401125956650802,-1.497571466169742,1.5677776925507676,0.0,2,0,0,1,2,0,1,0,0,1,71
0.7987359409185011,0.9298038393034418,0.46872285190873,92.95,1,0,1,4,1,1,1,1,0,1,0
-0.948631920443191,0.19147027065302033,-1.2409180113122174,70.7,0,0,0,1,0,1,1,0,0,0,0
-0.8762966304162022,0.4320508716739442,-1.1595065416350294,77.95,0,0,1,3,0,1,0,0,0,0,0
-0.9425107357548288,-0.32619281568165726,-1.2002122764736234,0.0,0,0,2,3,0,0,0,1,2,0,0
-0.19087752343010622,-0.015926799192603674,-0.1825689055087738,0.0,1,0,3,5,1,0,0,0,1,0,0
-0.017202620229122334,0.3441145140593994,-0.1418631706701798,75.3,1,0,1,2,1,1,1,1,0,1,0
-0.9796327590261861,0.16990097538907525,-1.2816237461508113,70.05,0,1,0,1,0,1,1,1,0,0,0
-0.6069425643982033,1.145496791942891,-0.9559778674420595,99.45,0,0,1,5,0,1,1,1,0,0,0
2.29469643545603,1.4308751600504692,1.5677776925507676,108.05,2,1,3,7,2,1,1,1,2,0,71
0.3065400366220293,0.2677923923562099,0.346605647392948,0.0,1,1,1,5,1,0,1,1,0,1,0
1.4532200285117993,1.1737027934418955,0.9571916699718578,100.3,2,0,1,5,2,1,1,0,0,1,0
-0.9990932995945633,-1.3017886322354726,-1.2816237461508113,0.0,0,0,0,0,0,0,0,1,0,0,0
-0.14063554157939212,-0.8571293144864547,0.7943687306174818,0.0,2,0,3,3,2,0,0,0,2,0,52
2.011279002465845,1.2616391510564402,1.4049547531963917,102.95,2,0,3,6,2,1,0,1,1,0,0
-0.7671684130688432,-1.5108448786398618,-0.1418631706701798,0.0,1,0,0,1,1,0,0,0,0,0,29
0.2543454187954578,0.09191967712712082,0.387311382231542,0.0,1,0,3,5,1,0,0,1,2,0,0
-0.6758991359950568,-0.49045129499939155,-0.6710377235719016,0.0,1,1,1,2,1,0,0,1,1,0,0
-0.8262082266759487,-1.1225975638888535,-0.7524491932490895,0.0,1,0,1,1,1,0,1,1,0,0,0
-0.44230682998433496,0.3242043953542197,-0.5896262538947137,74.7,1,1,1,2,1,1,0,1,0,0,0
-0.4837509800786576,1.145496791942891,-0.8338606629262776,99.45,0,1,1,5,0,1,1,1,0,0,0
-0.6632179720170163,-1.4942531130522119,0.26519417771576004,0.0,1,0,0,1,1,0,1,0,0,0,0
0.019875523582103368,0.1599459160364854,-0.019745966154397852,69.75,1,0,0,1,1,1,1,1,0,1,0
0.13852558377802565,-0.7044850710800754,1.2014260790034217,0.0,2,0,4,4,2,0,1,1,2,0,62
-1.0011775739508157,-1.459410405318147,-1.2816237461508113,0.0,0,0,0,1,0,0,1,0,0,0,0
0.21452480872600535,-0.0739979787493784,0.5094285867473239,0.0,1,0,2,4,1,0,1,0,1,0,0
-0.4623597432644889,0.5183280527297236,-0.6710377235719016,80.55,1,0,1,3,1,1,1,1,0,0,0
-0.9828140198857291,-0.07067962563184861,-1.2816237461508113,0.0,0,0,0,3,0,0,1,1,0,0,0
1.9656004844688197,0.8982794846869069,1.6084834273893616,0.0,2,0,4,8,2,0,1,1,2,1,72
-0.9666005593670927,-0.9882042626288892,-1.2002122764736234,0.0,0,1,0,1,0,0,1,1,0,1,0
-0.24928108486530312,-0.22996057527328775,-0.1418631706701798,0.0,1,0,3,4,1,0,0,0,2,0,0
-0.8644052967205309,-1.5025489958460367,-0.7117434584104956,0.0,1,0,0,1,1,0,1,0,0,1,0
2.2278460779454954,1.4010099819926998,1.4456604880349857,107.15,2,0,2,6,2,1,1,1,1,1,0
0.0,-0.29466846106512257,-1.3223294809894055,0.0,0,0,4,5,0,0,0,0,2,1,0
-0.14963083090637586,0.6776090023711627,-0.4268033145403377,85.35,1,0,0,3,1,1,0,0,0,1,0
-0.973292177037166,0.6494030008721581,-1.2816237461508113,84.5,0,1,0,3,0,1,1,0,0,0,0
0.4591966784199633,0.2860433345026247,0.5094285867473239,0.0,1,0,2,5,1,0,0,0,2,0,45
-0.01239781934470914,0.7920921849259474,-0.2639803751859618,88.8,1,0,0,3,1,1,0,1,0,0,0
1.8922120873986719,0.896620308128142,1.6084834273893616,0.0,2,0,4,8,2,0,1,1,2,1,72
2.310076186232166,1.5387216363701939,1.4049547531963917,111.3,2,0,3,7,2,1,1,1,1,1,67
-0.5621196958737453,1.0061259610066313,-0.9152721326034655,95.25,0,1,2,5,0,1,1,1,0,0,0
-0.970922686190058,0.8285940692187774,-1.2816237461508113,89.9,0,1,0,3,0,1,1,1,0,0,0
-0.3392559178652064,-1.1574402716229184,0.7536629957788878,0.0,2,0,1,1,2,0,1,1,0,1,0
-0.9694307845455826,0.9414180752147966,-1.2816237461508113,93.3,0,1,0,4,0,1,1,1,0,0,0
-0.42802406571148993,-1.3200395743818876,0.9571916699718578,0.0,2,0,0,2,2,0,1,1,0,1,56
2.04107315589522,1.0276952562705766,1.6084834273893616,95.9,2,0,2,5,2,1,0,1,1,1,72
-0.9109614039201882,-1.3582006352334823,-0.9152721326034655,0.0,0,1,0,2,0,0,1,1,0,0,0
-0.8018990057630269,-1.480979700582092,-0.4268033145403377,0.0,1,0,0,1,1,0,1,0,0,0,0
-0.9682021596618972,-1.472683817788267,-1.1188008067964355,0.0,0,0,0,1,0,0,0,0,0,0,0
0.021433244416776045,0.43039169511517933,-0.10115743583158582,77.9,1,0,0,2,1,1,1,0,0,1,0
0.03194237511830108,-0.364353876533252,0.46872285190873,0.0,1,0,2,4,1,0,1,1,0,0,0
-0.2228875895961288,1.2068863246171952,-0.5896262538947137,101.3,1,0,2,5,1,1,1,0,0,0,0
-0.9711859629508477,-0.6845749523748957,-1.2409180113122174,0.0,0,1,0,1,0,0,0,1,0,0,0
0.029441245890798166,-0.6912116586099555,0.8757802002946699,0.0,2,0,2,3,2,0,0,0,2,0,0
-0.9689481104841348,0.9779199595076267,-1.2816237461508113,94.4,0,1,1,4,0,1,0,0,0,0,0
-0.3705639126691231,-1.4793205240233267,1.5270719577121736,0.0,2,0,0,1,2,0,1,0,0,1,70
-0.6305716536790851,0.6527213539896879,-0.9152721326034655,84.6,0,0,1,3,0,1,0,1,0,0,0
0.15206239722863288,0.9862158423014517,-0.1418631706701798,94.65,1,0,1,4,1,1,1,0,1,1,0
-0.6072936000792564,1.1803394996769556,-0.9559778674420595,100.5,0,1,1,5,0,1,1,1,0,0,0
1.1769549475230694,0.6643355899010431,1.1200146093262338,0.0,2,1,3,7,2,0,1,1,2,0,60
0.035540490849094504,0.8053655973960674,-0.22327464034736777,89.2,1,1,2,4,1,1,0,1,1,0,0
-0.6298037631267815,-1.5125040551986266,0.387311382231542,0.0,1,0,0,1,1,0,1,0,0,1,42
1.6050649002972983,0.8916427784518468,1.2828375486806096,91.8,2,1,3,5,2,1,1,1,1,1,0
-0.257793700130839,-1.3333129868520075,1.3235432835192036,0.0,2,0,0,2,2,0,1,0,0,1,65
-0.956047549205436,0.1732193285066055,-1.2409180113122174,70.15,0,1,0,1,0,1,0,1,0,0,0
0.34346460232279435,-0.6630056571109506,1.4456604880349857,0.0,2,1,2,3,2,0,0,0,1,0,0
2.4945454366255304,1.5951336393682036,1.5270719577121736,113.0,2,0,4,8,2,1,0,1,2,1,70
0.6701033035426336,0.266133215797445,0.7943687306174818,72.95,2,0,0,2,2,1,1,1,0,0,0
1.1221495018186656,0.19478862377055015,1.4456604880349857,0.0,2,0,2,5,2,0,1,0,1,1,68
-0.43840155803262004,-1.5091857020810966,1.5270719577121736,0.0,2,0,0,1,2,0,0,0,0,1,70
0.6877647862456139,-0.14700174733503815,1.4049547531963917,0.0,2,0,3,4,2,0,0,0,2,0,0
-0.005574563294240899,0.680927355488693,-0.1825689055087738,85.45,1,1,1,3,1,1,1,0,0,1,0
-0.11136794167159608,0.6610172367835129,-0.3453918448631497,84.85,1,0,2,4,1,1,1,1,0,0,0
-0.9250028311623092,0.505054640259604,-1.2409180113122174,80.15,0,1,2,3,0,1,0,1,2,1,0
1.3298748660817932,0.44864263726159415,1.4456604880349857,0.0,2,1,4,7,2,0,0,1,2,1,0
1.135554676888878,0.7024966507526377,1.0386031396490458,0.0,2,1,3,7,2,0,1,1,1,1,58
0.11579602342984224,1.32800621340704,-0.30468611002455576,104.95,1,0,2,6,1,1,0,1,1,1,0
-0.8393281852553055,-0.9682941439237093,-0.9152721326034655,0.0,0,1,2,2,0,0,1,0,1,0,0
1.4505653211738356,1.1554518512954808,0.9571916699718578,99.75,2,0,3,6,2,1,0,1,1,1,0
0.27518816235798116,0.850163364482722,-0.06045170099299184,90.55,1,0,3,5,1,1,1,1,2,1,0
-0.47719100078897925,-1.5075265255223318,1.2421318138420157,0.0,2,0,0,1,2,0,0,0,0,0,63
-0.4868664217480032,-0.32453363912289235,-0.4268033145403377,0.0,1,0,2,3,1,0,1,1,1,0,0
-0.9515499045419442,-1.469365464670737,-1.0373893371192475,0.0,0,0,0,1,0,0,0,0,0,1,0
-0.08479892856189543,-0.3029643438589475,0.30589991255435406,0.0,1,1,2,4,1,0,0,1,1,0,0
0.8800665202724738,0.4950995809070136,0.8757802002946699,79.85,2,0,1,3,2,1,1,1,0,0,0
-0.48899457556438714,-1.3017886322354726,0.428017117070136,0.0,1,0,0,2,1,0,0,1,0,0,43
-0.9037651724586013,0.881687719099257,-1.2002122764736234,91.5,0,0,1,4,0,1,0,1,0,1,0
-0.5523565159944581,0.4619160497317138,-0.7524491932490895,78.85,1,1,2,3,1,1,0,0,1,0,0
-1.0017480069325266,-1.5025489958460367,-1.2816237461508113,0.0,0,0,0,1,0,0,1,0,0,1,0
1.4835626751928204,0.6543805305484532,1.4456604880349857,84.65,2,1,2,4,2,1,1,1,0,1,0
-0.4411001448307152,-1.4760021709057967,1.2014260790034217,0.0,2,0,0,1,2,0,1,0,0,1,62
1.5458276291196005,0.8468450113651922,1.2421318138420157,90.45,2,0,1,4,2,1,1,0,0,0,0
-0.03984442165704236,0.5033954637008385,-0.1418631706701798,0.0,1,0,2,6,1,0,1,0,0,1,0
0.14003942515256673,0.7589086537506474,-0.1418631706701798,87.8,1,0,0,3,1,1,0,1,0,1,0
-0.5729579225262574,-0.6630056571109506,-0.38609757970174374,0.0,1,1,0,2,1,0,0,1,0,0,0
-0.9278330563407993,0.5183280527297236,-1.2409180113122174,80.55,0,0,1,3,0,1,0,0,1,0,0
-0.7362992128662429,0.5000771105833088,-0.9966836022806536,80.0,0,0,0,2,0,1,0,1,0,0,0
0.2786546397083798,0.5133505230534289,0.14307697319997809,80.4,1,1,0,2,1,1,0,0,0,1,0
2.01356073439269,1.326347036848275,1.3642490183577978,104.9,2,1,2,6,2,1,0,1,0,1,0
-0.38278434231578146,0.8136614801898924,-0.6710377235719016,89.45,1,0,2,4,1,1,0,1,0,1,0
0.0,-0.10054480368961842,-1.3223294809894055,0.0,0,0,3,5,0,0,1,1,2,0,0
1.4856908290092041,0.6908824148412829,1.3235432835192036,85.75,2,1,2,4,2,1,1,1,1,1,0
1.2565303484717765,1.2632983276152052,0.6722515261016999,103.0,2,0,4,7,2,1,0,0,2,0,0
-0.630461955028756,0.8899836018930819,-0.9559778674420595,91.75,0,0,3,5,0,1,0,0,1,1,0
0.06039820501366183,0.6925415914000478,-0.1418631706701798,85.8,1,1,2,4,1,1,1,1,0,1,0
-0.9768464133078277,0.38061639835222955,-1.2816237461508113,76.4,0,0,1,2,0,1,0,1,0,1,0
-0.0039510232693707415,0.9895341954189815,-0.38609757970174374,94.75,1,1,1,4,1,1,0,1,0,0,0
1.645324304968067,0.634470411843273,1.6084834273893616,84.05,2,0,2,4,2,1,0,1,1,1,72
-0.4756332799543064,-1.5058673489635668,1.3235432835192036,0.0,2,0,0,1,2,0,1,1,0,0,65
-0.6164424675167008,1.250024915145085,-0.9559778674420595,102.6,0,0,2,6,0,1,1,1,0,1,0
0.24798289707637175,1.3064369181430948,-0.22327464034736777,104.3,1,0,2,6,1,1,0,1,2,1,0
0.7383797435074467,-0.2813950485950024,1.5677776925507676,0.0,2,1,2,4,2,0,1,1,1,0,0
-0.7935838480680832,-1.5008898192872717,-0.3453918448631497,0.0,1,0,0,1,1,0,0,1,0,1,24
-0.2465166788770106,-1.3034478087942378,1.2828375486806096,0.0,2,0,0,2,2,0,1,0,0,1,64
0.9160476775804088,-0.12377327551232817,1.6084834273893616,0.0,2,0,3,5,2,0,1,1,2,0,72
1.1081519540366764,0.5830359385215584,1.0386031396490458,82.5,2,0,0,3,2,1,1,0,0,1,58
-0.6001851275379326,-0.34278458126930716,-0.6303319887333076,0.0,1,1,2,4,1,0,1,0,1,1,0
-0.8354887324937881,0.5033954637008385,-1.1188008067964355,80.1,0,0,0,2,0,1,1,1,0,0,0
0.8142473300750317,0.10353391303847558,1.1607203441648277,0.0,2,0,4,5,2,0,1,1,2,1,61
1.6467723271524108,0.7423168881629976,1.4863662228735797,87.3,2,0,2,4,2,1,0,0,1,1,0
1.5307330948343205,1.6399314064548582,0.7129572609402939,114.35,2,0,4,8,2,1,1,0,2,0,0
-0.4964102043266323,-1.3366313399695375,0.5094285867473239,0.0,1,0,0,2,1,0,0,1,0,1,45
-0.9240374830394135,-1.497571466169742,-0.9152721326034655,0.0,0,0,0,1,0,0,0,1,0,1,0
0.07217984005900392,0.6477438243133932,-0.1418631706701798,84.45,1,1,2,4,1,1,1,1,1,1,0
2.0503317219829937,1.3611897445823398,1.3642490183577978,105.95,2,0,2,6,2,1,0,1,1,1,0
-0.8942872090701697,-1.4892755833759168,-0.8338606629262776,0.0,0,1,0,1,0,0,0,1,0,1,12
-0.3855926277642057,-1.3465863993221274,1.0386031396490458,0.0,2,0,0,2,2,0,0,0,0,0,58
-0.7705910109591102,0.04380355692293595,-0.9966836022806536,0.0,0,1,0,3,0,0,1,1,0,0,0
-0.47025804608818195,-1.3565414586747175,0.8757802002946699,0.0,2,0,0,2,2,0,1,1,0,1,54
0.5568284772128357,0.6444254711958629,0.387311382231542,0.0,1,0,3,7,1,0,0,0,2,1,42
0.6470227075133973,1.1388600857078308,0.22448844287716607,99.25,1,0,1,5,1,1,1,1,0,0,0
-0.5454455010237267,0.6477438243133932,-0.8338606629262776,84.45,0,1,0,3,0,1,1,1,0,0,0
-0.5222990858042929,0.5017362871420736,-0.7524491932490895,80.05,1,0,2,3,1,1,0,1,1,0,0
1.6934381330023969,0.7655453599857075,1.4456604880349857,0.0,2,0,4,8,2,0,0,0,2,1,68
-0.7192081631449737,0.3955489873811141,-0.9559778674420595,76.85,0,1,0,2,0,1,0,1,0,0,0
-0.800823958989802,0.6178786462556232,-1.0780950719578415,83.55,0,0,1,3,0,1,1,1,0,1,0
1.6470356039132004,0.8518225410414869,1.4049547531963917,90.6,2,0,2,4,2,1,1,1,1,1,0
1.45646710856154,1.3794406867287545,0.7943687306174818,106.5,2,1,2,6,2,1,0,1,0,1,0
0.3800600720725722,0.5000771105833088,0.30589991255435406,80.0,1,1,2,3,1,1,1,1,0,1,0
-0.9796766384863179,0.16658262227154547,-1.2816237461508113,69.95,0,0,0,1,0,1,0,1,0,0,0
-0.6307691112496774,1.0011484313303363,-0.9152721326034655,95.1,0,0,1,4,0,1,1,1,1,0,0
-0.5240981436696895,-1.3167212212643575,0.387311382231542,0.0,1,1,0,2,1,0,0,0,0,1,42
-0.40079686069981474,0.21138038935820005,-0.5082147842175256,71.3,1,0,0,1,1,1,1,0,0,0,0
-0.6123616777244595,-1.4925939364934466,0.5501343215859179,0.0,1,1,0,1,1,0,1,0,0,0,46
-0.729673414386367,1.0376503156231662,-1.0373893371192475,96.2,0,1,0,4,0,1,1,0,0,0,0
-0.22486216530205208,-1.3200395743818876,1.5270719577121736,0.0,2,0,0,2,2,0,1,0,0,1,70
1.8294425196803783,1.2433882089100254,1.3642490183577978,102.4,2,0,1,5,2,1,0,1,1,0,66
-0.3775407468300519,0.858459247276547,-0.6710377235719016,90.8,1,0,1,4,1,1,1,1,0,1,0
-0.7666637992773294,-1.3167212212643575,-0.4268033145403377,0.0,1,0,0,2,1,0,0,0,0,1,22
-0.9798082768667127,0.1566275629189556,-1.2816237461508113,69.65,0,1,0,1,0,1,0,1,0,0,0
-0.9740161881293379,-1.1342117998002084,-1.2002122764736234,0.0,0,1,1,1,0,0,0,1,0,1,0
-0.7555184164038959,-0.30960105009400735,-0.8745663977648716,0.0,0,1,1,3,0,0,0,1,1,0,0
-0.9924236216545558,-1.4909347599346818,-1.2409180113122174,0.0,0,0,0,1,0,0,0,1,0,0,0
-0.2970438772185802,0.9596690173612115,-0.6303319887333076,93.85,1,1,1,4,1,1,1,0,1,0,0
-0.9796108192961204,0.17156015194784016,-1.2816237461508113,70.1,0,1,0,1,0,1,0,1,0,0,0
-1.001506669901803,-1.4842980536996218,-1.2816237461508113,0.0,0,0,0,1,0,0,1,0,0,0,0
-0.9910633583904753,-0.6945300117274855,-1.2816237461508113,0.0,0,1,0,1,0,0,1,0,0,0,0
-0.28954048953607187,-1.3349721634107725,1.2828375486806096,0.0,2,0,0,2,2,0,0,0,0,0,0
-0.9447485882215418,0.4519609903791239,-1.2409180113122174,78.55,0,1,1,3,0,1,0,1,0,0,0
-0.9751351143626943,0.5100321699358986,-1.2816237461508113,80.3,0,1,1,3,0,1,1,1,1,1,0
0.7239434011241411,-0.3693314062095472,1.6084834273893616,0.0,2,0,2,4,2,0,0,1,1,1,72
2.760806000704249,1.726208587510638,1.6084834273893616,116.95,2,0,4,8,2,1,1,1,2,1,72
1.0202175159328937,0.0968972068034155,1.4049547531963917,0.0,2,0,3,5,2,0,1,0,2,1,67
1.327966109566067,0.2827249813850949,1.6084834273893616,0.0,2,0,1,5,2,0,1,1,0,1,72
2.0973705032440995,1.455762808431944,1.3235432835192036,108.8,2,0,2,6,2,1,0,1,0,1,0
-0.3227791805857801,-1.4992306427285067,1.6084834273893616,0.0,2,0,0,1,2,0,0,1,0,0,72
-0.18931980259543335,0.8120023036311275,-0.5082147842175256,89.4,1,0,2,4,1,1,0,1,1,0,0
-0.9417647849325912,0.7273842991341125,-1.2409180113122174,86.85,0,0,0,3,0,1,1,1,0,1,0
2.036838787992518,1.1421784388253606,1.5270719577121736,99.35,2,0,3,6,2,1,1,1,1,1,70
0.29883919136892867,-0.6679831867872458,1.4456604880349857,0.0,2,0,2,3,2,0,1,0,1,1,0
0.8147738835966112,0.7721820662207676,0.6722515261016999,88.2,2,1,3,5,2,1,1,1,1,1,0
0.6546357938462347,-0.3593763468569571,1.4456604880349857,0.0,2,0,2,4,2,0,1,1,1,1,68
-0.7361017552956506,-1.5008898192872717,-0.10115743583158582,0.0,1,0,0,1,1,0,1,0,0,0,0
-0.1095030646160019,-0.019245152310133944,0.06166550352279012,0.0,1,1,2,4,1,0,0,0,1,0,0
1.5551081349374396,1.1388600857078308,1.0386031396490458,99.25,2,0,2,5,2,1,0,0,1,1,0
-0.9069025538580127,-1.456092052200617,-0.8338606629262776,0.0,0,0,0,1,0,0,1,0,0,0,0
-0.551171770570904,-0.3295111687991873,-0.5489205190561197,0.0,1,0,2,3,1,0,1,1,1,0,0
-0.01897973836445335,0.8169798333074222,-0.3453918448631497,89.55,1,1,1,4,1,1,0,1,1,0,0
-0.17012253878784608,0.9878750188602166,-0.4268033145403377,94.7,1,0,1,4,1,1,1,1,0,1,0
1.435799882839543,0.9596690173612115,1.0793088744876398,93.85,2,0,0,4,2,1,1,1,0,1,0
-0.7617931792027187,-1.3167212212643575,-0.4268033145403377,0.0,1,0,0,2,1,0,1,0,0,0,22
0.2883739401275354,-0.3610355234157222,0.9571916699718578,0.0,2,0,2,4,2,0,1,1,1,1,0
0.2612344940361233,0.8634367769528422,-0.019745966154397852,90.95,1,1,0,3,1,1,0,0,0,0,0
-1.0019454645031192,-1.5174815848749215,-1.2816237461508113,0.0,0,1,0,1,0,0,1,0,0,0,0
2.4335091075824358,1.3661672742586346,1.6084834273893616,106.1,2,0,2,6,2,1,1,1,1,1,0
1.299554159130838,0.3706613389996392,1.5270719577121736,0.0,2,0,3,6,2,0,1,0,1,1,70
-0.230654254039427,1.1587702044130104,-0.5896262538947137,99.85,1,0,1,5,1,1,0,1,1,0,0
1.4190159893391954,0.47187110908430413,1.5270719577121736,0.0,2,0,4,7,2,0,1,0,2,1,70
1.1893070155501224,0.3374778078243394,1.3642490183577978,0.0,2,1,4,6,2,0,1,1,2,1,0
-0.2284383413027798,-1.0197286172454239,0.7536629957788878,0.0,2,0,2,2,2,0,0,0,2,1,51
-0.9494436904556262,-1.4959122896109767,-1.0780950719578415,0.0,0,0,0,1,0,0,1,0,0,1,0
-0.9240374830394135,0.9596690173612115,-1.2409180113122174,93.85,0,1,0,4,0,1,1,1,0,0,0
0.42014395890281436,-0.4771778825292717,1.4049547531963917,0.0,2,0,1,2,2,0,1,0,1,0,67
-0.9378814527109421,-0.3178969328878323,-1.2002122764736234,0.0,0,1,2,3,0,0,0,0,1,0,0
-0.4157597566047,-1.4942531130522119,1.5677776925507676,0.0,2,0,0,1,2,0,1,1,0,0,71
-0.5948537731319398,-0.29300928450635744,-0.6303319887333076,0.0,1,0,2,3,1,0,1,0,1,0,0
1.0695160893907778,1.1919537355883103,0.5094285867473239,100.85,1,0,1,5,1,1,1,1,0,0,0
-0.946745103657531,-1.4992306427285067,-0.9966836022806536,0.0,0,0,0,1,0,0,0,1,0,1,0
1.720599518823875,0.6908824148412829,1.5677776925507676,0.0,2,0,4,8,2,0,0,0,2,1,71
1.518381026807267,0.7141108866639929,1.4456604880349857,86.45,2,0,2,4,2,1,0,0,0,1,0
-0.9471180790686498,0.5216464058472539,-1.2409180113122174,80.65,0,1,0,2,0,1,0,1,0,0,0
-0.6534986715978607,-1.497571466169742,0.18378270803857208,0.0,1,0,0,1,1,0,0,0,0,0,37
0.1670033534034521,0.7871146552496526,-0.06045170099299184,88.65,1,0,1,4,1,1,1,0,0,1,0
1.8631419450614684,1.2798900932028552,1.2828375486806096,103.5,2,0,2,6,2,1,1,1,1,0,0
0.8474640813946741,0.5316014651998437,0.7943687306174818,0.0,2,0,2,6,2,0,0,1,1,0,52
0.5385526820680127,0.010620025747636104,0.8757802002946699,0.0,2,0,2,4,2,0,1,0,1,0,0
0.4066729646424046,0.30595345320780487,0.387311382231542,74.15,1,0,1,2,1,1,0,1,1,1,0
-0.7778969410710262,-1.5108448786398618,-0.22327464034736777,0.0,1,1,0,1,1,0,1,1,0,0,0
-0.8459101042750498,0.5233055824060188,-1.1188008067964355,80.7,0,1,2,3,0,1,0,0,1,0,0
1.603463300002494,0.6394479415195682,1.5677776925507676,0.0,2,0,3,7,2,0,1,0,1,1,71
-0.7331179520066998,0.8103431270723621,-1.0373893371192475,89.35,0,0,1,4,0,1,1,1,0,0,0
-0.9620809749735348,-1.1873054496806883,-1.1595065416350294,0.0,0,0,1,1,0,0,0,1,1,0,0
-0.7723681290944411,-0.1669118660402181,-0.9559778674420595,0.0,0,0,0,3,0,0,1,0,0,0,0
2.379910347031652,1.4507852787556494,1.6084834273893616,108.65,2,0,4,7,2,1,0,1,2,1,72
1.2496632129611769,0.6643355899010431,1.2014260790034217,0.0,2,1,3,7,2,0,0,1,2,1,62
-0.296714781267593,-1.3615189883510124,1.5677776925507676,0.0,2,0,0,2,2,0,1,0,0,1,71
-0.49329476265728667,0.8302532457775423,-0.7524491932490895,89.95,1,1,1,4,1,1,1,1,1,0,0
-0.9576052700401089,0.17985603474166512,-1.2409180113122174,70.35,0,1,0,1,0,1,0,1,0,1,0
1.1599297169919975,1.2915043291142099,0.631545791263106,103.85,1,1,2,6,1,1,0,1,1,0,0
2.584498329895368,1.5868377565743785,1.6084834273893616,112.75,2,0,4,8,2,1,0,1,2,0,72
-0.7426178551251973,-0.994840968863949,-0.5489205190561197,0.0,1,0,2,2,1,0,1,1,1,1,0
-0.6116157269022218,-0.48547376532309666,-0.5896262538947137,0.0,1,0,1,2,1,0,0,1,1,1,0
0.8764245250815486,0.5199872292884885,0.8757802002946699,0.0,2,1,3,6,2,0,0,0,2,0,54
0.5892553982501089,1.4142833944628193,0.020959768684196134,107.55,1,1,2,6,1,1,0,0,0,0,0
-0.7983008900322333,0.45527934349665417,-1.0780950719578415,0.0,0,0,3,6,0,0,1,0,2,0,0
0.21053177785402724,-0.49874717779321653,0.9978974048104517,0.0,2,0,3,4,2,0,0,1,2,1,0
-0.8498592556868962,-1.4743429943470319,-0.6303319887333076,0.0,1,0,0,1,1,0,1,1,0,0,0
-0.977767881970592,0.3109309828840996,-1.2816237461508113,74.3,0,0,1,2,0,1,0,1,0,0,0
-1.0014408507116053,-1.4793205240233267,-1.2816237461508113,0.0,0,0,0,1,0,0,0,0,0,1,1
-0.49673930027761953,-1.5042081724048018,0.9978974048104517,0.0,2,0,0,1,2,0,1,1,0,0,57
-1.001726067202461,-1.5008898192872717,-1.2816237461508113,0.0,0,0,0,1,0,0,1,0,0,0,0
0.514199581694959,0.8169798333074222,0.26519417771576004,89.55,1,1,3,5,1,1,0,1,1,1,0
-0.057681422200549205,0.11017061927353564,0.020959768684196134,68.25,1,1,0,1,1,1,1,0,0,0,0
1.5399039020018306,1.0111034906829266,1.1200146093262338,95.4,2,0,2,5,2,1,1,1,1,1,0
-0.03139762558170397,0.9364405455385019,-0.3453918448631497,93.15,1,1,1,4,1,1,1,1,0,1,0
0.13194366475828145,0.5033954637008385,0.020959768684196134,80.1,1,0,1,3,1,1,1,0,1,0,0
2.1469104137327073,1.3479163321122196,1.5270719577121736,105.55,2,0,2,6,2,1,0,1,1,1,0
0.49919280632994234,0.9978300782128064,0.14307697319997809,95.0,1,0,0,4,1,1,1,1,0,1,0
2.5016539091668544,1.4458077490793544,1.6084834273893616,108.5,2,0,3,7,2,1,0,1,1,1,0
-0.9756177884241423,0.473530285643069,-1.2816237461508113,79.2,0,1,0,2,0,1,0,1,0,0,0
-0.939790209226668,-0.49045129499939155,-1.2002122764736234,0.0,0,0,1,2,0,0,1,1,1,0,0
-1.001594428822066,-1.4909347599346818,-1.2816237461508113,0.0,0,1,0,1,0,0,0,0,0,1,0
0.8658056957296947,0.3955489873811141,0.9571916699718578,76.85,2,0,1,3,2,1,0,1,1,1,0
1.7423637310491622,1.0077851375653963,1.3642490183577978,95.3,2,1,2,5,2,1,1,0,0,1,0
1.5846390116060254,1.326347036848275,0.9978974048104517,104.9,2,0,2,6,2,1,1,1,1,0,0
1.1656779262692407,0.6477438243133932,1.2014260790034217,84.45,2,1,0,3,2,1,0,0,0,0,0
-0.9363676113364009,-1.5108448786398618,-1.0373893371192475,0.0,0,0,0,1,0,0,1,1,0,0,0
-0.4661553165658748,-0.3577171702981922,-0.3453918448631497,0.0,1,0,2,4,1,0,0,1,0,0,0
-0.4583008932023133,-1.4925939364934466,1.1200146093262338,0.0,2,0,0,1,2,0,1,0,0,1,60
0.7510389677554214,-0.045791977250373726,1.2421318138420157,0.0,2,0,4,5,2,0,0,0,2,1,63
1.4805130527136718,1.2848676228791502,0.9164859351332638,103.65,2,0,2,6,2,1,0,1,0,1,0
2.2663283644809327,1.5022197520773641,1.4456604880349857,110.2,2,1,3,7,2,1,1,1,1,1,68
-0.7974671802897323,-1.466047111553207,-0.38609757970174374,0.0,1,1,0,1,1,0,1,1,0,1,0
-0.10270174829559954,0.33084110158927976,-0.1825689055087738,74.9,1,0,1,2,1,1,1,1,1,0,0
1.6089262927888817,0.6460846477546283,1.5677776925507676,0.0,2,0,4,7,2,0,0,1,2,1,71
-0.4846724487414218,-1.4892755833759168,1.2828375486806096,0.0,2,0,0,1,2,0,1,1,0,0,64
-0.414223975500093,0.427073341997649,-0.5896262538947137,77.8,1,1,2,3,1,1,0,0,0,0,0
-0.7678704844309492,0.8236165395424823,-1.0780950719578415,89.75,0,1,1,4,0,1,0,1,0,0,0
-0.6828101509657882,0.667653943018573,-0.9559778674420595,85.05,0,1,0,3,0,1,1,1,0,0,0
-0.30270432757556026,0.8352307754538371,-0.5896262538947137,90.1,1,1,1,4,1,1,0,1,1,0,0
1.0897445205114586,0.4950995809070136,1.0793088744876398,0.0,2,0,4,7,2,0,0,0,2,0,0
-1.001506669901803,-1.4842980536996218,-1.2816237461508113,0.0,0,0,0,1,0,0,1,1,0,0,0
2.131267386195782,1.1786803231181906,1.5677776925507676,100.45,2,1,3,6,2,1,0,0,2,1,71
-0.5947001950214792,0.4370284013502389,-0.8338606629262776,78.1,0,0,0,2,0,1,0,0,0,0,0
-0.3134547953078092,1.0525829046520514,-0.6303319887333076,96.65,1,0,1,4,1,1,1,1,0,1,0
-0.5909923806403565,-1.3299946337344775,0.22448844287716607,0.0,1,1,0,0,1,0,1,1,0,1,0
-0.8261204677556854,-1.4859572302583868,-0.4268033145403377,0.0,1,0,0,1,1,0,1,0,0,1,0
-0.9467670433875969,-1.5141632317573919,-1.0373893371192475,0.0,0,0,0,1,0,0,0,0,0,0,0
1.282309531299108,0.20474368312314,1.5677776925507676,0.0,2,0,4,6,2,0,0,0,2,1,71
0.724667412216313,0.8866652487755522,0.428017117070136,91.65,1,1,2,4,1,1,0,1,0,0,0
-0.8423997474645195,-1.3216987509406526,-0.6303319887333076,0.0,1,0,0,0,1,0,1,0,0,0,0
-0.80198676468329,0.6444254711958629,-1.0780950719578415,84.35,0,1,0,3,0,1,0,1,0,1,0
-0.6643368982503729,0.7788187724558276,-0.9559778674420595,88.4,0,0,0,3,0,1,0,1,0,0,0
2.018672691498024,1.3512346852297499,1.2828375486806096,105.65,2,0,2,6,2,1,1,1,1,0,0
1.514124719174499,0.4785078153193637,1.6084834273893616,0.0,2,0,3,6,2,0,1,1,2,1,72
0.05743634145477694,0.8285940692187774,-0.1825689055087738,89.9,1,0,2,4,1,1,0,0,0,1,0
-0.8280292242714113,0.5199872292884885,-1.1188008067964355,80.6,0,1,0,2,0,1,1,1,0,0,0
1.6211247827054742,0.642766294637098,1.6084834273893616,0.0,2,0,3,7,2,0,1,0,2,0,72
-1.0017918863926583,-1.5058673489635668,-1.2816237461508113,0.0,0,0,0,1,0,0,0,0,0,0,0
-0.37001541941747773,-1.1773503903280982,0.7536629957788878,0.0,2,0,1,1,2,0,1,1,0,1,0
0.48951738537091827,1.0144218438004564,0.1023712383613841,95.5,1,1,2,5,1,1,1,0,1,0,0
-0.9462843693261488,0.5067138168183688,-1.2409180113122174,80.2,0,1,0,2,0,1,0,1,0,0,0
-0.8222590752641021,-0.6530505977583607,-0.9152721326034655,0.0,0,0,0,1,0,0,0,0,0,0,0
0.1174195634547124,0.5681033494926734,-0.10115743583158582,82.05,1,0,2,3,1,1,1,0,0,1,0
-0.0584493127528527,-0.4887921184406264,0.428017117070136,0.0,1,0,1,2,1,0,0,0,0,1,0
0.5375215147549194,1.1720436168831305,0.1023712383613841,100.25,1,1,1,5,1,1,0,1,0,0,0
-0.7903806474784745,-1.5191407614336867,-0.22327464034736777,0.0,1,0,0,1,1,0,0,0,0,0,0
1.1490256711492879,0.858459247276547,0.8350744654560759,90.8,2,1,3,5,2,1,0,0,1,0,0
-0.15739749534967395,0.18649274097672516,-0.22327464034736777,70.55,1,1,0,1,1,1,1,1,0,1,0
2.54816613690638,1.4706953974608292,1.6084834273893616,109.25,2,1,3,7,2,1,0,1,1,1,0
-0.9809930222902667,-1.3333129868520075,-1.2002122764736234,0.0,0,1,0,0,0,0,1,0,0,0,0
0.7192263591599911,0.7406577116042327,0.5094285867473239,87.25,1,1,2,4,1,1,0,1,1,0,0
1.7552642923278612,0.9679649001550363,1.4049547531963917,94.1,2,0,2,5,2,1,0,0,1,1,67
1.1945725507659177,1.1438376153841259,0.6722515261016999,99.4,2,1,2,5,2,1,0,0,0,1,0
-0.9966799292873237,-1.5025489958460367,-1.2409180113122174,0.0,0,1,0,1,0,0,1,1,0,0,0
-0.9905806843290275,-0.6580281274346557,-1.2816237461508113,0.0,0,0,0,1,0,0,1,1,0,0,0
0.3681906781069667,0.5614666432576133,0.22448844287716607,81.85,1,0,1,3,1,1,1,1,0,0,0
-0.8754848604037669,1.0011484313303363,-1.2002122764736234,95.1,0,1,1,4,0,1,0,1,0,0,0
-0.7484099438625722,-0.6430955384057709,-0.7931549280876836,0.0,1,0,2,3,1,0,1,1,2,0,0
0.040849905525021456,1.0028076078891015,-0.30468611002455576,95.15,1,1,1,4,1,1,0,1,1,1,0
1.2857979483795723,1.309755271260625,0.7129572609402939,104.4,2,0,2,6,2,1,0,1,1,1,0
-0.9531076253766171,-0.180185278510338,-1.2409180113122174,0.0,0,0,3,4,0,0,1,0,2,1,2
-0.4482744365622363,0.7190884163402875,-0.6710377235719016,86.6,1,1,0,3,1,1,1,1,0,0,0
1.9156656588390273,1.495583045842304,1.1200146093262338,110.0,2,0,4,7,2,1,0,1,2,1,60
2.202703147290072,1.3545530383472797,1.4456604880349857,105.75,2,0,3,6,2,1,1,0,1,1,0
-0.35206872022364183,-1.044616265626899,0.428017117070136,0.0,1,0,2,2,1,0,0,1,1,0,0
-0.5377665955006917,0.05873614595182097,-0.6303319887333076,0.0,1,0,3,5,1,0,1,1,1,1,0
0.9701949313828376,0.5100321699358986,0.9571916699718578,80.3,2,0,2,3,2,1,0,0,1,1,56
-0.9927746573356089,-0.8239457833111549,-1.2816237461508113,0.0,0,1,1,2,0,0,0,0,1,1,0
2.7950539193369854,1.7859389436261777,1.6084834273893616,118.75,2,0,4,8,2,1,0,1,2,1,72
-0.8697585908565896,-1.4942531130522119,-0.7117434584104956,0.0,1,0,0,1,1,0,0,0,0,0,0
-0.692990185716326,-1.3134028681468275,-0.10115743583158582,0.0,1,0,0,2,1,0,1,0,0,0,0
-0.6374387891896848,-0.8538109613689248,-0.4268033145403377,0.0,1,1,1,2,1,0,0,0,0,1,0
1.141588102656977,1.2467065620275553,0.631545791263106,102.5,1,0,3,6,1,1,0,1,2,0,48
-0.8604780850387502,0.14667250356636527,-1.1188008067964355,69.35,0,1,0,1,0,1,0,1,0,1,0
-0.8354887324937881,-1.4743429943470319,-0.5489205190561197,0.0,1,0,0,1,1,0,0,0,0,0,19
-0.33186222883302713,-0.3527396406218973,-0.1825689055087738,0.0,1,0,2,3,1,0,0,0,2,0,0
0.5310712341155701,0.012279202306401001,0.8757802002946699,0.0,2,0,2,4,2,0,1,1,1,0,54
-0.2501147946078041,0.16824179883031035,-0.3453918448631497,70.0,1,0,0,1,1,1,1,0,0,0,0
-0.6684615675027459,-1.5125040551986266,0.26519417771576004,0.0,1,0,0,1,1,0,1,0,0,0,0
-0.7717538166525983,-1.5058673489635668,-0.1825689055087738,0.0,1,0,0,1,1,0,0,1,0,1,0
-0.41385100008897413,0.2860433345026247,-0.5896262538947137,73.55,1,1,1,2,1,1,0,1,0,0,0
0.3463825864215476,0.9430772517735615,0.020959768684196134,93.35,1,1,2,5,1,1,1,1,0,1,0
0.5966052078221566,0.6693131195773377,0.428017117070136,0.0,1,0,3,7,1,0,0,0,1,0,0
1.4356243649990166,0.4187774592038241,1.5677776925507676,0.0,2,0,2,5,2,0,0,0,1,1,71
-0.7981253721917068,-0.6928708351687206,-0.8745663977648716,0.0,0,1,0,1,0,0,0,1,0,1,0
-0.6597734343966836,-0.5136797668221014,-0.6710377235719016,0.0,1,0,1,2,1,0,1,1,1,0,0
-0.8973368315493179,0.3706613389996392,-1.2002122764736234,76.1,0,1,0,2,0,1,0,0,0,0,0
0.8475518403149372,0.07698708809823579,1.2421318138420157,0.0,2,0,2,5,2,0,1,0,1,1,63
-0.8339968308493126,-1.4826388771408567,-0.5896262538947137,0.0,1,0,0,1,1,0,0,1,0,1,0
2.178328107186953,1.543699166046489,1.2828375486806096,111.45,2,1,3,7,2,1,0,1,1,1,0
0.3260883361106697,-0.33282952191671733,0.8350744654560759,0.0,2,0,2,4,2,0,1,0,1,0,0
-0.5513034089512989,-1.4859572302583868,0.590840056424512,0.0,1,0,0,1,1,0,0,0,0,0,47
-0.26158927343222477,0.1781968581829002,-0.3453918448631497,0.0,1,0,3,5,1,0,1,1,2,1,0
-0.6241433127698015,-0.82560495986992,-0.4268033145403377,0.0,1,0,1,2,1,0,1,0,1,1,0
-1.0016383082821976,-1.4942531130522119,-1.2816237461508113,0.0,0,0,0,1,0,0,1,0,0,1,0
-0.518503512502907,1.127245849796476,-0.8338606629262776,98.9,0,0,2,5,0,1,0,1,2,0,0
0.3931580909218631,0.34079616094186965,0.428017117070136,75.2,1,1,1,2,1,1,1,1,1,0,0
-0.23745557035982934,0.7887738318084175,-0.5082147842175256,88.7,1,1,1,4,1,1,1,1,0,0,0
0.06035432555353024,1.2052271480584305,-0.3453918448631497,101.25,1,1,1,5,1,1,1,1,0,0,0
-0.5993514177954317,-1.4925939364934466,0.631545791263106,0.0,1,0,0,1,1,0,0,0,0,0,0
0.8604085221335044,0.19312944721178524,1.2014260790034217,0.0,2,0,3,5,2,0,0,1,2,1,0
-0.5990003821143787,-0.30130516730018236,-0.6303319887333076,0.0,1,0,1,3,1,0,0,1,0,0,0
-0.7125384852049662,-1.1474852122703283,-0.38609757970174374,0.0,1,0,1,1,1,0,1,1,1,1,0
1.6473646998641875,0.903257014363202,1.3642490183577978,92.15,2,0,1,4,2,1,0,1,0,0,0
-0.3658249309749072,-1.3266762806169474,0.9571916699718578,0.0,2,0,0,2,2,0,0,1,0,1,56
-0.31165573744241243,0.5797175854040286,-0.5082147842175256,82.4,1,1,1,3,1,1,0,0,1,1,0
0.0,-1.4959122896109767,-1.3223294809894055,0.0,0,0,0,1,0,0,1,0,0,1,0
-0.7808149251697795,0.4768486387605988,-1.0373893371192475,79.3,0,1,0,2,0,1,0,1,0,0,0
-0.8189681157542301,-0.634799655611946,-0.9152721326034655,0.0,0,0,0,1,0,0,1,1,0,0,0
-0.17578298914482615,0.46689357940800896,-0.30468611002455576,0.0,1,0,3,6,1,0,1,1,2,0,0
-0.23115886783094075,0.7721820662207676,-0.5489205190561197,88.2,1,1,1,4,1,1,1,1,0,0,0
-0.9865437739969175,-0.3527396406218973,-1.2816237461508113,0.0,0,1,1,3,0,0,1,0,0,0,0
-0.617956308891242,-1.3266762806169474,0.06166550352279012,0.0,1,0,0,2,1,0,0,0,0,1,34
-0.5224965433748853,0.4917812277894838,-0.7117434584104956,79.75,1,1,1,3,1,1,0,1,0,0,0
2.6342795774146994,1.6465681126899183,1.6084834273893616,114.55,2,0,4,8,2,1,1,0,2,1,72
0.4262212641310448,-0.16359351292268806,0.8757802002946699,0.0,2,0,2,4,2,0,0,0,2,1,54
0.35518041817793916,-0.2697808126836477,0.9164859351332638,0.0,2,0,3,4,2,0,0,0,2,1,55
-0.023477383027945223,1.1206091435614158,-0.38609757970174374,98.7,1,0,1,5,1,1,0,1,0,0,0
1.9960967092603012,1.1703844403243657,1.4456604880349857,100.2,2,1,1,5,2,1,0,1,0,1,0
-0.038330580282501275,0.3673429858821094,-0.1418631706701798,76.0,1,0,0,2,1,1,0,1,0,0,0
-0.669273337515181,-1.4859572302583868,0.30589991255435406,0.0,1,0,0,1,1,0,0,0,0,1,40
-0.608039550901494,0.6494030008721581,-0.8338606629262776,84.5,0,1,2,4,0,1,0,1,0,1,0
-0.7909291407301198,1.0492645515345211,-1.1188008067964355,96.55,0,1,2,5,0,1,1,0,0,0,0
-0.7734870553277976,-0.21336880968563784,-0.9559778674420595,0.0,0,0,3,5,0,0,0,0,2,0,0
1.88163713750695,1.313073624378155,1.2421318138420157,104.5,2,0,4,7,2,1,1,0,2,0,0
-0.9878820975309323,-0.4539494107065617,-1.2816237461508113,0.0,0,0,1,2,0,0,1,0,1,0,0
0.01737439435460045,-0.3112602266527725,0.428017117070136,0.0,1,0,2,4,1,0,0,0,0,1,0
2.3717268277171035,1.4706953974608292,1.5677776925507676,109.25,2,1,3,7,2,1,0,0,1,1,71
-0.9751131746326286,-0.626503772818121,-1.2409180113122174,0.0,0,0,0,1,0,0,1,0,0,0,0
0.15691107757317765,1.2566616213801451,-0.30468611002455576,102.8,1,0,2,6,1,1,0,1,1,0,0
-0.7985202873328915,-1.477661347464562,-0.3453918448631497,0.0,1,0,0,1,1,0,0,0,0,1,0
-0.9624100709245221,-1.469365464670737,-1.0780950719578415,0.0,0,0,0,1,0,0,1,0,0,0,0
